      0.333985631686; 7;9
      0.297498078454; 3;7
      0.297436312017; 0;1
      0.282670463595; 8;9
      0.281360315757; 9;10
      0.273329882630; 7;8
      0.266010836824; 2;5
      0.264234844026; 3;9
      0.256104178929; 2;4
      0.243426290351; 3;6;7
      0.242856787581; 7;8;9
      0.242525326317; 7;10
      0.239609955226; 3;7;8
      0.235762554380; 0;3;7
      0.234616483154; 3;8;9
      0.234448934566; 3;7;9
      0.233587584622; 3;7;8;9
      0.232909475941; 0;3;9
      0.232036284319; 3;6
      0.229538133493; 6;7;9
      0.229047269699; 3;6;9
      0.228975711035; 7;9;10
      0.228531858027; 0;7;9
      0.227547554219; 8;9;10
      0.226539417651; 0;3
      0.224696554751; 0;3;6
      0.223844270312; 2;4;5
      0.223005011326; 2;7;9
      0.221703864996; 3;5;9
      0.221571755012; 2;3
      0.220510057819; 3;8
      0.220263128401; 3;9;10
      0.220079584509; 2;4;7
      0.219868778756; 0;3;7;9
      0.219044117083; 0;1;3
      0.217940408017; 3;7;10
      0.216572035488; 0;7;8
      0.215837553431; 2;3;6
      0.215266669174; 0;3;8
      0.213707766510; 2;3;4
      0.213591854106; 0;1;5
      0.213440874763; 0;1;3;6
      0.213180313679; 2;9
      0.212360618762; 3;5;7
      0.212122633829; 2;4;9
      0.211982723401; 0;7
      0.211319589578; 3;6;7;9
      0.210579965239; 1;3;7
      0.209536491722; 3;5;7;9
      0.209070131423; 2;3;9
      0.208150538379; 2;6
      0.207752305242; 3;7;9;10
      0.206791985644; 2;5;7
      0.206650767192; 3;4;7
      0.206443617353; 8;10
      0.205152499085; 0;1;4
      0.204925353782; 0;1;7
      0.204438907786; 2;5;6
      0.204329708319; 0;1;9
      0.204220860559; 1;7;8
      0.203801614012; 2;4;8
      0.203065783435; 2;3;7
      0.202720977738; 2;7
      0.202008100493; 6;8;9
      0.201716307893; 2;9;10
      0.201636044016; 0;3;6;8
      0.201554306379; 0;3;7;8
      0.201102627322; 3;6;8;9
      0.200369090876; 2;5;8
      0.200326390890; 0;7;8;9
      0.200226698551; 2;3;4;7
      0.200124558840; 0;3;6;9
      0.199909048807; 2;3;6;7
      0.199685270130; 0;1;6
      0.199591828307; 2;3;6;9
      0.199337383740; 0;3;6;7
      0.199089476215; 2;3;5
      0.199024556174; 0;1;10
      0.198573366347; 0;1;3;7
      0.198554580003; 2;3;8
      0.198477177273; 0;2;3;9
      0.198303592142; 1;3;6
      0.198212246894; 3;6;8
      0.198073196539; 0;3;5
      0.197859977473; 0;1;7;9
      0.197837816275; 0;6;7
      0.197829847446; 5;7;9
      0.197479376270; 0;1;3;9
      0.197001229324; 3;4;8
      0.196489707586; 2;4;5;7
      0.196375119788; 0;8;9
      0.196221630864; 3;4;8;9
      0.196162443532; 3;6;7;8;9
      0.196151804485; 5;8;9
      0.196005457062; 0;2;3;6
      0.195459644592; 4;7;9
      0.195363384176; 7;8;10
      0.195349654209; 1;2;5
      0.195327123996; 0;2;7
      0.195288786907; 3;5;7;8
      0.194647731438; 0;3;5;9
      0.194538306681; 3;4;7;9
      0.194479769914; 3;6;9;10
      0.194131125468; 3;8;9;10
      0.193973718189; 2;3;4;9
      0.193922443580; 0;1;8
      0.193898925142; 0;3;6;10
      0.193793449187; 5;7;8
      0.193680634712; 6;9;10
      0.193602645254; 3;4;7;8;9
      0.193590614227; 0;1;7;8
      0.193412597018; 2;4;6
      0.193362566722; 0;1;3;8
      0.193217216070; 2;3;7;9
      0.193062426406; 2;3;8;9
      0.192743545933; 4;8;9
      0.192429193181; 0;3;5;6
      0.192229835494; 2;6;7
      0.191848447644; 1;3;6;7
      0.191830233299; 1;3;9
      0.191732239287; 2;4;7;9
      0.191650152766; 3;7;8;9;10
      0.191606053562; 7;8;9;10
      0.191367589029; 0;1;2;3
      0.191108502811; 1;3;7;9
      0.191003479976; 3;6;7;9;10
      0.190746685238; 6;7;8
      0.190692851859; 2;3;4;6;9
      0.190582493381; 2;4;8;9
      0.190542330106; 3;4;9
      0.189923198378; 0;5;7
      0.189785720978; 0;2;3;7
      0.189629691513; 1;2;6
      0.189534459605; 0;1;2
      0.189504105452; 0;2;4
      0.189145603092; 2;3;4;8
      0.189067634139; 0;3;7;10
      0.189063884277; 0;3;7;8;9
      0.189027789883; 2;8;9
      0.188754060117; 0;1;2;4
      0.188699122073; 3;7;8;10
      0.188603073778; 1;2;4
      0.188565526130; 0;2;3;5
      0.188342665531; 0;1;2;5
      0.188064503378; 2;3;5;6
      0.187991071284; 2;7;8
      0.187817132368; 0;2;3
      0.187771511798; 3;6;7;10
      0.187569992538; 2;5;9
      0.187434981007; 1;8;9
      0.187360297791; 2;5;10
      0.187325173782; 2;6;7;9
      0.187121573454; 3;5;6
      0.186518248109; 2;5;8;9
      0.186262918694; 0;5;7;9
      0.186149535471; 2;3;4;5
      0.185439431387; 0;1;5;7
      0.185237331284; 0;3;4;6
      0.185181809226; 2;3;4;6
      0.184784943598; 2;3;5;7
      0.184759290730; 0;3;4
      0.184753062693; 1;7;9
      0.184476919882; 0;1;3;7;8
      0.184409443719; 2;4;7;8;9
      0.184229705183; 0;3;6;8;9
      0.184129274694; 1;3;6;9
      0.184047310781; 0;1;3;5
      0.183896974075; 3;8;10
      0.183720909819; 0;1;3;7;9
      0.183712085974; 1;3;8;9
      0.183677230511; 3;4;6;7
      0.183639702334; 2;4;6;7
      0.183632967490; 5;6
      0.183631825325; 3;4;7;8
      0.183511912356; 0;2;4;7
      0.183410182268; 3;5;6;9
      0.183329458445; 3;5;7;8;9
      0.183164653604; 0;3;7;9;10
      0.183070112987; 1;2;3;9
      0.183001248783; 6;7;8;9
      0.182905074193; 2;7;8;9
      0.182898356852; 2;4;5;8
      0.182859746530; 2;3;4;7;9
      0.182541816323; 2;3;5;7;9
      0.182527335909; 0;3;5;7
      0.182516295918; 0;2;3;4
      0.182418049867; 0;3;6;7;9
      0.182281642899; 0;2;7;9
      0.182220566913; 2;4;7;8
      0.182183286825; 2;3;6;7;9
      0.182164484285; 1;7;8;9
      0.182107941167; 0;2;4;7;9
      0.181964514176; 0;3;8;9
      0.181847557110; 2;3;7;8
      0.181806108345; 0;3;4;6;7
      0.181576913755; 4;5
      0.181429617478; 3;4;6;9
      0.181385860773; 1;2;3
      0.181279184691; 6;7;9;10
      0.181174087069; 1;3;5;7
      0.181058739007; 0;2;3;4;9
      0.181002598783; 2;5;7;8;9
      0.180854841927; 2;3;10
      0.180801215254; 2;3;4;8;9
      0.180757637785; 1;3;8
      0.180730894902; 0;1;3;8;9
      0.180440906670; 0;1;3;6;8
      0.180405304551; 3;6;7;8
      0.180393775248; 0;1;3;5;6
      0.180376146932; 2;3;7;8;9
      0.180331477592; 2;3;6;7;9;10
      0.180296748091; 0;3;5;7;8;9
      0.180189943525; 2;3;5;6;7
      0.179571788859; 0;2;6;7
      0.179570440149; 2;3;4;5;7
      0.179547340008; 0;3;4;7
      0.179539432704; 1;5;7;9
      0.179471014419; 2;4;5;9
      0.179469621694; 0;3;6;7;8
      0.179400211545; 2;4;10
      0.179383800093; 2;5;7;9
      0.179329724951; 0;2;8;9
      0.179312468852; 2;3;5;9
      0.179158508944; 1;3;6;7;9
      0.179082006761; 0;3;5;6;7;9
      0.178969759123; 0;3;4;9
      0.178966661772; 0;1;2;3;5
      0.178913255092; 0;2;3;7;9
      0.178875111912; 2;6;7;8
      0.178788468835; 5;6;7;9
      0.178731145468; 0;2;3;8
      0.178620468133; 0;3;5;8
      0.178562596700; 0;3;6;9;10
      0.178485434095; 3;5;7;9;10
      0.178325684789; 3;5;6;7
      0.178273420337; 5;7;8;9
      0.178191906915; 0;1;3;5;7;8
      0.178166508894; 2;6;8;9
      0.178166272534; 0;1;9;10
      0.178107866331; 1;3;7;10
      0.178035562851; 0;2;5
      0.177919518420; 0;1;2;7
      0.177897652263; 0;1;8;9
      0.177770070173; 2;3;6;8
      0.177759215170; 0;2;6
      0.177629398419; 2;4;6;8;9
      0.177449179100; 3;5;8
      0.177383024003; 0;2;9
      0.177373302223; 2;3;4;6;7;8
      0.177365267902; 1;3;4;9
      0.177275961597; 2;4;5;6
      0.177152808362; 0;1;2;6
      0.177003735679; 0;1;3;5;7
      0.176841423514; 0;5;7;8
      0.176695592608; 0;3;7;8;9;10
      0.176673852682; 2;3;5;6;7;9
      0.176673464375; 0;3;4;7;9
      0.176614073736; 2;3;4;7;8
      0.176492642731; 1;3
      0.176443223811; 0;9;10
      0.176330436585; 0;1;2;3;6
      0.176321166815; 0;1;2;3;6;9
      0.176300317524; 0;3;6;7;8;9
      0.176250705128; 3;5;6;7;8
      0.176194543503; 5;7
      0.176059606000; 2;3;5;6;9
      0.176058684752; 0;1;2;3;7
      0.176055780557; 0;1;2;5;9
      0.175996950211; 1;3;7;8;9
      0.175804472942; 0;2;3;8;9
      0.175780698139; 1;2;3;6
      0.175701720500; 3;6;10
      0.175598608452; 4;6;7;9
      0.175553814127; 0;2;3;6;9
      0.175490910640; 0;1;3;5;9
      0.175483973248; 0;2;3;5;7
      0.175380610365; 0;4;7;8;9
      0.175349845784; 3;4;6;7;9
      0.175347134511; 3;4;6;8;9
      0.175275101379; 0;6;7;9
      0.175257744686; 0;6;7;8
      0.175249234121; 0;1;7;8;9
      0.175234773269; 0;3;4;8
      0.175227925722; 2;4;6;9
      0.175207516399; 0;2;4;9
      0.175130389566; 1;3;7;8
      0.174932532641; 0;1;3;6;7
      0.174919621449; 6;8;9;10
      0.174872101438; 0;3;5;7;9
      0.174869941695; 3;5;6;7;9
      0.174865688500; 2;6;9
      0.174841706194; 6;8
      0.174816124410; 2;3;6;9;10
      0.174751442193; 0;1;2;9
      0.174663942132; 3;6;7;8;9;10
      0.174586181320; 1;3;6;7;8
      0.174568774767; 0;1;3;4;7
      0.174559160832; 0;6;9
      0.174544245889; 0;2;7;8;9
      0.174314992849; 0;1;3;6;8;9
      0.174312121317; 5;8
      0.174297197781; 0;3;4;7;8
      0.174287785084; 1;3;5;7;8
      0.174260008256; 0;3;6;7;10
      0.174231936930; 0;1;3;10
      0.174218423005; 4;7;8;9
      0.174044943426; 6;7;10
      0.174011919797; 0;2;3;5;6;7;9
      0.173984906222; 0;2;5;9
      0.173982148950; 0;2;3;7;8;9
      0.173871844999; 3;4;6;7;8;9
      0.173827700903; 0;7;10
      0.173764388997; 0;5;8;9
      0.173677094868; 5;9;10
      0.173567869139; 2;6;7;8;9
      0.173541824567; 0;2;6;9
      0.173480975329; 2;3;4;5;9
      0.173440409464; 2;3;6;7;8;9
      0.173335734616; 0;2;3;4;7
      0.173235469230; 5;8;9;10
      0.173193547329; 3;5;9;10
      0.173078981935; 0;3;9;10
      0.173052663117; 2;3;5;7;8
      0.172891604825; 2;4;7;9;10
      0.172846217716; 2;4;9;10
      0.172625254353; 4;7;8
      0.172554940510; 0;3;8;9;10
      0.172534380308; 2;4;6;7;9
      0.172359476119; 0;7;9;10
      0.172246838178; 0;1;3;6;7;9
      0.172193461120; 1;3;5
      0.172175001384; 0;2;3;6;7
      0.172109873842; 3;4;9;10
      0.172040556854; 0;2;3;5;7;8;9
      0.171999752032; 2;3;6;7;8
      0.171975061872; 0;2;3;5;7;8
      0.171942429230; 0;1;4;9
      0.171923553647; 6;9
      0.171821973931; 0;2;5;7;9
      0.171752093006; 0;2;3;5;9
      0.171656550759; 0;4;7
      0.171644468282; 1;9;10
      0.171644275158; 0;1;2;3;4
      0.171641687674; 0;1;3;6;9
      0.171635022194; 2;3;4;6;7
      0.171602050292; 0;1;3;4;8
      0.171517120534; 2;4;6;8
      0.171295762732; 1;3;6;8;9
      0.171277074406; 1;3;5;7;9
      0.171269705224; 0;1;2;4;7
      0.171243692314; 0;3;8;10
      0.171174569140; 2;3;4;7;8;9
      0.171171501978; 5;7;10
      0.171168717569; 0;2;3;6;7;8;9
      0.171126007872; 1;2;3;4;7
      0.171117187024; 1;8;9;10
      0.171109621412; 0;1;2;3;9
      0.171078367274; 0;1;2;7;9
      0.171043248475; 2;3;4;6;8
      0.171038351013; 0;3;4;7;8;9
      0.170943769185; 0;2;3;5;6
      0.170855001212; 1;2
      0.170805810432; 2;5;6;7;9
      0.170799973874; 0;2;3;7;8
      0.170742399309; 2;4;6;7;8;9
      0.170640907801; 0;7;8;9;10
      0.170624448710; 0;3;4;8;9
      0.170615261387; 0;1;3;7;8;9
      0.170612797371; 3;5;8;9
      0.170507530861; 0;1;3;5;7;8;9
      0.170440939709; 1;2;5;7;9
      0.170414538153; 0;1;5;7;8
      0.170281129952; 2;4;5;7;8
      0.170161090035; 0;1;3;5;7;9
      0.170154593626; 2;3;4;5;8
      0.170131976001; 0;1;6;7
      0.170101523047; 1;3;6;10
      0.170027021068; 3;4;5;9
      0.169906292222; 3;5;6;7;8;9
      0.169861857676; 1;2;4;9
      0.169844233632; 2;8
      0.169584063196; 0;2;3;4;7;9
      0.169540747762; 0;3;5;7;8
      0.169500528997; 0;2;3;4;7;8
      0.169369862549; 2;5;7;8
      0.169319716386; 0;3;6;7;8;9;10
      0.169293046240; 0;6;8;9
      0.169244097839; 0;2;4;5
      0.169232005520; 0;1;5;9
      0.169228765377; 2;5;6;9
      0.169207961726; 0;2;3;6;8
      0.169173902453; 2;7;10
      0.169102133466; 3;4;5;7
      0.168950046673; 0;1;5;6
      0.168912665229; 0;3;5;6;9
      0.168910018135; 1;2;3;8;9
      0.168904537515; 0;2;3;7;9;10
      0.168868746643; 0;3;4;6;8
      0.168857840252; 3;5
      0.168817077681; 0;2;5;7
      0.168813337326; 2;3;5;7;8;9
      0.168803470397; 0;3;4;5;7;9
      0.168791842628; 1;2;3;7
      0.168707044036; 2;7;9;10
      0.168698049811; 0;1;7;9;10
      0.168668219425; 1;3;7;9;10
      0.168648391126; 0;1;3;4;5
      0.168517817032; 0;1;2;3;5;6
      0.168489631571; 2;3;4;5;6;9
      0.168457707671; 0;2;4;6;7
      0.168435933760; 2;3;5;6;8;9
      0.168393372172; 1;3;5;7;8;9
      0.168361292174; 3;5;6;7;10
      0.168359258550; 0;1;4;5
      0.168331492653; 0;2;5;8;9
      0.168238247577; 0;1;3;6;7;10
      0.168229610727; 2;3;6;7;10
      0.167931329087; 0;1;2;7;8
      0.167831035363; 1;3;7;8;10
      0.167813264969; 2;3;4;6;7;9
      0.167809971785; 0;3;4;7;9;10
      0.167718999393; 0;3;4;5;7;8;9
      0.167675724503; 1;2;3;7;8;9
      0.167660420077; 0;2;3;5;7;9
      0.167599625209; 0;6;7;9;10
      0.167490814449; 0;1;2;3;4;5
      0.167489152880; 0;2;6;7;9
      0.167469648445; 1;2;4;7
      0.167432495936; 6;7;8;9;10
      0.167429381499; 0;2;3;6;8;9
      0.167415387973; 1;2;4;7;8;9
      0.167399416521; 1;6;7;9
      0.167359205690; 0;3;6;8;10
      0.167343385185; 0;6;7;8;9
      0.167309799456; 0;1;2;10
      0.167244809019; 0;1;3;4;9
      0.167223443400; 0;2;5;7;8
      0.167174947541; 0;1;4;7
      0.167156919215; 1;3;4;7
      0.167075908032; 0;2;4;7;8
      0.167054862427; 1;3;5;6
      0.167037661767; 0;1;2;3;7;9
      0.166995025589; 1;3;6;7;8;9
      0.166990926358; 0;1;3;6;10
      0.166986719406; 0;1;8;10
      0.166970947711; 2;7;8;9;10
      0.166920118927; 0;6;8
      0.166877874528; 0;2;4;7;9;10
      0.166855442309; 3;5;7;8;9;10
      0.166854881638; 3;5;7;10
      0.166835437308; 0;1;2;3;6;7
      0.166805449785; 2;3;5;8;9
      0.166764008605; 0;2;3;5;6;9
      0.166759622779; 2;3;4;7;9;10
      0.166679595195; 2;4;5;7;9
      0.166670082798; 0;2;4;5;7
      0.166641058827; 0;2;4;8;9
      0.166619791233; 1;2;3;4;9
      0.166615052679; 0;2;3;4;6;8
      0.166610232605; 2;3;4;6;7;8;9
      0.166593917013; 0;1;2;3;8
      0.166589757116; 2;3;4;9;10
      0.166587389296; 0;2;3;5;8
      0.166555963644; 1;5;7
      0.166354486356; 0;3;5;8;9
      0.166296166445; 2;3;4;5;7;8;9
      0.166220509086; 2;3;9;10
      0.166209421475; 1;2;4;7;9
      0.166119596747; 0;3;6;7;9;10
      0.166114603056; 0;2;6;7;8
      0.166112520841; 1;3;4;6;9
      0.166098809988; 0;3;5;8;9;10
      0.166080619735; 1;2;5;9
      0.166080276271; 2;3;4;10
      0.166060858459; 0;1;8;9;10
      0.166040708815; 2;5;6;7
      0.166032586263; 0;2;3;5;8;9
      0.165944525743; 2;3;7;9;10
      0.165922271716; 0;2;4;7;8;9
      0.165852057130; 1;2;3;5;7
      0.165839215594; 0;2;4;5;9
      0.165742747223; 0;3;5;7;9;10
      0.165735573939; 0;3;6;8;9;10
      0.165707173048; 0;2;4;6;9
      0.165705663320; 1;2;3;4;8;9
      0.165668462065; 0;2;7;8
      0.165635200267; 5;6;7
      0.165623962919; 0;1;5;8;9
      0.165548898776; 2;3;5;8
      0.165532420447; 0;1;3;7;10
      0.165478632175; 0;2;4;5;7;9
      0.165394137344; 0;2;3;4;8;9
      0.165295246331; 0;1;3;5;8;9
      0.165271469035; 0;1;6;9
      0.165243356121; 2;5;9;10
      0.165207302564; 1;2;3;5;7;9
      0.165191775117; 2;3;7;10
      0.165181636960; 0;3;6;7;8;10
      0.165179671523; 0;2;3;4;8
      0.165179355533; 0;1;3;4;8;9
      0.165136988924; 0;1;3;9;10
      0.165046394073; 5;9
      0.165037413448; 0;2;4;6
      0.165032657152; 3;4;6;7;8
      0.164922100096; 0;3;5;6;7
      0.164920676851; 0;1;2;5;7
      0.164875061646; 1;2;3;5
      0.164872541332; 1;2;7;9
      0.164851666688; 1;2;3;6;8
      0.164829562953; 1;2;3;4
      0.164814445514; 0;1;2;4;9
      0.164706886404; 1;7
      0.164593822789; 2;8;9;10
      0.164548971152; 0;2;3;4;5;7
      0.164434545820; 0;1;6;8;9
      0.164373403040; 6;7
      0.164238936689; 0;2;3;10
      0.164016228013; 4;9;10
      0.163946796902; 0;2;3;4;6
      0.163932808584; 1;7;10
      0.163910151816; 5;7;9;10
      0.163896484454; 0;2;3;4;7;8;10
      0.163893516756; 1;3;6;7;9;10
      0.163847192377; 0;3;4;5
      0.163831155836; 0;1;2;5;6
      0.163821071941; 1;2;3;6;7;9
      0.163797587133; 5;6;7;8;9
      0.163757320754; 0;4;7;9
      0.163663190641; 1;3;6;9;10
      0.163467468495; 1;2;4;8
      0.163459386496; 2;4;8;9;10
      0.163392547983; 1;2;3;6;10
      0.163296229753; 0;2;4;5;8;9
      0.163274242540; 2;4;7;8;10
      0.163044852628; 3;6;7;8;10
      0.162992048644; 0;3;5;6;10
      0.162923103289; 2;3;5;9;10
      0.162913326994; 2;5;8;9;10
      0.162880701419; 2;4;5;10
      0.162859235846; 1;2;3;4;6;9
      0.162816858117; 3;4;8;9;10
      0.162773712014; 3;4;5;7;8
      0.162753919765; 0;1;2;3;5;7
      0.162741575207; 0;1;7;10
      0.162731505798; 0;2;3;6;7;9
      0.162699784510; 1;2;7
      0.162692557313; 2;3;4;6;8;9
      0.162680032802; 0;4;7;8
      0.162653537485; 0;1;3;7;9;10
      0.162649093133; 0;4;6;7
      0.162644463425; 0;4;8;9
      0.162602554036; 0;2;3;4;6;7
      0.162554466719; 3;4;5;8;9
      0.162547365048; 1;2;3;5;6;7
      0.162525915459; 0;5;6;7;8
      0.162521116950; 0;3;4;6;7;9
      0.162514203496; 0;1;3;4
      0.162423058370; 0;4;5;7
      0.162383149383; 1;5;7;8;9
      0.162381570444; 1;7;8;9;10
      0.162376512305; 0;3;7;8;10
      0.162291000056; 2;5;6;7;8
      0.162224257760; 1;2;3;4;6
      0.162149035481; 2;3;4;5;6
      0.162117091137; 2;3;4;6;7;9;10
      0.162057411251; 0;2;3;4;5;7;9
      0.162032525137; 0;2;3;5;6;8
      0.162012755731; 0;2;3;5;6;7;8;9
      0.161929171454; 2;4;7;8;9;10
      0.161905157872; 1;3;5;8;9
      0.161752047592; 1;2;3;5;6;10
      0.161726358756; 1;2;5;8;9
      0.161668681457; 3;4;6
      0.161597440046; 0;1;2;8;9
      0.161592525331; 0;3;5;9;10
      0.161585414169; 3;4;6;7;9;10
      0.161566492890; 0;1;3;5;8
      0.161564157937; 0;1;6;7;8
      0.161562906474; 6;7;8;10
      0.161530610705; 1;2;6;9
      0.161497872401; 1;2;4;7;8
      0.161457560540; 0;3;4;6;7;8
      0.161457179776; 1;2;3;4;7;9;10
      0.161439416623; 0;1;2;3;7;8
      0.161416914313; 2;3;4;5;7;9
      0.161389024040; 0;3;10
      0.161386463514; 2;4;6;7;9;10
      0.161353983163; 3;4;6;8
      0.161339950357; 0;1;2;3;4;9
      0.161269720488; 1;2;3;5;6
      0.161257946402; 2;3;5;6;8
      0.161253226357; 0;1;4;6
      0.161239909872; 0;1;7;8;9;10
      0.161202841756; 0;3;5;6;7;8;9
      0.161199672188; 1;2;3;6;8;9
      0.161159011439; 3;4;5;7;9
      0.161146607871; 1;2;3;7;9
      0.161146433717; 1;2;3;6;9
      0.161145144738; 0;2;3;6;10
      0.161060172630; 0;1;2;3;5;8;9
      0.161059347340; 1;2;3;9;10
      0.161028919987; 0;2;5;6
      0.161000179543; 0;1;3;5;6;10
      0.160991670722; 0;1;2;3;4;7;9
      0.160939744763; 0;2;3;4;5
      0.160909348284; 3;5;6;8
      0.160849110243; 1;2;3;10
      0.160806571919; 0;2;3;4;5;9
      0.160802287239; 1;2;3;7;8
      0.160761066305; 0;1;3;5;6;8;9
      0.160728126453; 0;3;4;6;9
      0.160696014390; 0;2;3;6;7;8
      0.160694145119; 0;2;5;7;8;9
      0.160664286342; 0;1;5;7;9
      0.160634022032; 1;3;7;8;9;10
      0.160633786351; 1;3;4;6;7
      0.160548482938; 0;2;3;5;7;9;10
      0.160511801845; 3;5;6;8;9
      0.160509650309; 1;3;4;8;9
      0.160429509075; 0;4;9
      0.160406381691; 0;5;9
      0.160395740771; 2;7;8;10
      0.160388750182; 1;2;7;8
      0.160378016458; 2;3;4;5;8;9
      0.160372187095; 1;3;10
      0.160331461871; 2;3;8;9;10
      0.160316446656; 0;1;2;3;7;8;9
      0.160301679458; 1;3;4;6;7;8
      0.160284045251; 1;3;4;7;9
      0.160282142400; 4;5;7;8;9
      0.160197754578; 0;1;3;6;8;10
      0.160181610225; 1;2;3;4;7;8;9
      0.160146571508; 1;2;5;6
      0.160116006999; 0;1;3;5;6;9
      0.160101608999; 0;1;3;8;10
      0.160080870256; 4;5;8
      0.160072330013; 2;3;5;7;8;9;10
      0.160070924922; 1;3;5;9
      0.160045159068; 4;8;9;10
      0.160041328718; 0;1;3;7;8;9;10
      0.160030535953; 0;2;3;5;6;8;9
      0.160018112450; 1;2;5;7
      0.160009986496; 3;6;8;10
      0.159982204777; 0;2;3;6;8;9;10
      0.159979092190; 1;3;5;6;7
      0.159970357755; 0;1;2;3;5;8
      0.159964893499; 2;3;5;8;9;10
      0.159922116520; 3;4;7;9;10
      0.159915222027; 0;2;4;8
      0.159911446505; 1;6;7;8
      0.159910451656; 2;6;8
      0.159881976842; 2;3;6;10
      0.159877767240; 0;2;3;4;7;8;9
      0.159854604955; 4;7;8;9;10
      0.159848409436; 2;3;7;8;9;10
      0.159813818752; 0;6;7;10
      0.159791745956; 1;2;8;9
      0.159758610929; 2;4;5;8;9
      0.159718296269; 3;4;5;6;7;9
      0.159701607683; 0;2;3;5;6;7
      0.159690433911; 1;3;4;7;8
      0.159662850809; 0;2;6;7;8;9
      0.159647649465; 0;1;2;4;8
      0.159613253862; 1;2;3;6;7;8
      0.159591515041; 0;8;9;10
      0.159585013371; 2;4;5;8;9;10
      0.159527767625; 1;2;3;5;7;8
      0.159521333435; 0;2;3;6;7;10
      0.159511006166; 1;3;9;10
      0.159497745716; 0;1;2;4;5
      0.159483589614; 0;2;3;4;7;9;10
      0.159443394285; 0;1;3;6;8;9;10
      0.159428975317; 2;3;5;6;7;8;9;10
      0.159360086867; 0;2;3;4;6;9
      0.159319564814; 0;3;5;7;8;9;10
      0.159248604989; 0;1;3;8;9;10
      0.159199279054; 5;7;8;9;10
      0.159196336221; 1;5;7;8
      0.159126829363; 0;2;5;8;9;10
      0.159111535570; 2;3;5;7;10
      0.159046950829; 2;3;4;6;10
      0.158960686263; 0;2;3;4;5;7;8;9
      0.158946771844; 0;1;2;3;5;9
      0.158945311638; 1;6;7;8;9
      0.158913565865; 0;4;5;7;9
      0.158888616421; 2;3;4;5;7;8
      0.158876605471; 0;2;3;9;10
      0.158836656796; 0;1;2;5;7;9
      0.158777215228; 0;1;2;5;10
      0.158677733670; 0;1;2;5;7;8;9
      0.158676331893; 1;2;3;8
      0.158661000401; 0;1;2;3;8;9
      0.158614584330; 1;2;6;7;8;9
      0.158575684498; 2;3;4;5;6;7
      0.158568499255; 0;2;7;9;10
      0.158487136530; 5;6;9
      0.158436131282; 1;2;4;5
      0.158424751857; 1;2;3;4;7;9
      0.158410778338; 2;3;5;6;7;8;9
      0.158407842292; 1;3;5;6;8
      0.158407035219; 1;2;4;8;9
      0.158390028185; 0;1;2;3;10
      0.158386820470; 1;2;3;6;7
      0.158370761225; 1;2;4;6
      0.158347826063; 2;3;6;7;8;9;10
      0.158346120423; 0;1;2;4;7;9
      0.158306130035; 2;3;5;6;7;10
      0.158301321464; 0;2;3;4;6;7;8;9
      0.158300853297; 0;1;5;7;8;9
      0.158279921779; 0;2;6;7;9;10
      0.158193236956; 2;3;4;5;6;8;9
      0.158163983459; 6;8;10
      0.158159905544; 1;2;9
      0.158150489335; 1;3;5;7;8;9;10
      0.158129385301; 2;3;6;8;9
      0.158119636137; 5;6;7;8
      0.158104590410; 4;7;9;10
      0.158037079754; 1;2;3;5;6;7;9
      0.158006877837; 0;1;3;6;7;8
      0.157976949761; 2;3;4;7;10
      0.157939351557; 0;4;7;8;9;10
      0.157937954212; 0;1;2;3;5;7;9
      0.157931106235; 3;5;6;7;8;9;10
      0.157911670653; 1;2;6;7;9
      0.157876319600; 2;6;7;9;10
      0.157842484665; 0;2;3;4;6;7;8
      0.157835456841; 2;3;4;5;6;7;9
      0.157832189845; 2;4;5;6;8
      0.157807001514; 0;1;4;7;8
      0.157799095813; 1;3;6;7;10
      0.157740460375; 0;2;3;4;5;7;8
      0.157645916904; 0;3;4;6;7;8;9
      0.157639122349; 1;3;6;8
      0.157626279791; 4;5;7;9
      0.157620055391; 0;2;5;8
      0.157606405785; 0;1;2;4;7;8
      0.157535998325; 3;4;7;8;10
      0.157474272677; 3;4;5;6;7
      0.157443224871; 0;1;6;10
      0.157436120327; 3;4;6;7;10
      0.157433292959; 1;2;3;5;6;9
      0.157418837983; 1;3;8;9;10
      0.157379444122; 1;2;3;5;8
      0.157317947802; 0;1;3;4;7;8;9
      0.157279626815; 0;3;5;6;7;9;10
      0.157237486433; 0;2;3;4;5;8;9
      0.157235164029; 1;6;7;9;10
      0.157216917055; 0;1;2;3;6;7;9
      0.157169212566; 0;2;3;7;10
      0.157128014187; 0;2;3;4;6;7;8;9;10
      0.157114571587; 0;3;5;6;8
      0.157108817551; 0;1;3;5;6;7;8;9
      0.157101773554; 0;1;2;5;7;8
      0.157101361742; 0;1;5;10
      0.157084457161; 0;1;2;4;5;7
      0.157057780016; 0;2;5;6;7;8
      0.157052845403; 1;4;7;8;9
      0.157029687775; 1;7;9;10
      0.156987738441; 1;2;3;5;9
      0.156962342165; 0;3;5;6;7;8
      0.156961249018; 2;4;5;7;8;9
      0.156922134531; 1;6;7;10
      0.156889952144; 0;2;4;5;7;8
      0.156874327821; 0;2;3;5;7;10
      0.156797036388; 0;1;6;8
      0.156765291421; 2;3;4;6;9;10
      0.156752786136; 4;6;8;9
      0.156747239203; 3;6;8;9;10
      0.156669350913; 2;3;7;8;10
      0.156667976001; 0;3;4;9;10
      0.156658361317; 0;1;3;5;6;7;8
      0.156655097261; 0;3;4;5;7
      0.156585501541; 0;1;2;5;8
      0.156581946386; 1;2;4;7;9;10
      0.156578254046; 2;4;5;9;10
      0.156552461941; 2;5;6;8
      0.156547380828; 4;5;8;9
      0.156534912279; 0;3;4;8;9;10
      0.156532015209; 2;3;4;7;8;10
      0.156460708028; 0;3;5;7;10
      0.156435152434; 3;4;6;7;8;9;10
      0.156402508952; 1;3;4;7;8;9;10
      0.156400592464; 1;2;3;4;8
      0.156388841440; 0;4;6;7;8
      0.156336207948; 2;5;6;7;9;10
      0.156329698165; 1;2;3;5;7;8;9
      0.156329524537; 1;3;6;7;8;9;10
      0.156314664212; 3;4;6;9;10
      0.156288352561; 1;2;3;7;9;10
      0.156285603270; 0;1;2;3;5;7;8
      0.156283132287; 0;1;6;7;9
      0.156268921479; 1;6;7
      0.156258260928; 1;6;9
      0.156251887780; 0;3;5;6;7;8;10
      0.156227886837; 0;1;2;3;5;6;7;8
      0.156148245846; 1;2;5;7;8;9;10
      0.156097338846; 0;1;2;3;4;6
      0.156088405872; 0;1;2;3;4;5;9
      0.156072272035; 2;3;5;6;7;9;10
      0.156032315824; 3;4;7;10
      0.155988395380; 1;3;5;6;7;8;9
      0.155951724973; 0;3;4;6;7;8;9;10
      0.155897289522; 0;2;3;8;9;10
      0.155855870852; 0;1;5;6;8
      0.155845175451; 0;1;2;3;4;5;7
      0.155813889678; 0;3;5;10
      0.155811315740; 0;5;6;7
      0.155802515253; 3;4;5;7;8;9
      0.155716259747; 0;1;2;6;9
      0.155715367420; 0;2;6;10
      0.155698557026; 0;3;4;5;6;7;8;9
      0.155673689793; 0;1;5;8
      0.155663506544; 0;1;3;4;7;8
      0.155628624873; 1;3;4;7;8;9
      0.155602942296; 3;5;6;7;8;10
      0.155586916881; 0;1;3;4;6;8
      0.155489116029; 1;2;4;5;6
      0.155460086813; 2;4;5;6;7;9
      0.155415968889; 2;5;6;10
      0.155404569823; 0;3;5;6;8;9
      0.155399549797; 1;2;5;7;8;9
      0.155386835642; 1;2;3;5;7;8;9;10
      0.155351487047; 2;4;6;7;8;9;10
      0.155315506874; 0;1;3;5;10
      0.155295354186; 0;1;3;5;9;10
      0.155185268292; 5;6;7;9;10
      0.155167104738; 1;3;5;6;9
      0.155123522846; 0;1;4;5;7
      0.155086235944; 0;7;8;10
      0.155071700471; 3;4;5;7;8;9;10
      0.155054132685; 1;2;3;7;8;9;10
      0.155052317823; 0;2;5;6;7;8;9
      0.155033790989; 0;6;7;8;9;10
      0.154936283864; 1;3;5;6;7;8
      0.154932788426; 1;3;4;6;7;8;9
      0.154910556714; 3;5;6;7;9;10
      0.154907569314; 2;5;6;8;9
      0.154877051083; 0;1;2;6;8;9
      0.154833858760; 0;2;3;4;5;8
      0.154825200394; 1;2;3;4;6;7;8;9
      0.154818534035; 1;2;3;4;6;7;8;9;10
      0.154814142174; 0;2;4;9;10
      0.154810412423; 0;3;4;6;8;9
      0.154764708722; 0;3;4;7;10
      0.154763289464; 0;1;2;6;10
      0.154743943969; 2;3;4;5;6;8
      0.154735430780; 0;2;3;4;5;7;8;9;10
      0.154732706064; 1;2;6;7
      0.154628092452; 0;2;3;5;10
      0.154588046089; 0;1;2;3;7;8;10
      0.154582266103; 0;1;2;3;6;8;9
      0.154542965435; 3;4;5;7;8;10
      0.154517417775; 2;5;7;10
      0.154478178951; 0;1;4;7;9
      0.154460984661; 0;1;3;4;6;7
      0.154450193100; 1;2;3;4;6;7;8
      0.154448675939; 2;4;7;10
      0.154439467516; 0;5;7;8;9
      0.154342979341; 2;3;4;5;6;10
      0.154304100352; 4;6;7;8
      0.154288226680; 0;1;3;4;9;10
      0.154254182829; 1;2;3;5;6;7;8
      0.154228269351; 0;2;7;8;9;10
      0.154219477319; 1;3;4;6;8
      0.154215046068; 0;2;4;6;7;8
      0.154199552822; 0;2;3;4;6;8;9;10
      0.154155492781; 0;3;4;5;7;8
      0.154154659476; 2;5;7;8;9;10
      0.154151166926; 0;1;2;6;7;8
      0.154118455305; 0;2;7;10
      0.154107350399; 0;1;2;5;6;10
      0.154075753003; 0;3;4;5;6;8
      0.154059425882; 2;4;6;8;10
      0.154053878018; 2;5;6;7;8;9;10
      0.154018428863; 0;2;3;7;8;9;10
      0.154015782763; 0;2;3;5;9;10
      0.154011802300; 2;4;5;7;9;10
      0.153988417583; 0;1;2;3;4;8
      0.153987725030; 0;2;5;7;9;10
      0.153972767408; 2;5;7;9;10
      0.153935913859; 0;9
      0.153908871614; 0;2;3;4;5;6;7;8;9
      0.153904913809; 0;2;4;5;7;8;9
      0.153876546489; 0;3;4;5;8
      0.153830440188; 0;1;2;3;4;6;7
      0.153792996823; 0;2;3;5;6;7;8
      0.153773295775; 0;1;3;6;9;10
      0.153763893400; 0;1;2;4;6
      0.153742306899; 0;3;4;5;6;7
      0.153712349301; 1;2;3;5;6;8
      0.153691581894; 0;1;2;3;6;8
      0.153651810730; 0;1;3;4;6
      0.153598744666; 1;2;6;8
      0.153594508733; 3;4;5;8
      0.153592673152; 1;2;7;8;9
      0.153577843344; 2;3;5;6;9;10
      0.153570464880; 0;6;8;9;10
      0.153558459994; 3;4
      0.153507542660; 2;4;5;6;9
      0.153506634973; 0;1;3;5;7;10
      0.153500058867; 1;5;8;9
      0.153499289896; 0;3;4;5;6
      0.153462552619; 1;3;8;10
      0.153436221882; 2;3;6;7;8;10
      0.153424750275; 1;3;4;5;8;9
      0.153423662941; 2;3;4;5;7;8;9;10
      0.153371159010; 2;3;4;6;7;10
      0.153357520121; 0;2;3;4;6;7;9
      0.153206899614; 1;3;4;8
      0.153197203001; 0;1;2;5;7;10
      0.153190429495; 0;2;3;4;6;10
      0.153148502025; 1;2;3;7;10
      0.153146864762; 1;2;4;9;10
      0.153119102263; 0;2;4;8;9;10
      0.153087472815; 0;1;2;6;7
      0.153084774028; 1;2;6;8;9
      0.153075249998; 0;2;9;10
      0.153046715481; 0;3;4;6;9;10
      0.153029906873; 5;7;8;10
      0.153026314749; 3;4;5;6;7;10
      0.153001559736; 1;2;4;5;8
      0.152995637960; 2;3;5;6;8;10
      0.152994328043; 2;4;5;7;8;9;10
      0.152984026058; 2;3;4;6;7;8;10
      0.152901774667; 0;1;2;3;4;6;7;8
      0.152875472716; 4;6;7;8;9
      0.152870195604; 0;2;3;6;7;8;9;10
      0.152855080516; 3;4;5;6
      0.152791732464; 0;2;3;4;7;8;9;10
      0.152737480203; 1;4;7
      0.152712058031; 2;4;6;9;10
      0.152711594164; 1;2;3;5;8;9
      0.152710828513; 0;2;5;6;7;9
      0.152697000715; 0;1;3;6;7;9;10
      0.152680018262; 0;2;4;6;7;9
      0.152659816685; 0;1;3;5;7;9;10
      0.152655782957; 0;1;2;3;6;7;8;9;10
      0.152652069373; 0;4;5;7;8
      0.152556617182; 0;2;3;6;9;10
      0.152520256938; 1;2;3;6;8;9;10
      0.152480111187; 1;2;4;5;7;9
      0.152477814906; 0;5;7;9;10
      0.152470341777; 0;2;3;5;6;10
      0.152467462595; 0;1;5;6;10
      0.152465153117; 1;2;6;7;8
      0.152462310905; 2;3;5;6;7;8
      0.152457403220; 3;4;5;6;7;8;9;10
      0.152441792789; 0;1;2;6;8
      0.152383935470; 0;2;3;6;7;8;10
      0.152373188737; 5;6;8
      0.152345741257; 0;1;3;4;5;6
      0.152331700623; 1;2;3;4;5;9
      0.152303159027; 0;2;3;7;8;10
      0.152302716623; 0;1;4;10
      0.152283254953; 1;2;3;4;6;7
      0.152265458630; 0;1;3;4;6;7;9
      0.152246450404; 5;6;7;8;9;10
      0.152230907856; 0;1;3;6;7;8;9
      0.152221181812; 2;3;4;5;6;7;9;10
      0.152195143347; 0;2;6;8
      0.152191877256; 0;1;3;7;8;10
      0.152179309363; 0;3;4;8;10
      0.152168540584; 3;5;10
      0.152132407623; 3;4;5;6;7;8
      0.152085497443; 0;1;3;4;10
      0.152053980744; 0;3;4;7;8;9;10
      0.152043195379; 0;5;6;9
      0.152028376661; 3;4;7;8;9;10
      0.152021074861; 1;3;5;10
      0.152003984651; 0;1;2;4;10
      0.151996697481; 1;2;9;10
      0.151991743721; 2;3;6;8;9;10
      0.151990103665; 0;1;2;3;4;8;9
      0.151963858568; 1;2;3;5;8;9;10
      0.151892684478; 4;5;6;8;9
      0.151860060027; 0;3;5;7;8;10
      0.151851666604; 0;2;4;7;10
      0.151842571983; 2;3;5;7;8;10
      0.151839970161; 0;2;3;5;6;7;8;9;10
      0.151823923770; 2;3;4;6;8;9;10
      0.151820004024; 3;4;8;10
      0.151799278773; 0;1;2;3;6;7;8;9
      0.151796251901; 2;4;8;10
      0.151786973270; 1;2;3;6;7;8;9
      0.151780772646; 0;5;7;8;9;10
      0.151772516500; 1;2;3;5;6;7;8;9
      0.151772238435; 0;2;3;4;5;9;10
      0.151759622980; 1;2;4;6;7;8;9
      0.151722080759; 0;5;8;9;10
      0.151661946474; 0;2
      0.151610388419; 0;1;3;4;5;9
      0.151589526535; 1;5;7;8;9;10
      0.151588540422; 1;4;5;7
      0.151578467588; 0;1;6;7;10
      0.151540838519; 2;3;4;6;7;8;9;10
      0.151491456642; 0;1;2;3;4;7;8;9
      0.151484944764; 0;2;4;6;7;8;9
      0.151393929945; 0;1;3;4;6;9
      0.151386814746; 2;3;4;7;8;9;10
      0.151385868744; 2;6;9;10
      0.151362051240; 0;1;5;6;7
      0.151356288061; 1;7;8;10
      0.151349773035; 0;1;2;3;4;10
      0.151327147816; 0;2;5;7;10
      0.151307325264; 0;2;4;7;8;9;10
      0.151306028905; 1;2;3;5;6;8;9
      0.151290395643; 2;3;4;8;10
      0.151260150873; 0;3;4;5;8;9
      0.151256127174; 0;4;5;7;8;9
      0.151227148219; 0;1;3;5;7;8;10
      0.151168612082; 1;2;7;9;10
      0.151164328643; 2;4;5;6;10
      0.151161520410; 2;5;6;7;8;9
      0.151160514557; 1;2;3;5;9;10
      0.151159213669; 0;5;6;7;9;10
      0.151123035718; 0;3;4;5;6;9
      0.151007614592; 4;6;7;8;9;10
      0.150937259139; 1;3;4;5;7;8;9;10
      0.150886618930; 3;5;7;8;10
      0.150881806202; 0;1;7;8;10
      0.150880965115; 1;4;7;8
      0.150868153592; 1;2;5;7;8
      0.150865206687; 1;2;3;4;7;8
      0.150826508255; 0;1;6;7;8;9
      0.150824317951; 0;1;2;5;6;7
      0.150807137165; 0;2;3;4;10
      0.150784773738; 1;3;6;7;8;10
      0.150763823464; 1;2;4;5;7
      0.150757996741; 4;6;8
      0.150743175860; 1;2;4;6;7;9
      0.150738705811; 3;5;6;9;10
      0.150738647892; 0;1;2;7;8;9
      0.150723260897; 0;1;2;7;10
      0.150696204089; 2;4;5;6;7;8;9
      0.150687511156; 0;2;3;4;8;9;10
      0.150675075792; 0;3;4;5;7;8;9;10
      0.150662717018; 2;3;5;10
      0.150661152802; 0;1;5;7;8;9;10
      0.150641479909; 3;4;5;6;8;9
      0.150628951969; 0;2;3;4;5;6;9;10
      0.150605736512; 2;4;6;10
      0.150577672148; 0;1;3;4;5;10
      0.150565445082; 0;4;7;9;10
      0.150524977007; 0;1;3;6;7;8;9;10
      0.150512133734; 1;3;4;5;8
      0.150503217739; 0;2;3;4;5;6
      0.150492750797; 0;2;3;8;10
      0.150475857033; 1;2;3;6;7;8;9;10
      0.150443089774; 1;2;3;4;6;8;9
      0.150426371689; 3;4;5;6;7;8;9
      0.150422924757; 0;4;6;7;8;9
      0.150391836086; 0;1;3;4;5;7
      0.150381356729; 0;2;3;4;5;6;9
      0.150323391270; 0;2;5;6;8;9
      0.150308179091; 0;2;4;6;8;9
      0.150290228672; 0;1;3;5;6;7
      0.150252676659; 1;2;3;4;5;7;9
      0.150244794079; 0;1;2;3;4;7
      0.150234163018; 0;2;4;5;7;9;10
      0.150228188898; 0;4;8;9;10
      0.150226097400; 0;1;3;4;7;8;10
      0.150222970753; 0;5;8
      0.150220245850; 0;2;3;4;5;6;7
      0.150131969395; 0;1;2;3;4;7;8
      0.150123560438; 0;1;2;3;4;6;8;9
      0.150029996779; 0;1;3;5;6;7;8;10
      0.150013585659; 0;2;3;5;7;8;9;10
      0.150010760546; 0;4;6;7;9
      0.149999504659; 0;1;3;4;5;7;8;9
      0.149997507184; 4;6
      0.149961972869; 3;4;6;7;8;10
      0.149928360739; 0;3;4;6;8;9;10
      0.149886361417; 1;3;5;8
      0.149880527737; 1;2;4;5;6;8
      0.149877740385; 4;6;7;9;10
      0.149853041842; 1;2;3;5;6;7;8;9;10
      0.149846375267; 3;4;5;7;9;10
      0.149836365410; 1;4;5;7;8;9
      0.149835289815; 2;3;4;5;6;7;8
      0.149812752379; 1;2;4;6;9
      0.149774470828; 1;2;5;8
      0.149722634781; 0;3;4;5;9
      0.149708128903; 2;4;5;6;8;9
      0.149682842088; 2;4;5;6;7
      0.149655992643; 1;2;5;6;7
      0.149652616711; 1;3;4;6
      0.149643628768; 2;3;4;5;6;7;8;9
      0.149618978758; 0;2;5;6;8
      0.149616574003; 1;2;7;8;9;10
      0.149582032408; 0;3;5;6;8;10
      0.149571622076; 5;6;8;9
      0.149570076065; 1;2;3;5;7;9;10
      0.149567914112; 0;2;3;4;7;10
      0.149551692812; 0;1;2;3;5;7;9;10
      0.149547263404; 4;5;7
      0.149523345604; 2;4;5;8;10
      0.149519848129; 1;3;6;8;10
      0.149508824531; 0;1;6;7;8;9;10
      0.149504427024; 1;2;3;6;7;9;10
      0.149494701049; 2;6;10
      0.149493671875; 1;3;4;5;7
      0.149490228492; 0;2;7;8;10
      0.149446622585; 0;1;3;4;6;8;9;10
      0.149426959100; 0;2;3;6;7;9;10
      0.149384340159; 0;1;5;6;9
      0.149371180971; 2;4;6;7;8
      0.149347404445; 1;3;4;5;7;9
      0.149307806433; 1;6;7;8;10
      0.149299559382; 0;1;2;4;5;8;9
      0.149280361133; 0;3;4;6;7;9;10
      0.149266827729; 1;4;5;7;9
      0.149219295046; 0;1;3;4;6;10
      0.149188287912; 0;1;2;4;7;10
      0.149165300296; 0;1;2;5;8;9
      0.149132170455; 0;3;5;6;7;10
      0.149128041057; 0;1;2;4;7;9;10
      0.149031605622; 1;2;6;7;8;9;10
      0.149026306794; 0;2;6;8;9
      0.148991927430; 0;1;2;4;7;8;10
      0.148989058170; 2;4;6;7;10
      0.148938644368; 0;1;3;4;5;6;7
      0.148938410219; 3;4;5
      0.148934369095; 0;3;5;6;8;9;10
      0.148905244395; 1;3;5;6;7;9
      0.148826968045; 0;1;2;6;7;8;9
      0.148819633121; 3;4;5;7;10
      0.148792191640; 1;5;6;7;9
      0.148745925651; 3;4;5;8;9;10
      0.148732517582; 0;6;9;10
      0.148716887859; 1;2;3;4;6;7;9
      0.148685250951; 0;2;4;5;6
      0.148658994512; 0;3;5;6;7;8;9;10
      0.148657832070; 2;5;8;10
      0.148655273499; 0;5;6;7;10
      0.148623190688; 1;3;4;6;8;9
      0.148602327100; 0;2;3;4;6;8;9
      0.148584836261; 2;3;4;5;7;10
      0.148577855360; 0;1;3;5;6;8
      0.148537642492; 0;1;6;8;10
      0.148529434240; 2;3;4;8;9;10
      0.148516020614; 0;2;5;6;7
      0.148511334705; 0;1;3;4;7;10
      0.148477966103; 0;1;2;4;6;9
      0.148457477349; 2;3;5;6;8;9;10
      0.148448737318; 0;1;3;4;8;9;10
      0.148445624260; 1;2;3;6;9;10
      0.148426939654; 0;1;3;5;6;7;9
      0.148417690678; 0;1;2;3;5;7;8;10
      0.148343891206; 0;1;3;4;5;7;8;10
      0.148330827256; 2;4;5;7;10
      0.148314851174; 1;2;3;4;5;7
      0.148289054448; 0;1;2;3;5;6;9
      0.148265384881; 3;4;5;6;7;8;10
      0.148237284157; 0;1;2;5;6;8;9
      0.148230197041; 0;1;2;3;5;6;10
      0.148213465382; 0;2;3;4;6;7;8;10
      0.148204891634; 0;2;3;4;8;10
      0.148178638098; 1;3;4;7;9;10
      0.148178446062; 0;3;4;7;8;10
      0.148159350316; 0;4;5;8;9
      0.148151576148; 1;3;5;7;9;10
      0.148150917913; 0;1;4;8
      0.148145050730; 0;1;2;3;6;7;8
      0.148123558427; 1;4;7;10
      0.148100651046; 1;2;3;4;5;8
      0.148094470348; 2;6;8;9;10
      0.148090430107; 0;2;5;6;9
      0.148088360348; 0;1;2;4;5;8
      0.148081534871; 0;1;2;8
      0.148072653982; 0;2;3;6;8;10
      0.148018135561; 1;3;5;6;8;9
      0.148001646851; 1;2;5;10
      0.147995022533; 2;3;5;6;7;8;10
      0.147963872874; 4;7;8;10
      0.147952770303; 0;3;5;6;9;10
      0.147943239695; 1;2;3;4;7;10
      0.147913842608; 0;6;7;8;10
      0.147896847098; 3;4;6;8;9;10
      0.147884107486; 0;1;2;3;4;6;9
      0.147882227937; 0;3;4;5;6;9;10
      0.147820916308; 0;1;2;4;5;7;8;9
      0.147790262641; 0;1;2;3;5;6;7;9
      0.147761724238; 2;4;6;8;9;10
      0.147739912870; 1;2;3;4;5;6
      0.147712527599; 3;4;5;6;9
      0.147671625154; 0;1;4;5;9
      0.147645070988; 1;2;3;4;6;8
      0.147628264125; 0;2;8
      0.147603859237; 5;6;8;9;10
      0.147593143481; 1;2;3;8;9;10
      0.147589805070; 0;5;6;7;8;9
      0.147568284296; 0;3;4;6;7;10
      0.147567617330; 2;3;6;8;10
      0.147554338670; 0;1;2;4;8;9
      0.147540919525; 0;3;4;10
      0.147532774813; 0;1;2;3;5;9;10
      0.147492842290; 0;1;3;4;5;7;9
      0.147480852035; 0;1;2;3;5;7;8;9
      0.147474580550; 0;1;4;7;8;9
      0.147450281034; 0;1;2;3;4;6;7;8;9
      0.147432104009; 0;1;2;4;5;7;9
      0.147408618814; 1;2;7;10
      0.147403655689; 2;8;10
      0.147394933383; 1;2;4;7;8;9;10
      0.147337165947; 0;1;3;4;6;8;9
      0.147332430378; 0;1;2;3;6;8;10
      0.147330907887; 1;3;4;9;10
      0.147328746304; 1;5;9
      0.147322222838; 4;5;6
      0.147317182899; 0;1;2;5;7;8;9;10
      0.147289990395; 2;6;7;8;9;10
      0.147260808522; 1;5;6;9
      0.147244213150; 0;1;2;4;5;6
      0.147242506198; 0;1;2;3;6;8;9;10
      0.147219109045; 0;3;4;5;10
      0.147206681665; 0;2;8;9;10
      0.147193979536; 0;3;4;6;7;8;10
      0.147187169439; 2;5;7;8;10
      0.147185764794; 0;2;3;5;7;8;10
      0.147183594754; 1;6;7;8;9;10
      0.147177387624; 0;1;3;5;7;8;9;10
      0.147136023235; 1;3;4;6;7;8;10
      0.147131447196; 1;4;5;8;9
      0.147091124081; 0;2;6;7;8;9;10
      0.147076320183; 0;2;3;5;6;8;9;10
      0.147074913119; 2;3;4;5;7;8;10
      0.147071192112; 0;1;2;6;7;9;10
      0.147070131562; 0;1;2;3;7;8;9;10
      0.147057545983; 0;1;4;8;9
      0.147053198034; 1;6;9;10
      0.147043463474; 0;1;3;4;5;8
      0.147029613377; 1;2;5;6;9
      0.147023271206; 1;3;4;5;9
      0.146976771340; 3;5;6;10
      0.146971127626; 0;2;3;4;5;6;8
      0.146954763161; 0;1;3;4;5;6;7;8;9
      0.146953190602; 2;3;4;5;6;7;8;10
      0.146918221435; 1;3;4;6;7;9
      0.146880905618; 0;1;4;5;7;8;9
      0.146878997663; 1;4;5;7;8
      0.146838299543; 4;5;8;9;10
      0.146792337235; 0;2;3;5;6;9;10
      0.146791566196; 1;6;8;9
      0.146768014218; 0;4;5;7;9;10
      0.146759265476; 4;5;6;7;8;9
      0.146755150179; 2;6;7;8;10
      0.146749320346; 2;5;6;9;10
      0.146650601627; 2;3;5;7;9;10
      0.146628669394; 0;1;2;3;4;5;10
      0.146597874134; 0;2;3;5;8;10
      0.146588607623; 0;1;3;4;7;9;10
      0.146579493987; 0;2;6;7;8;10
      0.146555329106; 0;2;4;6;9;10
      0.146527854646; 1;5;8
      0.146458397501; 0;1;3;4;5;6;9
      0.146458224433; 1;3;4;8;9;10
      0.146454654933; 0;1;6;7;9;10
      0.146450846950; 0;1;3;6;7;8;10
      0.146445031542; 1;2;5;6;8;9
      0.146428061902; 3;5;8;9;10
      0.146396426469; 0;1;2;3;4;5;7;9
      0.146366092363; 3;5;6;8;9;10
      0.146365756563; 3;4;5;9;10
      0.146357774988; 0;2;3;4;5;10
      0.146343071724; 0;2;3;5;8;9;10
      0.146332348274; 1;3;4;5;6;7;9
      0.146328036398; 0;5;6;8;9
      0.146321218784; 0;1;2;3;7;9;10
      0.146314962223; 1;2;4;7;10
      0.146309002604; 0;1;2;4;6;7;8;9;10
      0.146307934976; 0;1;2;4;5;9
      0.146299986610; 0;1;3;4;6;7;8
      0.146269860303; 0;1;2;4;6;8
      0.146260987908; 0;1;2;5;6;9
      0.146243834011; 1;2;4;6;8
      0.146201413410; 0;5;6;7;9
      0.146191498696; 1;2;3;4;6;9;10
      0.146157032181; 1;2;4;5;7;8
      0.146154757028; 1;4;5
      0.146146372148; 1;2;4;5;7;9;10
      0.146144757983; 1;2;3;4;6;10
      0.146128109864; 0;2;5;7;8;9;10
      0.146098819760; 0;1;2;4;7;8;9
      0.146092247527; 0;1;3;5;6;9;10
      0.146059736651; 0;1;2;5;8;9;10
      0.146054239067; 0;1;2;3;4;6;8
      0.146012567910; 0;2;4;10
      0.145956964372; 1;3;4;6;7;8;9;10
      0.145932201871; 0;1;2;3;5;7;8;9;10
      0.145927059320; 0;2;3;4;5;8;9;10
      0.145898556025; 1;3;4;5;7;8;9
      0.145866946629; 1;5;6;8;9
      0.145865917910; 2;3;4;5;6;8;9;10
      0.145865014317; 0;1;2;7;8;9;10
      0.145864449871; 0;1;2;3;5;6;7;9;10
      0.145777533074; 0;1;3;4;6;7;8;9
      0.145749028904; 0;4;5;7;8;9;10
      0.145690836341; 0;1;2;3;5;6;8
      0.145682703369; 0;2;4;5;9;10
      0.145679665816; 0;2;4;5;6;7
      0.145678541659; 0;2;4;6;8
      0.145676129516; 0;2;3;4;6;7;9;10
      0.145636248676; 0;1;6;8;9;10
      0.145629239811; 0;2;6;9;10
      0.145593071757; 2;3;5;8;10
      0.145584059140; 1;4;5;7;8;9;10
      0.145540266974; 0;2;4;5;6;9
      0.145536868220; 4;5;7;9;10
      0.145519661921; 2;3;8;10
      0.145516343233; 1;3;5;9;10
      0.145469888412; 0;1;2;3;5;6;9;10
      0.145465771872; 0;2;3;5;6;7;8;10
      0.145460403279; 1;2;5;7;8;10
      0.145443520022; 0;2;4;6;7;8;9;10
      0.145434575210; 0;1;2;4;5;7;8
      0.145432543905; 0;3;4;5;6;7;9;10
      0.145430551116; 0;1;2;3;4;5;6
      0.145413424686; 1;2;4;5;10
      0.145330140429; 2;4;6;7;8;10
      0.145323085033; 1;3;4;5;7;8;10
      0.145310848070; 1;4;7;8;9;10
      0.145301054416; 0;5;6;7;8;9;10
      0.145257206191; 0;4;5;8;9;10
      0.145217409713; 0;3;4;5;6;8;9;10
      0.145122254670; 1;2;3;5;10
      0.145072916478; 2;3;4;5;9;10
      0.145019971528; 0;2;3;4;5;6;8;9
      0.145005688152; 3;4;5;6;7;9;10
      0.144992769548; 0;2;4;5;6;7;9
      0.144984863120; 0;1;4;5;7;9
      0.144973630233; 0;1;3;4;7;9
      0.144928207251; 1;2;3;6;7;8;10
      0.144870288797; 4;5;7;8;9;10
      0.144868333540; 0;1;2;3;5;6;7;8;9
      0.144855744356; 0;1;2;3;4;7;10
      0.144846172872; 1;2;5;9;10
      0.144816351343; 4;5;9;10
      0.144812661090; 0;1;2;5;6;8
      0.144752994947; 1;3;4;5
      0.144750567572; 1;2;4;5;8;9
      0.144723990900; 1;2;5;7;10
      0.144702302551; 0;1;2;3;5;6;7
      0.144698867151; 1;2;3;4;5;8;9
      0.144681997366; 0;1;5;7;10
      0.144651517496; 0;2;3;4;5;7;9;10
      0.144611727792; 0;1;3;4;8;10
      0.144598665333; 0;4;7;8;10
      0.144573540444; 1;5;6;7
      0.144571133582; 1;3;4
      0.144564266097; 2;3;5;6;10
      0.144525547996; 0;1;2;3;6;9;10
      0.144521819228; 0;1;2;4;6;7
      0.144516459293; 0;1;3;5;8;10
      0.144512211534; 0;1;6;7;8;10
      0.144487022992; 1;2;5;6;7;8;9
      0.144481509697; 0;2;4;5;10
      0.144476821681; 0;1;2;3;4;6;7;8;9;10
      0.144467291054; 0;1;2;9;10
      0.144466791567; 0;5;9;10
      0.144456320278; 0;1;2;3;5;6;8;9
      0.144442138449; 0;2;5;6;9;10
      0.144439541473; 0;4;6;9
      0.144431430010; 0;1;5;6;7;8;9
      0.144423068144; 0;1;2;6;7;9
      0.144421363788; 0;1;2;4;9;10
      0.144392439679; 1;2;4;10
      0.144353212154; 0;1;2;3;4;6;7;9
      0.144327741288; 4;5;9
      0.144314708274; 1;2;3;5;7;8;10
      0.144312260006; 0;1;2;4;5;7;8;9;10
      0.144312143056; 0;1;4;5;7;8
      0.144274222841; 0;2;5;9;10
      0.144229195842; 0;1;3;4;5;7;8
      0.144224484158; 1;2;3;4;5
      0.144221125185; 0;4;6;7;8;9;10
      0.144220769870; 1;3;5;6;7;9;10
      0.144195129677; 0;1;2;3;5;10
      0.144186066921; 0;1;5;6;7;8;10
      0.144182119448; 0;2;3;5;6;7;10
      0.144153118163; 1;3;5;8;9;10
      0.144145292731; 3;4;5;6;8
      0.144031490342; 0;1;2;4;6;7;8
      0.144025758616; 0;1;4;6;7
      0.143998837455; 1;2;3;4;6;7;9;10
      0.143951945181; 4;8;10
      0.143943982047; 0;5;6
      0.143936863200; 1;2;4;5;7;10
      0.143912317867; 1;2;3;7;8;10
      0.143904007267; 1;2;5;6;7;8
      0.143897692923; 1;4;8;9
      0.143889320491; 0;1;4;5;6
      0.143868590469; 1;2;5;6;7;9
      0.143853278334; 0;1;2;4;6;7;9
      0.143829529031; 1;2;4;5;9
      0.143820232223; 0;1;2;3;4;5;8;9
      0.143818598219; 0;3;4;5;9;10
      0.143816613224; 1;2;4;5;7;8;9
      0.143816300116; 0;1;4;5;10
      0.143806732691; 0;1;2;5;7;9;10
      0.143796880108; 0;2;3;4;5;6;7;8
      0.143792948577; 1;2;3;4;10
      0.143785528622; 0;1;4;6;9
      0.143785272407; 0;1;2;3;8;9;10
      0.143779706003; 0;2;3;4;5;6;7;9
      0.143687430191; 0;3;4;6;8;10
      0.143668440809; 0;1;3;5;6;7;8;9;10
      0.143663586664; 1;2;5;8;9;10
      0.143618157322; 1;2;3;5;6;7;9;10
      0.143609350726; 1;2;6;7;9;10
      0.143592787090; 0;2;5;6;7;9;10
      0.143576511897; 1;3;4;6;7;9;10
      0.143568965610; 1;3;5;6;8;9;10
      0.143559324466; 0;1;2;3;4;7;8;9;10
      0.143520851775; 0;1;3;4;7;8;9;10
      0.143515612216; 0;2;3;4;9;10
      0.143492282240; 3;4;6;8;10
      0.143440935109; 1;2;3;5;6;8;10
      0.143429223053; 0;2;6;8;9;10
      0.143427694189; 2;3;4;5;7;9;10
      0.143417984190; 0;2;4;7;8;10
      0.143366945902; 1;2;3;4;5;6;8
      0.143361070804; 2;6;7;10
      0.143341930554; 1;2;5;6;8
      0.143339675192; 0;1;5;9;10
      0.143326163278; 0;3;4;5;6;8;9
      0.143256880466; 1;2;3;4;5;7;8
      0.143240511145; 0;1;5;6;7;9
      0.143220369969; 0;1;3;4;5;6;8;9
      0.143164998261; 1;2;3;4;7;8;10
      0.143164699328; 0;1;5;6;7;10
      0.143123546039; 0;1;3;4;5;6;7;8;9;10
      0.143100435390; 3;4;5;6;9;10
      0.143079557569; 0;5;7;10
      0.143078134499; 1;2;3;5;6;7;8;10
      0.143073262151; 0;2;4;6;10
      0.143065007889; 1;3;4;5;6
      0.142994494773; 0;1;5;6;7;8
      0.142977257574; 0;3;4;6;10
      0.142946694381; 0;1;3;5;6;8;9;10
      0.142911975316; 1;5;7;10
      0.142792121757; 1;2;4;6;7;9;10
      0.142780610836; 0;4;6;8;9
      0.142730364355; 0;1;2;3;4;5;7;8;9
      0.142711924940; 0;2;4;6;7;9;10
      0.142704804591; 1;3;4;5;7;8
      0.142701432408; 2;3;4;5;10
      0.142677150532; 0;1;2;8;9;10
      0.142646741121; 1;2;3;5;6;7;10
      0.142639271723; 0;2;4;5;7;8;9;10
      0.142621931364; 0;3;4;5;6;7;8
      0.142611378162; 0;1;3;5;6;7;10
      0.142567513035; 1;2;3;4;7;8;9;10
      0.142558297383; 2;4;5;6;7;8
      0.142528926116; 0;1;2;3;5;8;10
      0.142526757032; 4;7;10
      0.142489247277; 0;1;2;6;7;8;9;10
      0.142450155728; 1;4;5;6;7;9
      0.142444257540; 1;2;4;6;7
      0.142408575151; 0;4;5;6;7;8;9;10
      0.142388422499; 0;1;2;5;6;7;8
      0.142350663357; 2;3;4;5;6;9;10
      0.142349188514; 4;5;6;8
      0.142289575910; 0;3;4;5;7;9;10
      0.142281218307; 1;2;6;8;9;10
      0.142263432406; 0;2;5;6;7;8;9;10
      0.142262212100; 0;1;2;3;4;5;6;7;8;9
      0.142256726119; 0;2;3;4;5;7;10
      0.142254784982; 2;4;5;6;9;10
      0.142252702606; 0;1;6;9;10
      0.142241529449; 1;3;4;5;6;7;8;9
      0.142240663975; 0;1;2;7;9;10
      0.142200097545; 1;5;6
      0.142151188659; 1;2;3;4;9;10
      0.142135042171; 0;2;4;5;8
      0.142131473250; 0;1;2;4;6;9;10
      0.142125223781; 1;3;5;7;10
      0.142118165880; 0;1;2;3;6;7;10
      0.142107501191; 2;3;4;6;8;10
      0.142088211542; 0;1;2;3;4;7;9;10
      0.142021749605; 1;5;6;7;8;9;10
      0.141961199506; 0;1;2;3;4;5;6;7;8
      0.141958144320; 1;2;5;6;10
      0.141958007886; 3;4;5;6;8;9;10
      0.141928586663; 0;1;2;3;5;6;7;10
      0.141913974907; 1;2;6;8;10
      0.141909603547; 0;1;4;7;9;10
      0.141907165541; 0;3;4;5;7;8;10
      0.141878536365; 1;6;8
      0.141835939115; 0;3;4;5;8;9;10
      0.141832612051; 0;4;5
      0.141831824694; 0;5;6;7;8;10
      0.141815627891; 1;2;3;4;5;7;8;9;10
      0.141812700633; 0;2;3;4;6;8;10
      0.141750682598; 2;3;4;5;6;7;10
      0.141709174733; 1;2;3;4;5;7;8;9
      0.141681856604; 0;4;6;7;9;10
      0.141681601897; 0;1;5;7;9;10
      0.141668156882; 0;1;2;3;6;7;9;10
      0.141594569818; 1;2;4;6;7;8
      0.141590947956; 1;5;6;7;9;10
      0.141576384351; 1;3;6;8;9;10
      0.141562463425; 2;5;6;8;9;10
      0.141531172886; 0;1;2;3;7;10
      0.141452458702; 0;1;5;6;7;9;10
      0.141380144966; 0;1;3;5;6;7;9;10
      0.141351050731; 0;3;4;5;6;10
      0.141329228574; 4;6;9;10
      0.141292082858; 0;1;2;3;9;10
      0.141283659784; 0;2;5;6;8;9;10
      0.141264020511; 0;2;4;6;7;10
      0.141210455535; 0;2;3;4;5;6;8;9;10
      0.141195789492; 0;1;2;4;6;10
      0.141158585971; 0;1;2;6;9;10
      0.141114668460; 0;1;3;4;5;6;8
      0.140934804496; 0;2;4;5;6;7;9;10
      0.140926654198; 0;1;2;5;6;7;8;9
      0.140891026398; 1;2;8;9;10
      0.140887370625; 0;2;4;5;6;7;8;9
      0.140877597968; 0;1;2;3;6;7;8;10
      0.140874714711; 1;5;6;7;8
      0.140869158406; 0;1;2;4;6;7;8;9
      0.140868164210; 0;4;5;6;7;8;9
      0.140838058260; 0;1;3;4;5;6;10
      0.140808114277; 1;5;6;8
      0.140781078692; 0;2;3;4;5;8;10
      0.140772279199; 0;4;5;9
      0.140721626175; 0;1;2;3;4;5;6;9
      0.140716744743; 0;3;4;5;7;10
      0.140714219819; 1;3;5;6;7;8;9;10
      0.140709521052; 0;1;2;4;6;7;8;10
      0.140686689637; 1;2;6;10
      0.140680411319; 4;5;6;7;9
      0.140649105104; 0;1;2;3;4;8;10
      0.140632725980; 0;3;4;5;6;7;10
      0.140629908385; 1;2;3;4;5;6;7;8
      0.140624097158; 1;2;4;6;8;10
      0.140595265430; 0;4;6;8;9;10
      0.140580169759; 0;1;3;5;6;8;10
      0.140567027137; 0;2;5;7;8;10
      0.140553792762; 1;3;4;6;7;10
      0.140550013388; 0;2;3;4;5;6;7;8;10
      0.140443433837; 0;1;2;5;6;7;9
      0.140417329658; 0;2;3;4;6;9;10
      0.140353958763; 0;1;4;6;8
      0.140347697793; 2;4;5;6;7;8;9;10
      0.140343191240; 1;2;6;7;10
      0.140322867031; 0;1;4;5;7;9;10
      0.140308848374; 0;4;5;9;10
      0.140292939716; 0;1;5;8;9;10
      0.140287016965; 4;6;7
      0.140276878075; 1;5;8;9;10
      0.140181176411; 2;6;8;10
      0.140173338936; 1;2;4;8;9;10
      0.140140976737; 0;1;4;5;6;10
      0.140140572770; 1;4;6;7;8;9
      0.140105320360; 0;2;3;4;5;6;10
      0.140067260277; 0;1;5;6;8;9;10
      0.140056003986; 0;1;2;6;8;10
      0.140055557797; 0;1;4;6;7;8;9;10
      0.140025795237; 1;3;4;7;8;10
      0.140005272890; 1;2;3;4;5;6;7
      0.139978876882; 0;1;2;4;6;8;9
      0.139974900511; 2;3;4;5;6;7;8;9;10
      0.139950793311; 0;1;2;3;4;5;7;8;10
      0.139941795903; 0;1;2;3;4;5;7;8
      0.139909976430; 1;2;8
      0.139903128999; 4;6;7;8;10
      0.139849074368; 0;1;2;3;4;6;10
      0.139846752752; 1;2;5;6;7;8;9;10
      0.139825805845; 4;5;6;7;8;9;10
      0.139817972611; 1;2;4;5;8;9;10
      0.139814907869; 0;1;2;3;5;7;10
      0.139793914296; 1;3;4;5;6;7;8;9;10
      0.139753125993; 0;1;2;3;4;5;8
      0.139744263640; 1;3;4;8;10
      0.139727453176; 0;2;5;6;7;8;10
      0.139699241401; 1;5;6;7;8;9
      0.139687382437; 0;1;3;4;6;7;8;9;10
      0.139680470916; 0;2;4;5;7;10
      0.139632424381; 0;1;2;5;8;10
      0.139625885111; 1;3;5;6;7;8;10
      0.139603340995; 3;4;6;10
      0.139602176777; 1;2;3;5;6;8;9;10
      0.139590595887; 0;4;7;10
      0.139584005533; 1;6;8;9;10
      0.139558937892; 0;2;4;6;7;8;10
      0.139544340969; 0;1;2;3;4;6;7;10
      0.139543829576; 0;1;2;4;5;10
      0.139531665917; 1;2;4;5;6;7;9
      0.139524913442; 1;5;9;10
      0.139504030105; 0;2;3;4;6;7;10
      0.139489965469; 0;4;5;6;7;8;10
      0.139479283482; 0;2;3;4;5;6;7;8;9;10
      0.139473976839; 0;1;2;3;4;5;6;7
      0.139448522451; 0;1;4;6;7;9;10
      0.139426158054; 0;1;2;3;4;7;8;10
      0.139407508327; 0;1;4;6;7;8;9
      0.139329496074; 1;2;3;6;8;10
      0.139309184542; 1;3;5;7;8;10
      0.139274745244; 1;3;5;6;7;10
      0.139271470445; 1;2;4;6;9;10
      0.139244837574; 2;3;4;5;6;8;10
      0.139241868753; 3;5;8;10
      0.139226477242; 1;5;7;9;10
      0.139220794330; 0;1;3;4;5;8;9;10
      0.139215410945; 0;1;4;5;7;10
      0.139209553669; 4;6;8;9;10
      0.139189650175; 0;2;5;6;10
      0.139161720022; 0;1;4;5;6;7;9;10
      0.139157856296; 2;3;4;5;8;9;10
      0.139110839180; 0;5;6;8;9;10
      0.139081467415; 0;2;3;4;5;6;8;10
      0.139066219942; 0;1;2;3;5;6;8;10
      0.139060531462; 2;3;4;5;8;10
      0.139049465710; 0;1;2;7;8;10
      0.139043936589; 0;1;2;3;4;8;9;10
      0.139032666999; 0;1;4;5;6;7;8
      0.139008308734; 1;2;4;5;6;8;9
      0.139005671655; 0;1;2;5;9;10
      0.138980038761; 0;1;4;6;7;10
      0.138976091748; 0;5;6;8
      0.138957489346; 1;5;7;8;10
      0.138942648620; 1;2;3;4;5;8;9;10
      0.138929406417; 1;2;3;4;6;7;8;10
      0.138915451636; 1;2;4;5;7;8;9;10
      0.138896644245; 1;3;4;5;6;7
      0.138885867978; 1;3;4;7;10
      0.138848098075; 1;2;4;6;7;10
      0.138846101463; 1;3;4;5;6;8;9
      0.138824909216; 1;4;6;7;8;9;10
      0.138755425783; 1;3;4;6;10
      0.138717145414; 1;3;4;5;6;8;9;10
      0.138705459539; 1;2;6;9;10
      0.138671808584; 0;1;4;5;6;7
      0.138650259670; 1;2;4;7;8;10
      0.138630057908; 0;1;2;5;6;9;10
      0.138612181647; 1;2;3;4;5;6;9;10
      0.138543483266; 1;2;3;4;5;7;9;10
      0.138480306433; 0;1;2;3;8;10
      0.138461688794; 4;6;9
      0.138447422674; 0;3;5;8;10
      0.138440665402; 1;3;5;6;10
      0.138426845219; 0;1;2;4;8;9;10
      0.138358597557; 0;2;3;5;6;7;9;10
      0.138332013801; 0;2;5;10
      0.138309718944; 4;5;7;8
      0.138279505041; 0;2;4;5;6;7;10
      0.138265609773; 1;2;3;6;7;10
      0.138214022219; 1;2;3;4;8;9;10
      0.138209352201; 1;4;6;7;9
      0.138192353786; 1;2;3;8;10
      0.138173571693; 1;2;4;5;8;10
      0.138172672737; 0;1;2;3;4;5;7;10
      0.138168469960; 0;1;4;6;8;9
      0.138106651210; 0;1;4;6;7;9
      0.138091744600; 0;1;2;6;7;8;10
      0.138054356027; 0;1;2;3;4;6;7;8;10
      0.138037335089; 1;3;5;8;10
      0.138020085032; 0;1;2;3;5;6;7;8;10
      0.138019699370; 0;1;5;6;7;8;9;10
      0.137989822650; 0;2;4;5;6;8;9
      0.137983636983; 0;1;4;6;10
      0.137981315915; 2;4;5;6;8;9;10
      0.137975248142; 0;1;3;4;6;9;10
      0.137927203899; 0;1;4;7;10
      0.137871533859; 0;1;2;3;6;10
      0.137863771778; 0;2;6;7;10
      0.137855144938; 3;5;6;8;10
      0.137827422172; 5;6;7;10
      0.137819195651; 0;1;3;4;6;7;8;10
      0.137785142556; 0;4;9;10
      0.137757028828; 0;4;5;6
      0.137746914154; 1;3;4;5;6;8
      0.137741236574; 1;2;4;5;6;7
      0.137730315600; 0;2;3;4;5;7;8;10
      0.137715805025; 3;4;5;6;10
      0.137681193822; 1;2;4;5;6;7;8;9
      0.137643977036; 2;4;5;6;7;9;10
      0.137628295577; 1;2;3;5;6;9;10
      0.137608954893; 0;3;4;5;8;10
      0.137561437341; 1;4;7;9;10
      0.137551775485; 1;5;6;9;10
      0.137549685707; 1;2;5;7;9;10
      0.137465066033; 1;3;5;6;9;10
      0.137461927568; 0;4;5;6;7;9
      0.137425184176; 0;4;6;9;10
      0.137344420026; 1;4;8;9;10
      0.137320500369; 0;2;3;4;5;6;7;10
      0.137314139159; 0;1;2;4;5;7;9;10
      0.137313791111; 0;1;2;4;5;8;9;10
      0.137305922393; 1;2;7;8;10
      0.137274452426; 0;2;4;5;6;7;8;10
      0.137271816222; 1;3;4;6;9;10
      0.137253876023; 1;2;3;4;5;6;7;9
      0.137251073638; 2;4;5;7;8;10
      0.137222899283; 0;5
      0.137222260693; 1;4;7;9
      0.137168503032; 0;1;2;5;6;7;10
      0.137163414401; 0;2;4;5;6;7;8
      0.137140857760; 1;2;3;4;6;7;10
      0.137120121998; 0;1;2;5;6;8;9;10
      0.137068653187; 0;3;4;5;6;8;10
      0.137054233882; 1;4;6;8;9
      0.137049822032; 0;2;5;8;10
      0.137017049202; 5;6;7;8;10
      0.137003611176; 1;2;5;6;9;10
      0.136972413082; 0;2;4;5;8;9;10
      0.136941909395; 0;1;4;5;6;7;9
      0.136869739481; 0;1;4;5;7;8;9;10
      0.136828638343; 0;1;4;5;8;9
      0.136811677166; 1;4;5;7;9;10
      0.136790453261; 1;2;3;4;6;8;9;10
      0.136737580186; 1;2;4;5;6;9
      0.136736861935; 1;2;3;4;5;6;7;8;9
      0.136701693190; 1;2;4;5;6;7;8
      0.136559639348; 1;2;4;5;7;8;10
      0.136553581151; 0;1;2;3;5;6;8;9;10
      0.136545767172; 0;1;3;4;5;8;9
      0.136537991417; 1;3;4;5;6;10
      0.136513539155; 1;2;4;5;9;10
      0.136489588747; 0;1;2;3;5;8;9;10
      0.136487951201; 0;2;3;5;6;8;10
      0.136419763926; 0;1;4;6;7;8
      0.136412567466; 1;8;10
      0.136389106824; 1;2;10
      0.136352443229; 0;4;6;7;8;10
      0.136348430405; 1;3;4;6;8;9;10
      0.136289134673; 2;5;6;8;10
      0.136279116696; 0;5;6;8;10
      0.136252274288; 0;1;2;3;4;6;8;9;10
      0.136243990980; 4;5;7;10
      0.136242811655; 1;4;5;6;7;8;9
      0.136220815432; 0;5;8;10
      0.136197269959; 0;4;5;6;7;10
      0.136164992608; 0;1;3;4;6;7;9;10
      0.136126444209; 2;5;6;7;10
      0.136057436930; 0;1;4;7;8;9;10
      0.136050736335; 0;1;2;6;8;9;10
      0.136047893188; 1;4;6;7;8
      0.136044601191; 0;1;2;3;4;9;10
      0.135979228366; 1;2;3;4;6;8;10
      0.135962754920; 0;2;3;4;5;6;7;9;10
      0.135951594882; 1;4;5;6;7;8;9;10
      0.135934008437; 1;2;4;6;8;9
      0.135923726453; 0;4;6;7;10
      0.135902631123; 0;4;5;6;7
      0.135888225861; 4;5;6;7
      0.135842108438; 0;1;4;5;6;9
      0.135830620733; 1;2;3;4;8;10
      0.135817519265; 0;1;2;3;4;6;8;10
      0.135798528979; 1;3;4;5;7;9;10
      0.135784376390; 0;3;4;5;6;7;8;9;10
      0.135782088158; 5;6;9;10
      0.135769621486; 0;1;3;4;5;7;10
      0.135756874252; 1;5;6;7;10
      0.135739531836; 1;2;3;4;5;7;8;10
      0.135721348687; 1;4;6;8;9;10
      0.135704161264; 0;1;3;5;8;9;10
      0.135668700676; 0;1;4;8;9;10
      0.135658812262; 4;5;7;8;10
      0.135621083607; 0;1;2;3;4;5;6;8
      0.135565755042; 0;1;2;3;4;5;7;9;10
      0.135481220497; 1;5;8;10
      0.135473391172; 1;2;3;4;5;6;9
      0.135468899819; 0;1;2;3;5;6;7;8;9;10
      0.135415855836; 0;1;2;4;7;8;9;10
      0.135359144292; 1;4;7;8;10
      0.135347411371; 1;5;6;8;9;10
      0.135290811418; 0;1;3;4;6;7;10
      0.135234922304; 1;4;5;8;9;10
      0.135168501859; 1;2;3;4;5;6;10
      0.135167770745; 0;6;8;10
      0.135167506380; 1;2;3;4;5;6;7;8;9;10
      0.135148312761; 1;2;5;6;7;9;10
      0.135115269424; 1;3;4;5;6;9
      0.135108043944; 1;2;3;4;5;6;7;9;10
      0.135089066333; 1;3;4;6;8;10
      0.135043558140; 0;1;4;7;8;10
      0.135014017007; 0;1;2;4;8;10
      0.135003879993; 1;4;5;6
      0.134982825864; 1;2;8;10
      0.134970659363; 0;1;2;4;5;6;9
      0.134955345805; 0;1;2;5;7;8;10
      0.134931947361; 1;2;3;4;5;6;7;8;10
      0.134926555993; 0;1;2;3;4;5;7;8;9;10
      0.134911613418; 0;1;2;4;5;6;7
      0.134907508731; 0;3;4;5;6;7;8;10
      0.134898757283; 2;4;5;6;8;10
      0.134897939560; 0;1;3;4;5;6;7;9;10
      0.134886933198; 1;3;4;5;6;7;9;10
      0.134804076371; 0;4;6;8
      0.134748176709; 0;1;3;4;5;7;9;10
      0.134703612842; 0;1;5;6;9;10
      0.134679470889; 1;2;3;4;5;9;10
      0.134675549492; 0;1;4;5;8;10
      0.134621664906; 1;3;4;5;10
      0.134602630659; 0;1;4;5;8;9;10
      0.134416784964; 0;1;2;3;4;5;8;10
      0.134409002546; 0;2;6;8;10
      0.134378421407; 0;1;4;5;8
      0.134248162257; 0;1;2;4;6;7;10
      0.134237695385; 0;1;2;4;5;7;8;10
      0.134226405948; 1;2;3;4;5;7;10
      0.134165360416; 0;5;6;9;10
      0.134108876369; 1;2;4;6;8;9;10
      0.134062461320; 0;1;2;5;6;7;9;10
      0.134038309370; 0;1;2;3;4;5;6;7;9
      0.134000084795; 0;2;4;5;6;9;10
      0.133930314567; 4;6;7;10
      0.133922761561; 0;2;4;5;7;8;10
      0.133886339035; 0;1;4;9;10
      0.133872741800; 0;1;2;6;7;10
      0.133835391644; 1;2;5;6;8;9;10
      0.133785336900; 1;2;3;4;5;6;8;9
      0.133781322330; 0;1;3;4;5;6;7;10
      0.133771735800; 0;2;4;6;8;9;10
      0.133769545212; 1;2;4;8;10
      0.133682208171; 0;1;5;7;8;10
      0.133674020888; 0;4;5;6;7;8
      0.133650262308; 0;1;3;4;5;8;10
      0.133649250555; 0;1;2;4;6;8;9;10
      0.133576126544; 1;2;5;6;7;10
      0.133557612103; 1;3;4;5;6;9;10
      0.133504831518; 1;2;5;6;8;10
      0.133485175692; 4;5;6;8;9;10
      0.133459299351; 2;4;5;6;7;8;10
      0.133424969288; 0;1;4;5;9;10
      0.133389227830; 1;2;4;6;7;8;9;10
      0.133386632119; 1;3;4;5;6;7;10
      0.133356987059; 4;5;6;7;8
      0.133351565279; 0;1;2;3;4;6;7;9;10
      0.133332142299; 0;1;3;4;5;9;10
      0.133279182626; 1;4;5;6;7;9;10
      0.133268381624; 1;4;6;7;8;10
      0.133190972493; 0;2;5;6;7;10
      0.133188827594; 0;1;4;6;9;10
      0.133169418306; 0;4;5;7;10
      0.133129250557; 0;1;5;6;8;9
      0.133111191424; 1;2;3;5;7;10
      0.133095344587; 2;5;6;7;8;10
      0.133072931648; 1;4;5;7;10
      0.133028512136; 0;1;2;4;5;7;10
      0.133009978599; 0;2;4;5;6;7;8;9;10
      0.132974012652; 0;1;2;4;6;7;9;10
      0.132897296525; 1;4;6;7
      0.132895496583; 5;8;10
      0.132891935426; 0;1;3;4;5;7;8;9;10
      0.132869110207; 0;1;3;4;5;6;8;9;10
      0.132843631846; 0;1;2;5;6;7;8;10
      0.132720381810; 1;3;5;6;8;10
      0.132709309553; 1;4;6
      0.132705611762; 1;2;4;5;6;7;8;10
      0.132683953573; 1;3;4;5;6;7;8
      0.132682000782; 0;1;4;6;8;9;10
      0.132648662452; 1;2;3;4;5;6;8;9;10
      0.132565076258; 0;1;3;4;5;6;7;9
      0.132558400998; 3;4;5;8;10
      0.132514918414; 1;4;5;6;7;8
      0.132453634236; 1;3;4;5;6;7;8;10
      0.132447480459; 1;2;4;5;6;8;10
      0.132440195689; 0;1;2;3;4;5;6;7;10
      0.132388897020; 0;4;5;6;9
      0.132325169407; 0;1;4;5;6;7;8;9
      0.132294645927; 0;1;5;8;10
      0.132274969503; 0;1;2;3;4;5;6;7;9;10
      0.132238961332; 1;3;4;5;8;10
      0.132209844413; 1;4;5;9
      0.132197455546; 4;5;10
      0.132043265160; 1;2;4;6;10
      0.132026589535; 1;2;3;5;8;10
      0.132000259135; 1;4;5;9;10
      0.131993431599; 1;3;4;5;9;10
      0.131959284892; 0;2;4;5;6;8
      0.131958643155; 1;4;5;8
      0.131949040716; 0;1;4;5;6;8;9
      0.131846690957; 0;1;2;4;5;6;7;8;9
      0.131784403113; 4;5;6;9
      0.131748022307; 1;6;8;10
      0.131692927373; 4;5;6;7;8;10
      0.131686870865; 1;4;5;7;8;10
      0.131652832865; 1;2;4;5;6;7;9;10
      0.131607434937; 1;2;6;7;8;10
      0.131596634107; 0;1;4;5;6;8
      0.131503441881; 0;1;3;4;5;6;9;10
      0.131417085877; 0;1;2;3;4;6;9;10
      0.131412054693; 0;1;2;3;4;5;6;8;10
      0.131398969892; 0;1;2;4;5;9;10
      0.131385497430; 0;3;4;5;6;7;9
      0.131285655008; 0;1;2;5;6;7;8;9;10
      0.131210413216; 3;4;5;6;8;10
      0.131186022892; 1;4;5;6;7
      0.131130798056; 0;1;2;4;6;8;10
      0.131113899064; 0;4;5;8
      0.131099534387; 0;4;5;6;7;9;10
      0.131097596698; 0;1;4;5;7;8;10
      0.131086384206; 0;1;2;4;5;6;8
      0.131036544598; 0;2;5;6;8;10
      0.131033675081; 0;2;4;5;8;10
      0.130989116169; 1;2;4;5;6;7;10
      0.130864137934; 1;4;5;8;10
      0.130840128337; 0;1;2;3;4;5;6;7;8;9;10
      0.130835951121; 1;3;4;10
      0.130827048466; 0;1;2;4;5;6;7;8
      0.130814916208; 0;4;5;6;8;9
      0.130766294712; 0;1;2;4;5;6;7;9
      0.130681887201; 0;1;3;4;5;6;8;10
      0.130657880133; 0;1;3;4;6;8;10
      0.130637611619; 0;4;5;6;8
      0.130435259694; 1;5;6;7;8;10
      0.130427051798; 0;1;2;3;4;5;6;10
      0.130350482910; 0;1;2;4;5;8;10
      0.130200470444; 0;1;2;4;5;6;8;9;10
      0.130186737660; 0;1;2;4;5;6;7;8;9;10
      0.130137485718; 1;5
      0.130041463945; 1;2;5;6;7;8;10
      0.130019363454; 0;4;5;7;8;10
      0.129988955441; 1;9
      0.129908397550; 0;2;10
      0.129904534206; 2;4;5;6;7;10
      0.129782888797; 0;1;3;4;5;6;7;8
      0.129774558455; 1;2;4;5;6;8;9;10
      0.129656156919; 1;2;4;5;6;7;8;9;10
      0.129617357657; 0;1;4;8;10
      0.129457238705; 0;1;2;3;4;5;6;8;9
      0.129332091616; 0;2;4;6;8;10
      0.129308580784; 1;2;3;4;5;6;8;10
      0.129306067749; 1;4;6;8
      0.129301546917; 0;4;6;8;10
      0.129276241196; 0;2;4;5;6;8;9;10
      0.129254497490; 1;4;6;7;9;10
      0.129242479763; 0;1;2;3;4;5;6;7;8;10
      0.129207349979; 1;2;4;6;7;8;10
      0.129202608815; 0;1;2;5;6;8;10
      0.129105455737; 1;4;6;7;10
      0.129063830035; 1;4;6;9
      0.128986716773; 4;5;6;7;9;10
      0.128908221462; 1;2;5;8;10
      0.128907818368; 0;1;4;5;6;7;8;9;10
      0.128824699476; 1;4;5;6;8
      0.128779613287; 0;1;4;5;6;7;10
      0.128718756445; 3;4;10
      0.128685872156; 0;2;4;8;10
      0.128659633138; 5;6;8;10
      0.128634176391; 1;4;5;6;7;8;10
      0.128629761708; 4;5;8;10
      0.128528261484; 0;2;8;10
      0.128363016993; 0;1;2;3;4;5;6;8;9;10
      0.128311348989; 0;1;5;6;8;10
      0.128029058081; 0;1;2;3;4;5;9;10
      0.127997446321; 0;4;6
      0.127923588737; 0;1;4;6;7;8;10
      0.127834880056; 1;2;4;5;6;10
      0.127824086751; 0;1;4;5;6;9;10
      0.127733599546; 0;5;7;8;10
      0.127674784716; 1;2;4;5;6;9;10
      0.127583878331; 1;4;5;6;8;9;10
      0.127511927440; 4;5;6;9;10
      0.127505918055; 1;3;4;5;7;10
      0.127199573266; 0;4;8
      0.127007430487; 1;4;5;6;8;9
      0.126975081541; 0;4;5;6;9;10
      0.126962005914; 0;1;2;4;5;6;10
      0.126691043521; 0;1;2;3;4;5;8;9;10
      0.126681566617; 0;1;4;5;6;7;8;10
      0.126516409728; 1;3;4;5;8;9;10
      0.126384381368; 1;4;9;10
      0.126367243963; 1;2;3;4;5;8;10
      0.126278867799; 0;4;5;6;8;10
      0.126243675414; 0;1;2;4;5;6;8;10
      0.126022630160; 0;1;2;4;5;6;7;10
      0.125963276149; 0;1;3;4;5;6;7;8;10
      0.125513244076; 4;5;6;7;10
      0.125435943144; 4;6;8;10
      0.125356587836; 0;4;5;10
      0.125267670240; 1;2;3;4;5;6;7;10
      0.125206626735; 0;4
      0.125157943650; 0;2;4;5;6;8;10
      0.124952767829; 0;1;2;3;4;5;6;9;10
      0.124699509840; 1;2;3;4;5;10
      0.123711635969; 1;4;5;10
      0.123666679734; 0;2;4;5;6;10
      0.123459294608; 0;4;5;6;8;9;10
      0.123224452741; 5;6;10
      0.123148330707; 0;5;6;10
      0.123128820088; 4;5;6;8;10
      0.123009533184; 1;5;6;8;10
      0.122960262372; 0;1;2;4;5;6;7;9;10
      0.122852070777; 0;1;2;4;5;6;7;8;10
      0.122760887510; 1;4;6;8;10
      0.122737104541; 0;1;4;5;6;8;9;10
      0.122541367008; 0;1;2;8;10
      0.122456143129; 3;4;5;10
      0.122296204988; 1;4;9
      0.121928107078; 0;4;5;8;10
      0.121897561126; 0;1;2;4;5;6;8;9
      0.121891269496; 1;3;4;5;6;8;10
      0.120968572968; 1;4;5;6;7;10
      0.120851334654; 1;4;5;6;9;10
      0.120535818043; 1;4;6;9;10
      0.119713914760; 4;8
      0.119259827610; 0;4;5;6;10
      0.119250261551; 4;6;10
      0.118887232970; 0;1;4;6;8;10
      0.118060243050; 1;6
      0.117783716505; 0;8;10
      0.117526972432; 1;4;5;6;8;10
      0.117059455687; 1;4;5;6;10
      0.116680036743; 0;4;8;10
      0.116671707938; 1;5;6;10
      0.116434141919; 0;1;4;5;6;8;10
      0.116430577905; 1;4;8
      0.116292671404; 4;5;6;10
      0.116114928433; 1;4;5;6;9
      0.116074853720; 4;7
      0.115659464573; 0;6;10
      0.115162756409; 1;4;8;10
      0.115072984102; 0;1;2;4;5;6;9;10
      0.114254717308; 1;8
      0.113375619048; 0;4;6;10
      0.112889208185; 2;10
      0.111059646834; 0;5;10
      0.110941314960; 4;9
      0.110662985147; 3;10
      0.109834664016; 1;5;10
      0.109504741451; 1;4;6;10
      0.108597551073; 0;4;10
      0.107544472527; 0;8
      0.104712547177; 1;4;10
      0.103432466418; 1;6;10
      0.102035176401; 4;10
      0.099632136551; 0;10
      0.097867361424; 1;4
      0.097863518333; 0;6
      0.093057577121; 1;10
      0.092145206523; 5;10
      0.086141640411; 6;10
