      0.524902737333; 3;10
      0.459882352941; 3;9
      0.420361173903; 3;9;10
      0.406530872089; 3;8;9
      0.393181958131; 3;7;10
      0.389699238950; 3;8;10
      0.387999611726; 9;10
      0.387272434386; 3;7;9
      0.356491555038; 3;8
      0.348338890276; 3;6;9
      0.344064859385; 3;4;10
      0.340322660059; 3;8;9;10
      0.338081537566; 7;10
      0.337350048082; 3;6;10
      0.328872424095; 3;4;9
      0.328748657283; 0;3;10
      0.328226363813; 3;7
      0.327494816297; 2;3;10
      0.326971945895; 3;7;9;10
      0.326083515621; 7;9;10
      0.320764755332; 3;5;10
      0.314161620858; 0;3;9
      0.313929854391; 1;3;10
      0.307868319046; 1;3;9
      0.307453557622; 3;5;9
      0.307449633506; 3;7;8;9;10
      0.300922539313; 0;1
      0.298008275282; 3;6;9;10
      0.296879803888; 2;3;9
      0.296871043165; 8;9;10
      0.296095800347; 3;7;8
      0.295967411239; 6;9;10
      0.293419821773; 3;7;8;10
      0.290438926696; 3;7;8;9
      0.288257814017; 7;9
      0.281065812464; 8;9
      0.278398857347; 2;3;9;10
      0.277609211666; 3;6;8;9
      0.276098078598; 3;4;9;10
      0.275936657698; 1;3;9;10
      0.273212968356; 8;10
      0.272377707161; 3;6;8;10
      0.272051831456; 1;3;8;9;10
      0.272047706359; 1;3;8;10
      0.268839419241; 3;6;8;9;10
      0.268478819661; 3;6;7;9
      0.266267588992; 0;3;9;10
      0.266226595308; 3;5;8;10
      0.264986003939; 0;3;8;9
      0.264081474722; 3;5;9;10
      0.263936176422; 7;8;9;10
      0.263044546009; 2;3;7;8;9;10
      0.262720735152; 3;4;7;9
      0.261459598740; 7;8;10
      0.260690235907; 3;6;7;10
      0.259231923773; 3;4;8;9
      0.258510132894; 3;6;7;9;10
      0.256744862212; 3;4;8;10
      0.256593282858; 2;5
      0.254851375885; 0;3;8;10
      0.254385941420; 2;9;10
      0.254271124054; 2;3;8;10
      0.253975543357; 1;3;4;9;10
      0.253713192839; 0;1;3;10
      0.253701951238; 1;3;8;9
      0.253426521817; 1;9;10
      0.252684465718; 1;3;7;10
      0.252339317678; 1;3;7;9
      0.251790504898; 3;5;7;9
      0.251728816790; 2;3;7;9
      0.250277285478; 1;3;7;8;10
      0.250165155854; 3;5;8;9
      0.249913922250; 3;4;8;9;10
      0.249100075371; 3;6;7;8
      0.249041461903; 3;5;8;9;10
      0.248841875692; 2;3;5;9
      0.248475124218; 1;2;3;9;10
      0.247978404809; 2;3;5;9;10
      0.246884674535; 1;3;6;8;9
      0.246679098569; 3;4;7;10
      0.246634075222; 2;3;8;9
      0.246057063618; 0;1;3;9;10
      0.246019853129; 0;1;3;9
      0.245950917383; 1;2;3;10
      0.245607094622; 3;6;7;8;9;10
      0.244815571749; 0;3;8;9;10
      0.244192396929; 3;4;7;9;10
      0.243356712020; 2;3;4;10
      0.243354755621; 2;3;6;10
      0.243049279455; 2;3;7;9;10
      0.242672916436; 2;3;4;9
      0.242328609406; 0;3;6;8;9
      0.241709574553; 2;3;6;9;10
      0.241505031330; 1;3;7;8;9;10
      0.241408059268; 3;4;7;8;9
      0.241258623489; 1;3;6;9;10
      0.241123019830; 2;3;7;8;9
      0.241089777446; 0;1;3;8
      0.240849569581; 3;6;8
      0.240769730811; 3;5;8
      0.240510642602; 6;7;8;9;10
      0.240367065395; 6;8;9;10
      0.240065874130; 3;5;7;10
      0.239862334597; 2;3;6;9
      0.239586333773; 0;3;7;9
      0.239429084830; 1;3;4;10
      0.239158141951; 0;3;7;10
      0.238475857675; 0;3;6;9
      0.238118988367; 3;6;7;8;10
      0.238017655940; 1;2;3;9
      0.237876927365; 3;6;7;8;9
      0.237707629586; 7;8
      0.237312809288; 0;9;10
      0.237049925684; 0;1;3;8;9;10
      0.236987413078; 3;5;6;10
      0.236884261232; 1;3;8
      0.236750764326; 1;3;7;8;9
      0.236449035524; 3;5;7;9;10
      0.236205588627; 6;8;10
      0.235889875235; 3;4;6;10
      0.235699216473; 6;7;10
      0.235277836881; 2;7;9;10
      0.234985928560; 7;8;9
      0.234931605421; 0;1;3;8;9
      0.234795961949; 2;4
      0.234679878736; 0;1;3;8;10
      0.234463511258; 3;4;6;9;10
      0.234282202697; 2;3;4;9;10
      0.233961989860; 2;3;7
      0.233362503865; 0;1;3;7;8;9;10
      0.232983445288; 0;3;6;8;9;10
      0.232638001849; 2;3;5;10
      0.232456656394; 0;3;4;10
      0.232356782887; 2;3;7;8;10
      0.232354905367; 1;2;3;8;10
      0.232339864360; 0;1;3;7;10
      0.232239654649; 3;5;7;8;9
      0.232025295123; 2;3;5;8;9
      0.231946743799; 2;3;6;8;9
      0.231712259220; 0;3;7;9;10
      0.231647862768; 2;3;7;10
      0.231373241695; 2;3;4;8;9
      0.231356197987; 3;4;7;8;9;10
      0.231176729166; 5;9;10
      0.230383826274; 1;8;10
      0.228809928314; 6;7;8;10
      0.228497847649; 0;2;3;8;9;10
      0.228459035747; 1;2;3;8;9
      0.228316108711; 0;3;6;8;10
      0.228262364508; 3;4;7;8;10
      0.228233786289; 3;5;7
      0.228186154115; 1;3;6;9
      0.228002130318; 3;4;5;10
      0.227777518928; 3;6
      0.227574692136; 5;7;8;9;10
      0.227405755408; 1;3;7;8
      0.226909470185; 3;5;6;8;10
      0.226663001379; 4;8;9;10
      0.226604397028; 2;3;4;8;9;10
      0.226575456346; 0;7;9;10
      0.226331605197; 1;3;6;8;9;10
      0.226274514599; 4;7;9;10
      0.226184471444; 1;2;3;7;8;9
      0.226182637198; 1;3;6;10
      0.226133541318; 0;3;6;10
      0.225988901973; 1;3;7;9;10
      0.225967003596; 0;1;9;10
      0.225720661314; 6;7;9;10
      0.225338439283; 2;7;8;9;10
      0.224768525663; 3;6;7
      0.224760034927; 2;3;5;8;9;10
      0.224697686026; 0;1;7;10
      0.224287165211; 1;2;3;8;9;10
      0.223856550888; 2;3;6;7;9;10
      0.223427259768; 4;9;10
      0.223191812544; 1;3;6;8;10
      0.223100455036; 2;3;8;9;10
      0.223090075397; 5;7;9;10
      0.222976577911; 1;2;3;7;9
      0.222929411001; 1;3;4;7;10
      0.222874633877; 1;2;3;7;9;10
      0.222701973093; 0;1;3;7;9
      0.222616580990; 3;4;7
      0.221982084913; 2;3;5;7;9;10
      0.221933084067; 5;8;9;10
      0.221505355596; 4;7;8;9;10
      0.221489714225; 0;3;7;8;10
      0.221439550139; 2;8;9;10
      0.221412152980; 6;10
      0.221230933095; 2;3;5;8;10
      0.221041171139; 1;8;9;10
      0.220997770665; 0;1;3;6;7;8;9;10
      0.220836178294; 1;3;5;9
      0.220807975576; 0;3;4;9;10
      0.220720235310; 0;3;5;8;10
      0.220690088438; 2;3;6;8;9;10
      0.220637516523; 3;4;5;8;9;10
      0.220501002960; 1;3;6;7;10
      0.220105401675; 5;8;10
      0.219999615588; 0;1;2
      0.219948326585; 0;1;3;7;9;10
      0.219865288976; 0;1;3
      0.219826012702; 1;3;5;8;9;10
      0.219516738208; 0;3;7
      0.219091338016; 1;2;3;7;8;9;10
      0.219047828564; 2;3;6;8;10
      0.218982677430; 2;4;5
      0.218912237670; 1;7;10
      0.218472303458; 2;3;5;7;10
      0.218430074001; 3;4;8
      0.218369942846; 0;1;2;3;9
      0.217973789922; 0;3;5;8;9;10
      0.217928418141; 3;4;6;8;10
      0.217920650192; 1;3;4;9
      0.217733725290; 0;3;7;8;9;10
      0.217659981591; 0;3;4;8;9;10
      0.217352868581; 0;8;9;10
      0.217164492890; 0;1;10
      0.217162345585; 0;3;6;9;10
      0.217112454386; 1;2;3;7;8;10
      0.217082302225; 1;3;6;7;8;9;10
      0.217048301508; 0;3;4;7;9;10
      0.216601821180; 1;7;9;10
      0.216537345774; 0;2;3;10
      0.215894132112; 2;4;8;9;10
      0.215636555395; 2;3;4;7;8;9
      0.215607216093; 3;4;5;9
      0.215541392313; 0;1;3;7;8;10
      0.215331718960; 3;4;6;8;9
      0.215260461074; 3;5;7;8;10
      0.215165353563; 0;3;4;9
      0.214893102308; 0;3;6;7;10
      0.214869628636; 1;3;4;8;10
      0.214855262289; 0;1;4
      0.214692263550; 3;4;5;8;9
      0.214689742626; 1;3;4;8;9;10
      0.214464842015; 0;2;3;9;10
      0.214377917029; 0;1;3;7;8
      0.214345353734; 1;3;5;8;10
      0.214085513606; 0;3;5;8;9
      0.213791736576; 1;3;5;6;8;9;10
      0.213649427551; 1;2;3;4;9;10
      0.213548672932; 2;3;4;7;9
      0.213503770702; 0;7;10
      0.213456313403; 5;7;10
      0.213434050356; 1;3;6;7;8;10
      0.213432407716; 1;6;7;9;10
      0.213359629582; 1;3;4;7;8;9
      0.213073433869; 0;1;2;3;8;9;10
      0.213035405801; 1;3;5;7;8;9
      0.212933673712; 3;5;6;7;8;10
      0.212898588756; 1;3;5;9;10
      0.212822383835; 2;4;9;10
      0.212553910574; 0;8;10
      0.212287133369; 0;3;5;10
      0.211975363696; 3;4;5;7;9;10
      0.211786183804; 0;2;3;9
      0.211672059787; 3;4;7;8
      0.211645753463; 3;5;6;8;9;10
      0.211637462080; 1;3;5;10
      0.211580919422; 1;3;6;7;9
      0.211544424146; 2;7;8;10
      0.211456229064; 0;1;3;7;8;9
      0.211128419107; 0;2;3;7;9;10
      0.211066982371; 0;2;3;7;8;9;10
      0.211063749130; 1;3;6;7;8;9
      0.211002568468; 0;1;3;5;8;9;10
      0.210795573675; 2;6
      0.210656800122; 0;7;8;10
      0.210649835360; 0;7;8;9;10
      0.210532949831; 0;1;8;10
      0.210495365563; 2;3;4;5;8;9;10
      0.210354124036; 0;1;3;7
      0.210252931853; 3;4;5;9;10
      0.210131376229; 4;8;10
      0.209919492592; 2;3;5;7;9
      0.209825386953; 2;3;4;5;9
      0.209813300853; 0;2;3;7;9
      0.209791977385; 3;5;7;8;9;10
      0.209721538848; 3;4;6;8;9;10
      0.209667286845; 2;3;6;7;8;9
      0.209643140269; 1;3;5;7;9
      0.209550995989; 2;4;7;8;9;10
      0.209421063842; 1;3;7
      0.209059137556; 0;3;4;7;8;9
      0.208871447352; 1;2;3;5;9;10
      0.208838668110; 3;5;6;7;10
      0.208774982166; 3;5;6;9
      0.208658262213; 1;7;8;9;10
      0.208643883082; 0;2;3;8;10
      0.208538885204; 3;5;6;8;9
      0.208415429829; 2;3;4;8
      0.208380289280; 0;1;7;8;10
      0.208326125688; 1;2;3;7;10
      0.208257328427; 3;5;6;9;10
      0.207997490927; 0;3;4;7;10
      0.207952850976; 4;7;8;10
      0.207828304544; 2;3;5;8
      0.207791752724; 0;3;8
      0.207661236271; 2;3;6;7;8;10
      0.207644623179; 0;3;4;8;10
      0.207381581587; 1;2;3;4;8;9
      0.207377376702; 0;1;3;4;9;10
      0.207340483491; 0;1;3;6;7;9;10
      0.207011043210; 1;3;4;7;9
      0.206936206147; 0;1;2;3;7;9;10
      0.206836757650; 2;3;4;7;10
      0.206505107416; 6;8;9
      0.206455397517; 0;3;6;7;9
      0.206434504456; 2;3;4;7;9;10
      0.206330882616; 2;3;4;6;10
      0.206271814842; 1;6;8;9;10
      0.206199230409; 2;3;5;7;8;9
      0.206153122429; 3;4;6;9
      0.206044157626; 0;1;2;3;8;10
      0.205978357536; 1;2;3;7
      0.205956368001; 3;5;6;7;8;9;10
      0.205856142176; 0;3;6;7;8;10
      0.205854226762; 3;5;6;7;8;9
      0.205829030262; 2;3;6;7;9
      0.205781079075; 2;3;4;8;10
      0.205780589127; 2;3;8
      0.205601380364; 3;4;6;7;10
      0.205270537767; 0;1;5
      0.205247208050; 1;3;6;7;8
      0.205098108690; 0;3;5;6;8;9;10
      0.205004088571; 1;2;3;4;9
      0.205002889098; 2;3;4;7;8;9;10
      0.204983960468; 0;1;3;5;8;10
      0.204864572057; 1;3;4;7;8;10
      0.204825078401; 0;1;3;4;9
      0.204742427431; 3;4;6;7;9;10
      0.204700043039; 1;2;3;5;7;8;9;10
      0.204643112315; 1;5;7;8;9;10
      0.204636457645; 1;3;4;8;9
      0.204595187906; 0;1;3;6;9;10
      0.204449816361; 2;3;5;7;8;9;10
      0.204408407929; 0;1;2;8;9;10
      0.204358068230; 2;3;5;7;8;10
      0.204225048230; 0;1;3;6;8;10
      0.204088418162; 1;2;3;4;8;9;10
      0.203984816843; 0;3;4;6;9;10
      0.203964061320; 1;2;8;10
      0.203940143333; 0;2;3;8;9
      0.203843947704; 0;1;3;6;9
      0.203793085318; 0;3;7;8
      0.203761005127; 1;2;3;5;9
      0.203674566954; 2;3;6;8
      0.203507769404; 6;7;9
      0.203490999845; 3;4;6;7;9
      0.203474201675; 3;4;5;7;9
      0.203434752506; 0;1;2;3;9;10
      0.203244725510; 2;5;9
      0.203240401711; 1;6;8;10
      0.203239039485; 0;2;3;7;10
      0.203107223541; 1;3;6;8
      0.203025149768; 1;3;5;8;9
      0.202953854616; 0;1;3;4;7;8;9;10
      0.202928086287; 2;3;7;8
      0.202915277742; 3;4;5;7;8;9
      0.202765698073; 0;1;3;4;8;9;10
      0.202743655558; 0;1;7;9;10
      0.202714290858; 2;8;10
      0.202524615601; 1;6;7;8;9;10
      0.202469523068; 1;2;3;6;8;9;10
      0.202465330575; 2;5;7;8;9;10
      0.202452310845; 1;2;3;4;7;8;9;10
      0.202403141802; 1;7;8;10
      0.202388600521; 0;3;4;7;9
      0.202372199704; 0;6;7;8;10
      0.202251126246; 0;1;9
      0.202198527392; 3;5;7;8
      0.202147466396; 2;3;4;6;7;9
      0.202065257768; 1;2;7;9;10
      0.202061046602; 5;7;8;10
      0.201792048846; 2;3;5;6;7;8;9;10
      0.201748612394; 0;3;5;9
      0.201705730775; 1;2;3;5;8;9;10
      0.201626869961; 2;3;4;5;7;8;9
      0.201626088322; 3;4;6;8
      0.201470245209; 2;3;5;6;10
      0.201437877065; 0;1;8
      0.201429589640; 1;2;3;6;9;10
      0.201404898759; 1;3;6;7;9;10
      0.201285767617; 0;3;6;7;8;9
      0.201283391837; 1;3;5;7;8;9;10
      0.201253732634; 1;2;3;6;10
      0.201241798220; 1;2;9;10
      0.201132000764; 1;2;7;8;9;10
      0.201104924203; 2;5;7;9;10
      0.201093865242; 0;1;3;6;10
      0.201039738420; 1;2;3;8
      0.200896413552; 0;3;4;6;8;9;10
      0.200781739084; 3;4;5;7;10
      0.200620347923; 2;3;5;7;8
      0.200598912503; 3;4;5;7;8;9;10
      0.200537844955; 0;1;3;6;7;9
      0.200404210535; 3;4;6;7;8;10
      0.200383606373; 2;6;8;9;10
      0.200343500331; 2;7;10
      0.200131657812; 1;2;4;7;9;10
      0.200125028156; 2;3;4;5;8;9
      0.200093912464; 2;4;8;10
      0.200072396296; 4;7;10
      0.199894656766; 1;2;3;4;10
      0.199694272009; 0;2;3;6;8;9;10
      0.199660716077; 1;3;5;6;9;10
      0.199569744538; 1;3;4;5;8;9;10
      0.199531690558; 0;3;4;5;7;9;10
      0.199328650019; 2;3;6;7;8;9;10
      0.199284777517; 0;1;2;5
      0.199230701549; 0;1;3;4;8;9
      0.199152069291; 0;3;4;8;9
      0.198957883310; 3;4;6;7;8;9;10
      0.198739144326; 3;4;5;6;10
      0.198728792007; 2;5;8;9;10
      0.198715656132; 2;3;4;7;8;10
      0.198703957851; 2;4;6;8;9;10
      0.198684501888; 1;3;4;6;8;9;10
      0.198598104858; 4;5;7;8;9;10
      0.198584039199; 1;3;5;7;8;10
      0.198547495246; 0;1;7;8;9;10
      0.198510128191; 0;3;6;7;8;9;10
      0.198494288639; 0;1;6
      0.198470050000; 0;3;5;9;10
      0.198459254312; 0;1;3;6;8
      0.198303513324; 2;5;9;10
      0.198168363462; 2;3;4;6;9;10
      0.198039065740; 2;3;6;7;10
      0.197875930523; 1;6;10
      0.197665222206; 2;3;4;7
      0.197615153542; 0;3;5;6;9
      0.197606295663; 2;4;6
      0.197542479360; 2;3;4;6;8;9
      0.197493451379; 0;3;6;7;9;10
      0.197491571663; 0;1;8;9;10
      0.197473346808; 2;4;7;9;10
      0.197376008406; 1;2;3;6;8;10
      0.197300003535; 1;3;4;6;10
      0.197085582320; 2;3;4;7;8
      0.196958214503; 0;1;2;3;8;9
      0.196866832051; 1;2;3;7;8
      0.196817430367; 0;1;6;9;10
      0.196799917084; 1;3;4;6;9;10
      0.196613913098; 1;2;5
      0.196306146403; 1;6;7;10
      0.196261675227; 0;1;2;3;7;8;10
      0.196135473111; 2;3;5;6;9
      0.196092964245; 0;3;7;8;9
      0.195774168419; 1;2;3;6;7;8;9;10
      0.195750534934; 0;1;2;3;7;8;9
      0.195577556899; 1;2;3;6;7;8;9
      0.195536129203; 2;3;4;6;7;10
      0.195500981043; 0;1;2;3
      0.195365082739; 3;4;5;6;9;10
      0.195347331451; 1;2;3;5;10
      0.195282904436; 3;4;6;7
      0.194992587123; 3;5;6;8
      0.194876098442; 0;1;3;6;8;9;10
      0.194834285975; 1;3;5;7;10
      0.194816629294; 0;2;3;6;9
      0.194810680742; 2;3;5;7
      0.194704513419; 2;6;9;10
      0.194697647777; 0;1;2;9;10
      0.194605026436; 0;3;4;7;8;9;10
      0.194538667838; 1;6;7;8;10
      0.194516674162; 2;5;7;8;10
      0.194510264079; 1;3;4;6;7;8;9;10
      0.194327509873; 2;3;4;6;8;10
      0.194317203726; 1;3;5;6;7;8;9
      0.194268136157; 1;2;3;6;9
      0.194262258669; 0;1;3;4;8;10
      0.194072675118; 4;6;7;9;10
      0.194062656119; 0;3;5;7;8;9;10
      0.194021147936; 0;1;2;3;10
      0.193933285397; 4;6;9;10
      0.193929024350; 0;2;3;6;10
      0.193896249728; 1;2;3;5;7;9;10
      0.193887980151; 5;6;7;8;9;10
      0.193719361985; 1;2;8;9;10
      0.193526154613; 0;2;3;5;9
      0.193521631411; 1;3;4;7;8;9;10
      0.193518683884; 2;6;7;9;10
      0.193463939495; 0;2;3;7;8;9
      0.193322811033; 5;6;8;9;10
      0.193276057572; 0;1;3;6;7;8;10
      0.193230758308; 0;1;2;3;7;9
      0.193191286217; 2;3;4;6;8;9;10
      0.193189467994; 2;3;4;5;10
      0.193175034183; 0;1;3;6;7;8;9
      0.193113912449; 3;5;6;7;9;10
      0.193010620080; 0;6;8;10
      0.193006714174; 0;1;3;4;10
      0.192978180288; 1;2;3;4;8;10
      0.192965191149; 0;6;9;10
      0.192829557978; 0;2;3;4;8;9
      0.192820762826; 0;1;2;10
      0.192805510625; 1;3;4;7;9;10
      0.192723088504; 0;6;7;8;9;10
      0.192532055164; 2;3;5;6;8;9;10
      0.192363679904; 0;2;3;4;7;8;9
      0.192342350638; 3;4;5;8;10
      0.192174981460; 2;3;5;6;8;9
      0.192079502319; 1;2;3;5;7;8;9
      0.192050007223; 2;6;8;10
      0.192014330863; 0;1;3;6;7;10
      0.191982449609; 0;5;7;9;10
      0.191944046861; 0;2;3;5;8;9;10
      0.191852721849; 0;3;5;6;8;9
      0.191805046717; 0;1;2;7;8;10
      0.191711521403; 1;2;3;4;7
      0.191677933613; 0;1;3;5;9
      0.191638272391; 0;1;3;5;6;7;8;9
      0.191610060659; 1;2;4
      0.191567868153; 1;2;3;4;7;8;10
      0.191562539362; 5;6;8;10
      0.191548970459; 4;8;9
      0.191503363513; 3;5;6;7;8
      0.191427382065; 0;1;3;6
      0.191355138228; 0;2;3;4;8;10
      0.191332545288; 0;6;8;9;10
      0.191263989885; 1;5;9;10
      0.191163629873; 0;2;3;4;7;8;9;10
      0.191001753929; 1;2;3;4;7;10
      0.190888245313; 1;2;3;5;8;10
      0.190883634467; 1;4;8;9;10
      0.190770178472; 1;3;4;5;6;9;10
      0.190728966338; 2;5;8;10
      0.190720761547; 0;2;3;7;8
      0.190633324745; 1;3;5;6;8;9
      0.190623191161; 0;3;5;7;9
      0.190517547184; 0;1;2;3;4;8;9
      0.190476804105; 1;3;5;7;8
      0.190397550909; 0;2;3;8
      0.190348242504; 1;6;9;10
      0.190290653347; 0;1;3;4;7;10
      0.190263383709; 4;6;7;8;9;10
      0.190215121509; 0;4;9;10
      0.189996860432; 1;2;3;6;7;9;10
      0.189983242168; 2;6;7;8;9;10
      0.189934883514; 0;3;4;5;8;9;10
      0.189885618977; 2;6;10
      0.189885572908; 0;1;7
      0.189855099308; 0;1;2;4
      0.189836312051; 1;2;3;4;7;8
      0.189751604596; 1;3;5;8
      0.189730362224; 2;3;4;5;6;8;9
      0.189711150724; 1;2;5;8;9;10
      0.189622554418; 5;6;7;9;10
      0.189614288011; 0;2;3;4;9
      0.189606457682; 1;3;5;7;9;10
      0.189537337268; 2;5;6;8;9;10
      0.189534880215; 0;3;4;6;10
      0.189524018044; 0;6;10
      0.189455429007; 0;1;2;8;10
      0.189425951037; 1;3;5;6;7;8;9;10
      0.189421233541; 2;5;6;9;10
      0.189412606476; 1;2;3;4;7;9;10
      0.189411796161; 0;2;3;6;9;10
      0.189404820096; 0;3;5;6;7;10
      0.189341356064; 1;3;4;5;9
      0.189256253846; 0;1;6;7;9;10
      0.189225712214; 2;3;4;5;7;9;10
      0.189171726657; 0;1;3;5;8;9
      0.189140720442; 2;3;6
      0.189076843710; 0;1;2;3;4;9
      0.189009402058; 2;4;7;8;10
      0.188867925156; 6;7;8;9
      0.188863509078; 0;1;3;4;7;9;10
      0.188850592313; 2;4;8
      0.188738634241; 1;2;3;4;7;9
      0.188662938205; 1;5;7;9;10
      0.188649351240; 1;2;3;4
      0.188605443862; 5;7;9
      0.188585965003; 3;5;6;7;9
      0.188498836449; 0;1;5;8;9;10
      0.188481320459; 0;2;8;10
      0.188412319129; 0;2;3;4;10
      0.188385369686; 0;2;3;6;7;8;9;10
      0.188257987415; 1;5;7;8;10
      0.188098376038; 1;2;3;6;8;9
      0.188078976190; 0;3;4;7;8;10
      0.188068576042; 3;5;6;7
      0.188030075233; 0;2;3;7;8;10
      0.187989088302; 1;2;3;6
      0.187910331510; 0;1;2;3;4;7;8;9
      0.187908255921; 0;6;7;9;10
      0.187900166445; 0;1;2;7;10
      0.187899747714; 0;3;5;8
      0.187874163705; 1;2;3;5;7;9
      0.187852444046; 1;4;7;10
      0.187836271666; 1;3;5;6;7;9
      0.187786233480; 0;2;7;8;9;10
      0.187694228620; 0;3;5;7;10
      0.187681887792; 0;6;7;10
      0.187618178580; 2;3;4;6;7;9;10
      0.187605525544; 1;4;7;8;9;10
      0.187586228364; 1;2;3;5;7;10
      0.187545332810; 0;1;2;3;7;8
      0.187532005753; 1;2;3;6;7;9
      0.187500654287; 4;5;7;8;10
      0.187459754144; 0;1;2;3;6;8;9
      0.187444725350; 2;3;4;6;8
      0.187429821009; 3;4;5;7;8
      0.187421494105; 1;3;5;6;7;8;10
      0.187353685108; 2;3;4;6;9
      0.187350648173; 2;3;6;7;8
      0.187332899657; 2;3;4;5;9;10
      0.187314127074; 0;3;6;7;8
      0.187301354112; 3;4;5;6;8;9
      0.187283272725; 3;4;5;6;8;10
      0.187265238917; 0;4;7;8;9;10
      0.187201175327; 1;2;4;8;10
      0.187128828874; 0;1;2;3;5;9
      0.187071183007; 0;2;3;6;8;9
      0.187052804977; 2;3;4;5;6;8;9;10
      0.187015473848; 1;3;4;5;7;8;9
      0.186996159829; 0;1;6;8;10
      0.186887728005; 4;6;10
      0.186868703691; 0;1;3;6;7;8
      0.186692565830; 0;2;9;10
      0.186642217344; 2;5;6;7;9;10
      0.186570811007; 4;5;8;9;10
      0.186564976619; 3;4;5;6;7;9
      0.186494987293; 0;5;7;8;9;10
      0.186406908631; 0;1;3;4;7;9
      0.186391413692; 1;2;3;5;7;8;10
      0.186320015352; 3;4;5;6;8;9;10
      0.186287016081; 0;1;3;5;7;8;9;10
      0.186256818866; 0;2;5
      0.186193364945; 1;2;5;7;8;9;10
      0.186115196866; 0;1;3;5;7;8;10
      0.186078519423; 2;3;6;7
      0.185973237298; 1;2;3;5;8;9
      0.185952310887; 1;5;7;10
      0.185914349817; 0;1;6;10
      0.185899876417; 2;3;5;6;7;8;9
      0.185885417251; 0;1;3;5;6;8;9
      0.185869821862; 4;6;7;10
      0.185843944249; 1;2;4;8;9;10
      0.185786770079; 2;3;5;6;9;10
      0.185695891504; 1;4;7;9;10
      0.185663742368; 2;3;4;6;7;8;9
      0.185560286136; 1;2;3;4;5;8;9;10
      0.185509998059; 1;10
      0.185498271328; 1;3;4;5;7;8;10
      0.185497430852; 1;2;5;9;10
      0.185475533896; 2;4;6;8;10
      0.185403825432; 0;3;5;6;9;10
      0.185357796488; 2;5;8
      0.185323982230; 2;5;6;7;8;9;10
      0.185322151284; 0;5;8;9;10
      0.185311731925; 3;4;5;6;7;8;9;10
      0.185305340991; 2;3;4;5;7;9
      0.185204100203; 2;3;5;6;7;9
      0.185191048189; 0;1;2;4;5
      0.185190498506; 0;1;3;5;9;10
      0.185137016868; 0;1;3;4;7;8;9
      0.185126825114; 2;4;10
      0.185092522922; 0;1;2;3;4;8;9;10
      0.185054892102; 1;2;3;6;8
      0.185036551303; 0;3;4;5;10
      0.184991719606; 0;2;3;4;6;8;9;10
      0.184964395760; 0;1;3;6;7
      0.184941411272; 1;3;4;6;9
      0.184864791916; 2;3;4;6;7
      0.184804593271; 0;1;7;8
      0.184777053959; 5;6;7;8;10
      0.184709887042; 1;2;3;6;7;10
      0.184683931508; 0;1;3;5;7;9
      0.184623056834; 1;2;3;5;6;9;10
      0.184619314571; 0;1;4;7;8;9;10
      0.184601027979; 1;2;7;10
      0.184540645516; 0;1;2;3;7
      0.184535476747; 0;2;3;4;8;9;10
      0.184440803928; 3;4;5;6;7;9;10
      0.184431158772; 0;2;3;4;7;10
      0.184364852682; 0;1;2;3;4;9;10
      0.184332174924; 0;2;3;6;7;8;9
      0.184253220488; 2;3;4;5;7;8;9;10
      0.184250348648; 1;2;3;4;6;10
      0.184217697348; 1;5;8;10
      0.184114504964; 2;3;5;6;7;8;10
      0.184080693432; 2;4;5;8;9;10
      0.184056874428; 1;2;7;8;10
      0.183951683949; 0;1;3;5;7;10
      0.183933110183; 0;1;3;5;10
      0.183831128672; 0;2;3;5;7;9
      0.183809319949; 2;5;7
      0.183808153201; 1;2;4;7;8;9;10
      0.183750409563; 2;3;4;6;7;8;10
      0.183724325374; 6;7
      0.183700222782; 0;1;2;3;7;10
      0.183689935442; 0;1;2;7;9;10
      0.183633426266; 0;3;5;7;8;10
      0.183556464847; 2;4;5;6;8;9;10
      0.183536505607; 4;5;9;10
      0.183535017375; 2;3;5;6;7;10
      0.183514044340; 5;6;10
      0.183506142584; 4;5;7;9;10
      0.183447484986; 0;2;3;4;7;9;10
      0.183405236249; 0;1;2;3;6;9
      0.183387359981; 1;3;4;5;7;9;10
      0.183320484871; 0;3;4;6;7;9
      0.183308065232; 0;3;6;8
      0.183258189807; 1;2;6;8;10
      0.183243864400; 2;6;7;8;10
      0.183129362581; 2;3;5;6;8;10
      0.183074897362; 1;3;4;6;8;9
      0.183073796809; 2;4;7;10
      0.183044872810; 2;4;9
      0.182994651138; 1;3;4;8
      0.182969378001; 0;1;2;3;8
      0.182932078490; 1;2;3;4;7;8;9
      0.182850676188; 0;3;4;6;7;8;9
      0.182812206357; 0;2;6;8;9;10
      0.182692084426; 2;5;10
      0.182661774673; 1;3;5;6;7;10
      0.182615721400; 0;3;4;6;7;10
      0.182600749513; 0;2;4;8;9;10
      0.182530190489; 3;4;5;6;9
      0.182505223079; 0;1;2;3;4;7;8;10
      0.182497886432; 0;1;3;5;7;8;9
      0.182482055723; 0;1;3;6;8;9
      0.182479972508; 0;1;3;5;7;9;10
      0.182425754960; 0;2;3;4;9;10
      0.182387701232; 0;1;2;3;7;8;9;10
      0.182364342452; 1;3;4;5;8;9
      0.182347347205; 0;1;2;7
      0.182256615261; 4;7;9
      0.182254708475; 1;3;4;7;8
      0.182136014334; 1;5;6;7;8;10
      0.182129145066; 0;1;3;4;5;8;9;10
      0.182126520400; 3;4;6;7;8
      0.181988897159; 0;1;3;4;7;8;10
      0.181942978028; 3;4;5;8
      0.181868096290; 0;2;8;9;10
      0.181842630714; 0;1;3;4;6;8;10
      0.181798778281; 0;3;5;6;7;8;9;10
      0.181767572231; 0;4;7;8;10
      0.181657017407; 2;4;6;10
      0.181643941794; 2;3;4;5;7;8;10
      0.181474839084; 1;2;6;8;9;10
      0.181469232550; 0;1;2;4;8;10
      0.181393766001; 0;2;3;5;7;8;9;10
      0.181393765709; 1;3;4;6;7;9;10
      0.181339520144; 1;2;3;4;6;9
      0.181305695694; 0;1;6;8;9;10
      0.181304154696; 0;3;5;6;8;10
      0.181292130835; 2;5;8;9
      0.181278105045; 1;3;4;5;6;8;10
      0.181168087045; 0;1;2;3;6;8;9;10
      0.181118645045; 4;5;6;8;9;10
      0.181118102377; 0;2;3;4;6;9;10
      0.181070103362; 5;7;8;9
      0.180968740889; 2;3;4;5;8;10
      0.180896670251; 1;2;4;10
      0.180788762995; 0;1;6;7;10
      0.180772603102; 3;4;6;7;8;9
      0.180710541642; 1;3
      0.180645461255; 0;7;8;9
      0.180641518017; 1;2;10
      0.180632789615; 1;3;4;5;9;10
      0.180625277583; 4;6;8;9;10
      0.180578821217; 0;1;3;4;8
      0.180542360483; 2;3;5;6;8
      0.180532060502; 2;4;8;9
      0.180440390172; 1;2;5;10
      0.180431377135; 2;4;5;7;8;10
      0.180392875978; 0;1;2;3;6;8;10
      0.180294364375; 1;3;4;6;7;8;10
      0.180292632494; 0;1;2;9
      0.180207206901; 0;2;3;4;5;7;8;9
      0.180166139297; 1;3;6
      0.180154062608; 2;5;7;10
      0.180121108475; 0;2;5;8;9;10
      0.179959241242; 2;4;7;8;9
      0.179873730689; 0;3;6;7
      0.179857416917; 0;3;4;6;7;9;10
      0.179841114978; 0;1;3;4;6;7;8;9
      0.179837865795; 1;3;4;5;7;9
      0.179831539576; 0;1;4;5
      0.179826182306; 0;1;3;4;5;7;9
      0.179787604341; 4;7;8;9
      0.179777546690; 0;4;7;9;10
      0.179768192018; 2;4;5;8
      0.179740300420; 0;2;3;6;7;10
      0.179730171396; 1;2;6;7;10
      0.179680517950; 2;3;4;6
      0.179676027497; 0;1;2;3;5;9;10
      0.179628330541; 0;2;3;6;7;8;10
      0.179595454186; 5;6;9;10
      0.179580456053; 0;1;3;4;5;7;8;9
      0.179579749631; 0;3;4;7;8
      0.179536662522; 4;5;8;10
      0.179329515323; 1;3;4;6;7;8;9
      0.179300039490; 0;1;2;3;6;7;9;10
      0.179288616747; 0;1;2;7;8;9;10
      0.179232772372; 0;1;4;7;9;10
      0.179122074390; 1;2;3;4;8
      0.179117364776; 0;5;9;10
      0.179108386506; 0;3;4;6;8;10
      0.179106855008; 5;6;7;8;9
      0.179080190543; 0;2;3;5;10
      0.179061160428; 0;3;4;5;6;9;10
      0.179046441010; 0;1;2;3;6;7;10
      0.179044795144; 0;1;2;6
      0.179031265872; 3;4;5;7;8;10
      0.179010844598; 1;6;7;8;9
      0.179009682444; 1;2;6;10
      0.178929564923; 2;3;4;5;6;9;10
      0.178862532911; 0;1;4;10
      0.178788928065; 1;8;9
      0.178777588804; 2;7;8;9
      0.178760693943; 1;2;3;5;6;10
      0.178730673022; 0;1;2;3;4;7;9
      0.178700146878; 1;2;6;9;10
      0.178586740588; 0;1;3;5;8
      0.178569956575; 2;6;7;10
      0.178559322514; 4;6;8;10
      0.178538454088; 0;1;2;3;5;7;8;9;10
      0.178529960594; 3;5;6
      0.178498006060; 0;1;6;7;8;10
      0.178492577533; 1;4;5;8;9;10
      0.178380953277; 1;2;3;4;6;8;10
      0.178319300577; 2;4;6;8
      0.178299309925; 0;1;3;4;6;7;10
      0.178255482913; 1;5;6;7;9;10
      0.178185353299; 1;2;3;5;6;8;9;10
      0.178120202158; 0;1;3;5
      0.178066041722; 1;3;4;6;7;10
      0.177958221060; 0;1;2;3;5;8;9;10
      0.177957472715; 0;1;5;10
      0.177955879253; 0;1;6;7;8;9;10
      0.177934345807; 0;2;3;6;7;9
      0.177915794915; 3;4;5;6;7;8;9
      0.177881424129; 0;1;7;9
      0.177875870799; 3;4;5;6;7;10
      0.177875100777; 1;3;5;6;9
      0.177854431812; 1;2;3;4;5;7;8;9;10
      0.177847167866; 1;2;3;4;5;8;9
      0.177793433471; 1;2;4;6;7;8;9;10
      0.177763799280; 2;3;4;5;6;7;9
      0.177763295886; 5;6;7;10
      0.177738492947; 1;2;4;5;7;9;10
      0.177705831411; 0;2;3;5;8;9
      0.177550436445; 0;3;5;7;9;10
      0.177535524725; 0;1;2;8
      0.177493967894; 0;3;5;6;7;8;9
      0.177484609937; 0;2;3;4;7;8;10
      0.177429378670; 0;1;3;4;6;9;10
      0.177414735707; 1;2;3;6;7
      0.177352536187; 2;4;7
      0.177347513704; 0;2;7;9;10
      0.177243706274; 1;5;8;9;10
      0.177206610464; 2;4;6;7;9;10
      0.177148721671; 0;1;3;4;6;8;9;10
      0.177114904940; 1;4;6;8;9;10
      0.177090676738; 0;3;4;5;7;8;10
      0.177064085521; 0;1;3;4
      0.176952973326; 0;2;3;5;8;10
      0.176927546574; 0;1;2;3;5;7;9
      0.176920371119; 1;2;4;5;7;8;9;10
      0.176906806084; 1;2;5;7;10
      0.176901552588; 0;1;2;3;5;8;10
      0.176897269607; 0;1;3;5;6;8;9;10
      0.176806614578; 0;2;3;4;5;8;9;10
      0.176649635420; 1;3;5;7
      0.176644268606; 2;4;5;9
      0.176568242550; 0;3;5;7;8;9
      0.176538434076; 1;2;3;4;6;7;9
      0.176511321230; 0;1;2;4;7;10
      0.176488577138; 1;3;5;6;7;9;10
      0.176423719175; 2;7;9
      0.176335504254; 0;3;4;8
      0.176259950983; 0;5;6;8;9;10
      0.176258219238; 1;3;6;7
      0.176244072540; 1;2;9
      0.176234465582; 2;3;5;6;7;9;10
      0.176199870893; 0;2;3;4;5;8;9
      0.176175571376; 1;3;4;6;8;10
      0.176167551497; 0;1;2;3;4;5;7;8;9;10
      0.176147709234; 1;2;3;6;7;8
      0.176141545694; 0;4;5;7;8;9;10
      0.176113955172; 1;2;3;5;6;8;10
      0.176056958157; 2;4;5;8;10
      0.176030499199; 1;4;9;10
      0.176013162268; 2;4;5;7;8;9;10
      0.175982527665; 5;6
      0.175976814240; 1;5;6;7;8;9;10
      0.175914486853; 0;3;4;6;7;8;9;10
      0.175907328527; 2;5;6;10
      0.175888025905; 0;1;3;4;6;9
      0.175884826531; 0;1;3;5;6;9
      0.175819767919; 0;1;2;6;7;8;9;10
      0.175771265506; 0;2;3;5;9;10
      0.175751097925; 1;2;4;7;8;10
      0.175730645789; 1;2;3;6;7;8;10
      0.175717214814; 0;1;3;5;6;8;10
      0.175705959449; 0;1;3;5;6;10
      0.175676262232; 0;4;8;9;10
      0.175669316626; 0;1;2;3;4;8;10
      0.175644155599; 1;2;4;9
      0.175638202909; 1;2;4;6
      0.175627020750; 2;4;6;9;10
      0.175625141719; 0;2;6;7;8;10
      0.175509471283; 1;2;4;5
      0.175418792359; 0;1;2;3;5;8
      0.175366777348; 1;2;3;4;6;7;10
      0.175363349026; 0;2;6;7;8;9;10
      0.175344466101; 0;3;4;5;8;9
      0.175301766791; 0;2;3;5;6;8;9;10
      0.175293631785; 2;3;4;5;7;8
      0.175286238816; 4;6;7;8;9
      0.175262653450; 1;2;4;7;10
      0.175147798596; 0;3;4;6;7;8;10
      0.175086369755; 0;2;3;7
      0.175066505902; 0;1;2;4;9;10
      0.175054604977; 1;4;6;7;10
      0.175053915817; 0;1;2;3;4;10
      0.175036890871; 0;3;4;5;9
      0.174982272772; 0;3;5;7;8
      0.174936211251; 6;7;8
      0.174876642228; 0;3;4;5;7;8;9;10
      0.174870728455; 2;5;6
      0.174741703831; 0;1;3;4;6;8;9
      0.174709704769; 1;2;3;4;6
      0.174604991581; 2;3;4;5;8
      0.174601429128; 1;4;5;7;8;9;10
      0.174584352553; 4;5
      0.174582237271; 0;1;5;7;9;10
      0.174548830491; 0;2;3;5;6;9;10
      0.174514842558; 1;2;3
      0.174480484557; 1;5;6;8;9;10
      0.174447050189; 0;2;3;4;6;7;9
      0.174431076312; 0;2;3;4;7;9
      0.174366813114; 1;2;6;7;9;10
      0.174365595609; 2;5;6;7;8;9
      0.174337851762; 2;5;7;8;9
      0.174326023981; 0;2;4;9;10
      0.174252283450; 0;1;3;5;7;8
      0.174217888397; 0;3;4;6;8;9
      0.174195403423; 2;4;5;6;9;10
      0.174020672228; 1;2;4;8;9
      0.174020105798; 1;3;5;6;10
      0.173982948399; 2;4;5;6
      0.173971159110; 0;4;6;7;8;9;10
      0.173946899433; 0;2;3;4;6;8;10
      0.173937613502; 1;4;6;9;10
      0.173877311860; 1;4;8;10
      0.173866226448; 0;2;4;5
      0.173854108109; 1;2;3;4;6;8;9
      0.173825005545; 0;3;5;6;10
      0.173824459527; 1;2;7;9
      0.173817133837; 1;7;8;9
      0.173766931123; 0;1;2;4;7
      0.173735591703; 0;3;4;6;9
      0.173616643166; 1;3;4;5;8;10
      0.173581960460; 0;3;4;5;6;8;9;10
      0.173575709788; 0;1;3;4;5;6;8;9
      0.173562457212; 0;1;3;4;7;8
      0.173552180725; 0;1;7;8;9
      0.173544544656; 1;2;4;8
      0.173527004962; 0;1;2;3;5;7;8;9
      0.173435362028; 0;1;2;3;5;8;9
      0.173423792757; 1;2;4;6;9;10
      0.173406223248; 0;1;5;8;10
      0.173401172645; 0;2;3;4;7;8
      0.173378396521; 5;6;8;9
      0.173373150508; 0;1;5;7;8;10
      0.173341851522; 1;2;3;5;7;8
      0.173326200985; 0;1;3;4;7
      0.173285020712; 2;3;4;5;6;10
      0.173280597532; 1;5;10
      0.173258420795; 0;2;3;4;6;9
      0.173200646352; 1;3;4;5;10
      0.173026006561; 1;3;5;6;8;10
      0.172919545769; 0;1;2;3;6;7;9
      0.172900641557; 5;8;9
      0.172899202480; 0;2;3;4;6;10
      0.172818893110; 1;2;6;7;8;9;10
      0.172810766075; 0;3;4;5;8;10
      0.172808394273; 1;2;5;7;9;10
      0.172780993208; 0;1;2;3;4;6;8;9
      0.172759514666; 2;4;6;7
      0.172697280547; 0;2;5;9;10
      0.172681780266; 0;1;5;6
      0.172665914848; 0;2;3;4;5;6;8;9;10
      0.172502536946; 0;2;3;5;7;10
      0.172465350256; 1;5;6;8;10
      0.172462429863; 0;3;4;7
      0.172448055947; 1;2;3;4;5;7;9
      0.172447097169; 1;2;3;4;6;7;8;9
      0.172424969113; 0;2;4
      0.172401112897; 2;4;7;9
      0.172387219852; 1;2;3;4;6;9;10
      0.172362915838; 0;1;2;3;6;10
      0.172349359787; 0;5;6;7;8;9;10
      0.172320690238; 0;3;5;6;7;8
      0.172280230905; 1;2;3;5;7
      0.172244468823; 0;1;6;9
      0.172197082706; 1;2;3;4;5;6;9
      0.172190058206; 0;4;5;8;9;10
      0.172170756616; 2;3;4;6;7;8;9;10
      0.172161873507; 2;5;7;8
      0.172134000775; 3;4;6
      0.172111701909; 2;5;6;8;10
      0.172108265494; 0;1;4;7;10
      0.172082394578; 1;2;4;9;10
      0.172081110554; 2;3;4;5;6;7;8;9
      0.172079401240; 1;2;3;4;6;7;8;10
      0.172062454411; 1;2;5;6;8;9;10
      0.172059648462; 0;1;6;7
      0.172041639319; 1;2;5;8;10
      0.171978864250; 0;3;5;6;7;9;10
      0.171910327630; 0;1;4;8;10
      0.171869196398; 0;3;4;5;7;10
      0.171817724660; 0;1;2;3;4;7;9;10
      0.171782853566; 0;1;6;8
      0.171771775074; 0;2;4;5;8;9;10
      0.171759511458; 0;4;7;10
      0.171738878115; 0;1;2;3;4
      0.171734108010; 0;2;3;6;8;10
      0.171716479051; 0;2;3;5;7;8;10
      0.171681766442; 2;4;6;7;8;9;10
      0.171660637311; 1;2;3;4;5;9;10
      0.171627145950; 1;2;3;4;5;7;8;10
      0.171624559919; 0;3;4;5;6;8;10
      0.171623718101; 0;1;2;5;8
      0.171613921649; 4;5;6;7;8;9;10
      0.171612176099; 0;2;3;5;7;9;10
      0.171533524958; 1;2;5;6;9;10
      0.171507771563; 0;1;8;9
      0.171488339032; 0;1;3;5;6;7;9
      0.171297508167; 2;3;5
      0.171296602810; 2;3;5;6;7
      0.171279335849; 1;2;3;5;6;7;9;10
      0.171238994421; 0;1;2;3;6;9;10
      0.171226053654; 1;5;6;10
      0.171204704516; 2;4;5;7
      0.171164586970; 1;2;5;7;8;10
      0.171159626872; 0;3;6
      0.171134507133; 0;1;2;3;4;7;8;9;10
      0.171074384194; 0;2;3;4;7
      0.171055230682; 0;1;2;4;8
      0.171051401640; 1;2;3;4;6;8;9;10
      0.171049180884; 1;2;6;7;8;10
      0.170992337990; 0;1;2;5;9;10
      0.170962911341; 1;2;4;6;8;9;10
      0.170962092687; 4;5;6;7;9;10
      0.170891681930; 0;2;3;5;6;9
      0.170869087319; 0;1;2;4;8;9;10
      0.170857746087; 0;1;3;4;6;7;9;10
      0.170832272821; 2;5;6;7;8;10
      0.170742899751; 0;1;3;4;5;8;9
      0.170735234329; 1;2;3;5;6;7;8;9
      0.170732670002; 0;1;5;7;10
      0.170729031741; 0;2;3;5;6;7;8;10
      0.170726850155; 4;5;6;8;10
      0.170712937437; 0;2;3;6;8
      0.170656901759; 2;3;5;6;7;8
      0.170589202562; 0;1;2;3;4;6;7;9
      0.170557353130; 1;3;4;6;7;9
      0.170546827869; 4;5;6;9;10
      0.170477345682; 2;3;4;5;7
      0.170442390129; 2;4;6;9
      0.170407868272; 0;1;5;6;10
      0.170348136863; 0;1;6;7;8;9
      0.170333466769; 0;3;4;5;7;9
      0.170307906421; 0;2;3;4;6;8;9
      0.170306472531; 0;5;7;10
      0.170303115167; 0;1;3;4;5;8;10
      0.170289219951; 0;3;4;5;6;7;8;9;10
      0.170266998275; 1;3;4;7
      0.170264226183; 1;2;3;5;6;9
      0.170258864213; 2;3;4;5
      0.170215173392; 1;2;3;5;6;8;9
      0.170210399324; 0;5;8;10
      0.170205537771; 0;1;3;4;6;10
      0.170193500727; 0;1;2;3;4;5;9;10
      0.170181037578; 1;3;4;5;7;8;9;10
      0.170167139783; 0;1;2;3;4;5;10
      0.170163145406; 0;1;2;4;7;8;9;10
      0.170156547341; 0;2;3;4;5;9
      0.170102913617; 0;1;4;9;10
      0.170102347259; 0;1;2;3;4;6;9;10
      0.170051967590; 0;1;2;3;4;8
      0.170048693045; 0;2;3;4;5;7;8;10
      0.170018747562; 0;1;2;3;4;6;10
      0.169959440197; 0;2;4;7;8;9;10
      0.169935032793; 2;5;6;7;9
      0.169933146823; 0;1;3;5;6;7;8;10
      0.169849988551; 1;7;8
      0.169821769771; 2;4;5;6;8;10
      0.169819063558; 0;1;2;3;5;7;10
      0.169815940930; 2;6;7;8;9
      0.169785704585; 0;2;5;9
      0.169722288102; 2;4;5;9;10
      0.169690081438; 2;4;5;6;8
      0.169667327680; 1;2;5;8
      0.169602579360; 0;1;2;7;8
      0.169567874933; 1;2;3;4;5;8
      0.169563233505; 1;2;3;5;6;7;9
      0.169552240825; 1;4;7;8;10
      0.169503215916; 2;8;9
      0.169497571165; 0;3;4;5;7;8
      0.169488664250; 0;1;2;4;7;9;10
      0.169389950733; 0;4;6;8;9;10
      0.169300555580; 1;4;5;6;7;8;9;10
      0.169274880072; 0;3;5;6;7;8;10
      0.169274851904; 1;2;3;4;5;9
      0.169234617816; 0;1;3;4;5;9;10
      0.169199455142; 1;2;3;4;5;7;8;9
      0.169191887952; 0;2;5;6;8;9;10
      0.169146660594; 0;1;2;4;9
      0.169129504092; 0;2;3;4;5;7;9;10
      0.169099433684; 0;1;2;4;10
      0.169059737968; 1;2;4;7;9
      0.169050487887; 0;1;2;3;4;5;8;10
      0.169045486350; 0;2;7;8;10
      0.169041345552; 0;4;6;10
      0.169017291377; 0;1;2;3;4;7;8
      0.169006663478; 0;1;3;5;6;7;9;10
      0.168955060111; 2;3;4;5;6;9
      0.168822294038; 0;2;3;6;7;9;10
      0.168801715326; 0;2;3;6;7;8
      0.168783766330; 4;6;8;9
      0.168730253506; 2;4;6;7;10
      0.168727539301; 3;4;5;6;7
      0.168706938432; 1;2;3;4;5;8;10
      0.168696290334; 2;4;5;8;9
      0.168677389054; 1;2;4;5;8
      0.168645790957; 0;7;8
      0.168599548107; 1;2;6
      0.168551484976; 1;2;4;6;9
      0.168540816555; 1;3;4;5;6;7;8;9;10
      0.168447919525; 2;5;6;7;10
      0.168399823256; 1;2;4;5;9;10
      0.168317397282; 1;2;3;5;8
      0.168311451134; 0;1;2;3;5;7;9;10
      0.168302579272; 0;1;5;9;10
      0.168238400311; 1;2
      0.168237754116; 1;2;3;5;6;7;8;9;10
      0.168081239961; 0;5;7;8;10
      0.168070895795; 0;1;2;3;4;6;8;10
      0.168069646511; 0;1;2;6;10
      0.167999696965; 2;3;4;5;7;10
      0.167971700800; 2;4;7;8
      0.167968010862; 1;3;4;5;6;8;9;10
      0.167945950746; 0;3;4;5;6;7;10
      0.167930184808; 1;3;4;6;7;8
      0.167886405271; 0;3;4;5;6;7;8;10
      0.167880172671; 0;2;3;4;5;7;8;9;10
      0.167839025400; 0;1;3;5;6;7;10
      0.167815374398; 1;3;4;6;7
      0.167813506823; 2;4;5;6;7;9;10
      0.167771506798; 0;1;2;3;4;6;9
      0.167725364342; 0;1;4;6;7;9;10
      0.167658157110; 2;7;8
      0.167640166040; 0;1;3;5;6;7;8;9;10
      0.167633857575; 1;2;4;5;8;9;10
      0.167629712294; 0;5;6;7;8;10
      0.167621620402; 0;1;5;6;8;9;10
      0.167615831637; 1;2;3;4;5;6;8;10
      0.167593426304; 0;1;2;3;4;7;10
      0.167549333146; 1;3;4;5;6;7;9
      0.167539326759; 1;3;4;5;6;7;8;9
      0.167506820776; 2;5;7;9
      0.167494652758; 0;1;2;5;6
      0.167427211787; 0;2;3;4;6;7;9;10
      0.167417925681; 0;1;2;5;8;10
      0.167415126354; 0;1;2;3;5;6;9
      0.167412745244; 1;5;7;8;9
      0.167309541642; 0;1;2;5;10
      0.167265690733; 0;2;3;4;6;8
      0.167247276690; 0;1;2;3;5;7;8;10
      0.167194133115; 2;4;6;8;9
      0.167113558159; 1;3;4;5;6;9
      0.167072208093; 2;4;5;7;9;10
      0.167071163370; 0;2;5;8
      0.167067361008; 1;4;6;7;8;10
      0.167063308024; 2;4;5;6;8;9
      0.167036842269; 2;4;6;7;8;10
      0.166999010327; 1;2;3;4;6;7;8;9;10
      0.166941029198; 2;3;4;5;6;7;10
      0.166915507418; 0;3;5;6;8
      0.166913640308; 1;4;6;7;8;9;10
      0.166877606596; 0;1;4;7;8;10
      0.166847503792; 3;4;5;7
      0.166836726419; 1;2;4;7
      0.166823018978; 1;3;4;6;8
      0.166794156054; 0;1;4;7
      0.166752533316; 1;2;5;6;10
      0.166726726218; 0;2;3;5;7;8;9
      0.166712258973; 0;6;7;8;9
      0.166685824443; 2;4;6;7;9
      0.166603377985; 6;8
      0.166580425467; 0;1;2;3;6;7;8
      0.166532031738; 0;1;2;6;9;10
      0.166481957286; 1;6;8;9
      0.166469591941; 0;2;3;4;8
      0.166388631220; 0;3;4;5;6;9
      0.166296246953; 0;2;4;6
      0.166274674945; 0;1;4;5;7;10
      0.166232424458; 1;2;3;4;5;10
      0.166155317719; 0;1;2;3;4;6;8;9;10
      0.166047811119; 1;2;3;4;5;7;8
      0.166038822844; 1;2;8;9
      0.165960089960; 1;2;4;6;7;8;10
      0.165939999168; 0;1;2;4;5;10
      0.165935974592; 1;3;4;5;6;8;9
      0.165895247001; 1;6;7;9
      0.165839424898; 5;6;8
      0.165757329843; 4;6;7;9
      0.165695490292; 0;4;5;6;7;8;9;10
      0.165693589841; 4;6;7;8;10
      0.165637921641; 1;2;4;5;7;8;10
      0.165514111253; 2;6;9
      0.165497800301; 0;1;3;4;5;7;10
      0.165478828605; 0;2;5;6;7;8;9;10
      0.165400350025; 0;2;3;5;6;7;9
      0.165399854310; 0;1;2;3;6;7;8;10
      0.165390923563; 1;2;5;9
      0.165389202824; 0;2;5;7;8;9;10
      0.165377192428; 4;5;7;10
      0.165368161759; 0;3;4;5;6;8;9
      0.165310170012; 3;4;5;6;7;8;10
      0.165308266997; 0;3;4;5;6;7;9
      0.165271356934; 2;4;6;7;8
      0.165256083557; 0;2;5;7;9;10
      0.165209948331; 0;2;4;8;10
      0.165183377088; 1;2;3;5;6;7;10
      0.165163383727; 0;1;3;4;5;9
      0.165149546331; 0;1;2;3;4;5;9
      0.165136923330; 0;3;4;5;6;10
      0.165122598897; 1;2;3;4;6;7
      0.165102134984; 0;2;6;7;9;10
      0.165063729640; 1;2;3;4;6;8
      0.165033242168; 2;6;7;9
      0.164959349395; 0;2;5;8;10
      0.164879024092; 0;2;5;6;10
      0.164871615141; 1;4;10
      0.164839671951; 0;1;3;4;6;7;8;9;10
      0.164835995865; 1;2;4;5;8;10
      0.164771764665; 2;3;4;6;7;8
      0.164746817415; 2;3;4;5;6;7;9;10
      0.164722856118; 0;1;3;4;6;7;9
      0.164715279512; 0;1;2;3;4;6;7;10
      0.164637258996; 0;2;4;7;8;10
      0.164578621064; 0;1;2;5;7;10
      0.164550832577; 0;1;4;6;8;9;10
      0.164548642581; 1;4;5;7;8;10
      0.164446009766; 1;3;5;6;8
      0.164424351499; 1;2;5;6;7;8;10
      0.164413695764; 2;4;5;7;10
      0.164349715171; 1;2;4;7;8
      0.164348316479; 1;2;4;5;8;9
      0.164340147722; 0;2;6;10
      0.164327919980; 1;2;4;5;6;8;9;10
      0.164236599698; 1;3;4;5;7;10
      0.164198286078; 1;2;5;7
      0.164165132696; 2;5;6;7
      0.164164080219; 0;2;4;8
      0.164147193027; 2;4;5;6;7;10
      0.164103627232; 0;2;3;4;5;9;10
      0.164088316128; 5;6;7;9
      0.164083778531; 0;2;4;7;9;10
      0.164075603464; 0;2;3;4;5;7;9
      0.164052636447; 0;1;3;5;7
      0.164030285381; 4;9
      0.163993298135; 0;1;3;4;5;7;8
      0.163989118727; 0;1;2;3;4;6;7;9;10
      0.163984217734; 0;1;2;6;8;9;10
      0.163978773199; 1;2;4;6;10
      0.163925893972; 0;1;2;4;6;9;10
      0.163901352243; 0;3;4;5;9;10
      0.163898979917; 0;1;2;3;4;6;8
      0.163868700698; 0;3;4;5;6;7;9;10
      0.163858492421; 0;1;4;6;7;8;9;10
      0.163843428651; 0;2;5;6
      0.163815574031; 0;2;4;5;8
      0.163813413825; 0;1;2;4;6;7;8;9;10
      0.163790915699; 0;4;6;9;10
      0.163788227954; 2;4;5;7;8;9
      0.163765502282; 0;2;6;8
      0.163686702001; 0;1;2;3;6
      0.163669412881; 1;4;5;7;9;10
      0.163629809114; 2;4;5;6;7
      0.163588213562; 0;2;3;4;5;6;7;8;10
      0.163587393655; 0;1;3;4;6;7
      0.163578762880; 0;1;5;8
      0.163575659909; 0;4;6;7;8;10
      0.163562685097; 1;6;7;8
      0.163520584882; 0;1;2;6;7;9;10
      0.163512247385; 0;1;3;4;6;7;8;10
      0.163505669014; 2;4;5;10
      0.163496152879; 2;3;4;5;6;7;8;9;10
      0.163494106071; 2;5;6;8;9
      0.163492017924; 0;1;2;5;6;8
      0.163478987397; 0;1;3;5;6;9;10
      0.163461423409; 1;2;4;5;7;10
      0.163354562321; 0;1;2;4;7;8;10
      0.163335180759; 4;5;6;7;8;10
      0.163316298847; 1;4;6;7;9;10
      0.163298540678; 2;4;5;7;9
      0.163271986022; 6;9
      0.163225885673; 0;1;2;4;5;8;9;10
      0.163222065334; 0;2;5;7
      0.163202517705; 0;2;4;10
      0.163193452096; 0;1;4;5;7;8;9;10
      0.163167812467; 1;3;4;5;8
      0.163159937728; 0;2;3;5;6;8;9
      0.163151726770; 0;2;3;5;6;7;8;9
      0.163113277240; 1;4;5;6;8;10
      0.163097150793; 0;2;4;6;8;9;10
      0.163095105509; 0;1;2;3;5;6;7;9
      0.163082672361; 0;2;4;6;9;10
      0.163077880260; 1;2;4;6;8;10
      0.163068244089; 0;1;2;5;7
      0.162982467413; 2;4;5;6;9
      0.162960288531; 1;2;5;6;7;9;10
      0.162941164114; 0;1;2;3;5
      0.162867670497; 2;3;4;5;6;8;10
      0.162823977077; 2;6;7
      0.162762127377; 1;4;6;8;10
      0.162757533130; 0;4;6;8;10
      0.162754065262; 0;2;7;10
      0.162749872197; 0;1;5;6;8;10
      0.162714664184; 1;2;3;5;6;7;8;10
      0.162633936453; 1;2;4;7;8;9
      0.162632842308; 1;4;5;9;10
      0.162611434912; 0;1;3;4;5;7;9;10
      0.162604142716; 0;8;9
      0.162586028452; 0;1;3;4;5;7;8;9;10
      0.162584050549; 0;1;2;5;7;8;9;10
      0.162519408874; 0;1;4;5;6;8;9;10
      0.162488301921; 0;4;8;10
      0.162480805916; 0;4;10
      0.162470145545; 2;6;8
      0.162467557198; 1;2;5;6;7;8;9;10
      0.162435034242; 0;1;4;9
      0.162430007366; 1;2;5;7;8;9
      0.162371281665; 1;3;4;5;6;7;9;10
      0.162339963433; 1;3;5;6;7;8
      0.162321867457; 0;1;4;5;6;8;10
      0.162254009608; 0;1;5;6;7;8;9;10
      0.162247529167; 0;1;2;8;9
      0.162232298425; 0;1;2;4;6;7;8;10
      0.162201772758; 0;2;3;5;8
      0.162200914775; 5;7;8
      0.162050924298; 0;1;2;6;7;10
      0.162040716047; 2;6;7;8
      0.162004435283; 0;1;2;6;8;10
      0.161927392739; 4;7
      0.161850248983; 2;5;6;7;8
      0.161842508165; 1;3;5;6;7
      0.161817681821; 1;2;6;7;8;9
      0.161815217420; 0;1;3;4;5;6;8;9;10
      0.161810292730; 0;2;4;5;6;8;9;10
      0.161801980198; 2;9
      0.161789396927; 2;4;5;6;10
      0.161768662013; 1;2;3;4;5;6;8;9;10
      0.161735556296; 1;2;7;8;9
      0.161723980157; 1;5;6;7;10
      0.161717122646; 2;5;6;9
      0.161652424104; 0;1;3;4;5;6;10
      0.161583563188; 0;1;2;3;4;5;7;9
      0.161566050624; 0;1;2;7;9
      0.161564584300; 0;7;9
      0.161539766619; 0;1;3;4;5;6;7;10
      0.161506670526; 0;2;3;4;5;7;10
      0.161492812283; 0;5;6
      0.161471724264; 0;1;2;6;7;8;10
      0.161439646970; 0;1;4;5;7;8;10
      0.161385909413; 0;1;2;4;6
      0.161375922478; 0;5;6;8;10
      0.161364226690; 0;1;2;3;4;6;7;8;9
      0.161362504749; 1;2;4;5;10
      0.161300881486; 0;1;6;8;9
      0.161298885869; 1;2;6;8;9
      0.161290495601; 0;4;5;7;8;10
      0.161261450690; 1;2;3;4;5;6;8;9
      0.161230281817; 0;4;6;7;10
      0.161186161186; 2;4;5;7;8
      0.161186117403; 1;2;5;6
      0.161185714501; 2;4;6;7;8;9
      0.161165705876; 1;2;7;8
      0.161146110920; 2;5;6;8
      0.161133526608; 0;1;2;4;5;7;8;10
      0.161067353320; 0;1;2;3;5;7;8
      0.160935506129; 0;2;3;4;6;7;8;9;10
      0.160907278636; 0;1;2;3;4;5;8
      0.160892131219; 0;1;2;6;7;8;9
      0.160859023091; 1;2;4;6;7;9;10
      0.160811467440; 0;2;5;10
      0.160770434633; 0;2;3;5;6;7;8;9;10
      0.160747358596; 3;4;5;6;8
      0.160733418297; 0;1;4;6;8;10
      0.160706721284; 1;2;3;5
      0.160662325535; 0;1;3;4;6;7;8
      0.160644034075; 0;2;3;4;6;7;10
      0.160641302934; 1;3;4;5;7
      0.160634005990; 0;1;2;3;5;10
      0.160581752436; 1;3;4;5;6;7;10
      0.160535829185; 0;2;6;9;10
      0.160524204691; 0;3;4;5;6;7;8;9
      0.160488209490; 1;2;5;8;9
      0.160450862011; 0;4;5;6;8;9;10
      0.160441217088; 0;1;2;3;5;7
      0.160430895172; 1;3;4;5;6;10
      0.160379239030; 1;7;9
      0.160375399127; 0;2;6;8;10
      0.160351552518; 1;2;3;4;5;6;7;9
      0.160318647204; 0;3;4;6;7
      0.160273552524; 0;1;2;3;4;5;7;8;9
      0.160249215545; 2;4;5;6;7;8;9;10
      0.160245249749; 0;3;5;6;7
      0.160215798895; 4;5;6
      0.160175853952; 1;2;7
      0.160149615071; 0;1;5;6;7;9;10
      0.160141823886; 0;1;4;8;9;10
      0.160119529030; 0;1;2;3;5;6;7;9;10
      0.160093213509; 0;1;4;5;8;10
      0.160083939955; 2;3;4
      0.160076584097; 0;1;2;3;5;6;7;8;9
      0.159973392521; 2;3;4;5;6
      0.159957902350; 1;5;6;7;8;9
      0.159957840522; 0;1;6;7;9
      0.159926732000; 2;6;8;9
      0.159922724074; 0;1;2;3;5;6;7;10
      0.159901537211; 0;3;4;5;7;8;9
      0.159875041421; 0;1;4;6
      0.159873385000; 0;2;3;4;5;8;10
      0.159857339967; 4;7;8
      0.159827173461; 0;1;2;3;6;8
      0.159766938254; 1;2;3;4;5;6;7;9;10
      0.159739639037; 0;2;4;5;7;9;10
      0.159733770860; 0;1;2;5;7;9;10
      0.159724650155; 1;2;3;5;6;7;8
      0.159710206553; 1;2;6;9
      0.159683800540; 0;1;2;3;4;5;6;9;10
      0.159636093510; 4;5;7;8;9
      0.159612551655; 4;5;6;7;10
      0.159552285844; 4;5;6;7;8
      0.159543438921; 1;2;3;5;6;7
      0.159531944220; 1;4;5;6;8;9;10
      0.159512492158; 4;5;6;7;9
      0.159506201869; 1;4;6;10
      0.159479816022; 1;3;4;5;7;8
      0.159472838135; 1;4;5;8;10
      0.159463829071; 0;2;3;5;7;8
      0.159448435942; 1;4;6;7;8;9
      0.159425670978; 5;6;7;8
      0.159405564229; 0;1;2;3;4;5;8;9;10
      0.159379220040; 0;2;5;7;8;10
      0.159374331313; 1;2;8
      0.159348033835; 0;3;4;5;8
      0.159327624011; 0;1;2;6;8
      0.159320738557; 0;1;2;3;6;7;8;9;10
      0.159319903559; 0;1;2;3;4;7
      0.159282882904; 0;2;8
      0.159231210381; 0;6;8;9
      0.159221863732; 4;5;6;7;8;9
      0.159212175517; 1;4;5;7;10
      0.159196855717; 0;5;6;9;10
      0.159180195572; 0;4;5;6;7;8;10
      0.159052575968; 0;2;3;4;6;7;8;9
      0.159049561801; 1;2;3;4;5;6;9;10
      0.159046691201; 0;5;6;10
      0.159021616087; 0;1;2;4;6;7;10
      0.159005104355; 0;1;5;6;9;10
      0.158997952925; 0;1;2;3;6;7
      0.158997803688; 1;5;6;9;10
      0.158977911660; 4;5;6;9
      0.158957863783; 1;2;5;6;8;10
      0.158922613422; 1;2;3;4;6;7;9;10
      0.158903795404; 1;2;3;5;6;8
      0.158846674628; 0;2;9
      0.158829988857; 0;1;3;4;5;8
      0.158827967937; 0;6;8
      0.158792100333; 2;3;5;6
      0.158781977017; 3;4;5;6;7;8
      0.158704635450; 0;1;2;7;8;9
      0.158671634931; 0;3;5;6;7;9
      0.158641188217; 0;1;2;4;6;10
      0.158561739373; 0;1;2;4;6;8
      0.158556363192; 1;2;6;7;8
      0.158492447806; 0;1;2;4;5;7
      0.158486255236; 1;2;3;4;5
      0.158460192795; 0;2;4;6;7;8;9;10
      0.158457352411; 0;1;2;3;4;5;6;8;9;10
      0.158456222093; 0;2
      0.158442020690; 0;2;3;4
      0.158414406137; 2;3;4;5;6;7;8
      0.158366792980; 2;3;4;5;6;7
      0.158314027913; 4;5;6;8;9
      0.158299937855; 0;1;4;5;8;9;10
      0.158298291430; 0;1;2;3;5;6;7;8;10
      0.158242705925; 3;4;5;6
      0.158233273100; 0;1;2;3;5;6;10
      0.158072589120; 1;2;5;7;8
      0.158006909785; 2;3;4;5;6;8
      0.157975262406; 0;1;2;4;7;9
      0.157929708408; 0;1;2;5;7;8;10
      0.157924771716; 0;1;2;3;4;5;7;9;10
      0.157886329267; 1;2;5;6;7;8;9
      0.157879837273; 0;1;2;4;5;7;8;9;10
      0.157877638967; 1;4;5;6;9;10
      0.157812138144; 1;5;8;9
      0.157810970847; 0;1;2;4;5;6;8;9;10
      0.157798327777; 1;4;7;8;9
      0.157767614737; 1;2;4;5;6;7;10
      0.157766593811; 1;2;3;4;5;6;7;8;9;10
      0.157755088252; 0;1;2;3;5;6;8;9
      0.157751377578; 0;4;5;6;7;9;10
      0.157722199144; 0;3;4;6;7;8
      0.157712175991; 0;1;2;3;4;5;8;9
      0.157680442075; 0;2;4;6;7;9;10
      0.157629189913; 0;2;4;6;10
      0.157601820681; 0;1;5;7;8;9;10
      0.157594539430; 0;1;2;4;6;8;9
      0.157580887844; 0;4;5;7;10
      0.157546306810; 0;2;4;6;8
      0.157473805518; 0;2;3;4;5;10
      0.157466298237; 0;5;6;7;9;10
      0.157452731450; 0;2;7;8;9
      0.157444287749; 1;5;6;8;9
      0.157256850764; 0;2;3;4;5;6;7;9
      0.157231605513; 0;5
      0.157210767011; 1;2;6;7
      0.157207228675; 4;5;7;8
      0.157182269081; 0;4;6;7;9;10
      0.157158968208; 0;2;4;5;6;7;8;9;10
      0.157112467774; 0;1;4;5;6;7;9;10
      0.157093115069; 4;5;6;10
      0.157090426253; 1;2;4;5;6;8;10
      0.157088404072; 0;1;2;5;8;9;10
      0.157084005070; 2;4;5;6;7;8;10
      0.156968628839; 1;3;4;6
      0.156964606761; 0;1;2;6;8;9
      0.156963286520; 2;3;4;5;6;7;8;10
      0.156921685988; 0;2;5;7;10
      0.156887381787; 1;2;6;8
      0.156851337621; 0;2;3;5;6;7;9;10
      0.156823085454; 0;1;2;3;4;5;6;7;10
      0.156780309937; 0;2;6;8;9
      0.156762429631; 0;1;3;4;5;7
      0.156742688649; 1;2;3;4;5;7
      0.156701155140; 0;1;2;3;5;6;8;9;10
      0.156650598260; 1;2;4;6;7;10
      0.156608976453; 0;1;4;6;10
      0.156597259258; 0;2;4;6;8;10
      0.156569839260; 1;2;5;7;9
      0.156563138576; 0;1;2;3;5;6;7;8;9;10
      0.156484954378; 5;7
      0.156450605453; 2;4;5;6;7;8;9
      0.156440672615; 0;1;4;8
      0.156382924022; 1;2;3;4;5;7;10
      0.156345974940; 0;6;7;9
      0.156324924776; 1;2;4;5;7
      0.156300957680; 0;1;2;5;6;9;10
      0.156287909098; 0;1;3;5;6;8
      0.156275190345; 0;1;2;3;4;5;7;8
      0.156262791875; 0;1;5;7
      0.156209949581; 0;2;3;5;7
      0.156203758103; 0;2;4;5;8;10
      0.156201773570; 1;2;3;4;5;6;7;10
      0.156176659364; 0;1;3;4;5;6;9;10
      0.156176324177; 1;2;4;6;8;9
      0.156145422126; 0;1;5;9
      0.156134191512; 0;1;3;4;5;6;8
      0.156098233353; 5;8
      0.156048169490; 0;1;2;4;5;6
      0.156047413973; 0;2;3;4;5;6;7;9;10
      0.156010797310; 0;1;2;4;8;9
      0.156001094543; 0;1;4;5;9;10
      0.155980447848; 0;2;6;9
      0.155974968744; 0;2;4;5;9
      0.155969970907; 1;2;5;6;8;9
      0.155955593878; 0;1;3;4;5;6;7;9;10
      0.155948192784; 4;5;8
      0.155880740327; 0;5;6;7;8;9
      0.155876103639; 0;1;2;4;5;9;10
      0.155861747748; 0;2;3;4;5;6;7;8;9
      0.155826453181; 0;2;6;7;8;9
      0.155784713690; 0;3;4;5;6;7
      0.155780504260; 1;2;4;6;7;8;9
      0.155767177924; 0;1;2;3;4;6;7;8;9;10
      0.155744040013; 0;4;5;6;7;10
      0.155728921172; 0;1;3;4;5;7;8;10
      0.155726224566; 0;1;2;3;4;5;7;10
      0.155669517571; 0;1;2;3;6;7;8;9
      0.155590089732; 0;1;2;3;4;5;7
      0.155581617980; 1;2;3;4;5;7;9;10
      0.155581415080; 0;2;6
      0.155578922307; 0;1;3;4;5;6;7;8;9;10
      0.155532534988; 1;2;6;7;9
      0.155508655741; 0;1;2;4;5;8;10
      0.155491826560; 0;1;2;4;5;8
      0.155464850364; 0;1;5;7;8;9
      0.155440496885; 0;2;3;5;6;7;8
      0.155437745401; 0;1;2;3;4;6;7;8
      0.155435991184; 4;5;6;8
      0.155426917922; 0;2;4;5;7;8;10
      0.155388190154; 1;5;6
      0.155347110379; 0;2;4;7;10
      0.155325089015; 1;2;5;6;7;10
      0.155322759451; 0;1;2;5;9
      0.155315976577; 0;1;2;3;4;6
      0.155301750524; 0;1;2;4;6;7;9;10
      0.155286208020; 1;4;9
      0.155248315035; 1;3;4;5;6;7;8;10
      0.155241989786; 0;2;4;7
      0.155168764184; 1;2;4;5;6;9;10
      0.155068992523; 0;1;2;3;4;5;7;8;10
      0.154994742339; 0;1;2;3;4;6;7
      0.154970914705; 0;4;5;9;10
      0.154888808741; 0;1;4;5;6;7;8;10
      0.154755896007; 0;2;4;5;7;8;9;10
      0.154723488852; 1;2;5;6;8
      0.154710743133; 0;3;5;7
      0.154626658887; 0;1;2;3;5;6;9;10
      0.154549858232; 0;4;5;7;9;10
      0.154546449049; 0;2;3;4;5;7
      0.154544353566; 0;2;3;4;5;6;7;10
      0.154540864954; 0;1;3;4;6
      0.154531643144; 1;2;3;4;5;6;8
      0.154531620194; 1;5;7;9
      0.154518504209; 0;2;3;6
      0.154481227632; 0;4;5;8;10
      0.154478584474; 1;2;3;4;5;6;10
      0.154339116134; 1;3;5;6
      0.154294169878; 0;1;5;6;8
      0.154260488108; 1;2;4;5;7;8
      0.154250634713; 0;1;2;4;7;8
      0.154239317841; 0;1;3;4;6;8
      0.154235745084; 0;6;7;8
      0.154136713657; 1;2;3;4;5;6;7;8
      0.154122710354; 0;2;5;6;8;10
      0.154081790412; 1;5;8
      0.154064888287; 0;1;5;6;7;10
      0.153851806154; 0;2;4;9
      0.153847601920; 0;1;3;4;5;10
      0.153845422758; 0;1;2;3;4;5;6;7;9;10
      0.153844984519; 0;1;3;4;5;6;9
      0.153829115278; 0;2;3;5;6;7;10
      0.153801578085; 0;1;3;5;6;7
      0.153724617339; 1;2;4;6;7;8
      0.153690702829; 1;2;4;5;7;8;9
      0.153689316932; 0;2;3;5;6;10
      0.153628375790; 0;1;3;4;5;6;7;9
      0.153578551554; 0;1;2;5;6;8;9;10
      0.153518112701; 0;2;3;5;6;7
      0.153467815828; 0;1;2;5;7;8
      0.153401052976; 1;4;5;6;7;8;10
      0.153376334540; 0;1;2;3;5;6;7
      0.153282666767; 1;2;3;4;5;6;7
      0.153280898613; 0;2;5;6;9;10
      0.153260936015; 0;2;4;5;6
      0.153180007519; 1;2;4;5;6;7
      0.153175008496; 1;6;9
      0.153114938096; 0;2;3;4;5;6;8;10
      0.153058874044; 1;2;3;4;5;6;7;8;10
      0.153008381382; 0;1;4;6;9;10
      0.153002614731; 0;5;7;8;9
      0.152985288014; 1;5;6;7;9
      0.152973705703; 0;1;2;6;7
      0.152931990409; 1;4;8;9
      0.152926579256; 0;1;2;5;6;7;9
      0.152808443585; 0;1;3;4;5;6;8;10
      0.152798812356; 0;1;2;5;6;8;10
      0.152749871709; 0;2;3;4;5;6;9;10
      0.152725126756; 2;4;5;6;7;8
      0.152716860560; 0;1;2;4;6;8;9;10
      0.152707231429; 1;2;5;6;7;8
      0.152697037203; 0;2;3;4;5;6;8;9
      0.152664773831; 0;2;6;7;10
      0.152619565573; 0;1;6;7;8
      0.152607728447; 0;1;5;7;8
      0.152566335600; 0;2;5;6;8;9
      0.152517701108; 0;1;2;6;9
      0.152499714032; 0;2;5;8;9
      0.152493108134; 1;6
      0.152449223072; 0;2;4;7;8;9
      0.152438644780; 0;2;3;4;5;6;9
      0.152358572769; 0;1;2;5;6;7;8;10
      0.152319150573; 0;1;2;3;4;5
      0.152307401695; 0;1;2;5;8;9
      0.152246237306; 0;1;2;5;6;7;8;9;10
      0.152246119566; 0;1;2;4;5;7;10
      0.152242618349; 1;2;3;4;6;7;8
      0.152225458267; 0;2;5;6;7;8;10
      0.152217482467; 0;1;2;3;4;6;7;8;10
      0.152195233710; 0;1;3;4;5;6;7;8;9
      0.152147151769; 1;2;4;5;6
      0.152110717412; 0;1;4;8;9
      0.152083229599; 0;2;3;4;6;7;8;10
      0.152081035963; 0;2;4;7;8
      0.151937490674; 1;2;4;6;7
      0.151916499451; 0;1;2;3;5;6;8
      0.151888032744; 0;2;4;5;6;8;10
      0.151849123172; 0;1;4;5;6;7;8;9;10
      0.151840743251; 0;2;5;6;7;10
      0.151816931435; 0;4;5;6;8;10
      0.151800925695; 0;1;5;6;9
      0.151789451355; 0;1;5;6;7;8;10
      0.151783473543; 0;2;4;5;7;10
      0.151709974383; 1;2;3;4;5;6;7;8;9
      0.151685497962; 4;10
      0.151661737878; 1;2;4;5;6;7;9;10
      0.151576391028; 0;2;6;7;8
      0.151537898962; 5;6;7
      0.151458924099; 0;1;4;7;8;9
      0.151413052847; 0;1;2;5;7;8;9
      0.151369623312; 1;2;4;5;6;7;8;10
      0.151354753471; 1;2;4;5;6;10
      0.151346731553; 0;2;4;5;6;7;8;10
      0.151337176974; 0;2;4;8;9
      0.151315272593; 0;5;10
      0.151268407853; 4;5;10
      0.151198519486; 1;2;3;4;5;6
      0.151126685202; 1;2;5;6;9
      0.151081826812; 0;4;5;6;7;8;9
      0.151050561182; 0;2;4;6;7;8;9
      0.151041156103; 0;2;3;4;5;8
      0.151001434673; 1;3;4;5;6;7;8
      0.150954818532; 1;4;5;6;7;9;10
      0.150947500100; 0;3;4;5;6;8
      0.150905659375; 1;2;4;5;6;8;9
      0.150899198116; 1;2;4;6;8
      0.150896086008; 0;2;5;7;8
      0.150886227562; 1;2;4;5;6;7;8;9;10
      0.150837131242; 4;5;8;9
      0.150781407661; 0;2;7;8
      0.150739973689; 0;1;2;4;7;8;9
      0.150732598181; 0;1;4;6;7
      0.150688863732; 0;2;3;4;5;7;8
      0.150685384041; 0;3;4;6;8
      0.150679628238; 0;2;3;5
      0.150621009687; 0;1;2;4;5;7;8
      0.150556937222; 1;5;7;8
      0.150531360022; 1;2;3;5;6
      0.150525452052; 0;3;4;5;6;7;8
      0.150463588341; 4;5;7
      0.150381795945; 0;5;8
      0.150313122571; 0;1;2;4;5;9
      0.150297349429; 1;4;7;9
      0.150275910319; 0;2;3;4;5;6;7;8;9;10
      0.150199860983; 0;1;5;6;7;8;9
      0.150148127527; 0;2;4;5;7
      0.150138602888; 0;2;4;6;7;8;10
      0.150095642360; 4;5;7;9
      0.150089035497; 1;6;8
      0.149994497846; 0;2;3;5;6;8
      0.149959303188; 1;4;5;7;8;9
      0.149903422376; 4;6;7;8
      0.149892657312; 0;1;4;6;8
      0.149891285071; 0;2;5;6;8
      0.149852810839; 2;4;5;6;7;9
      0.149804059448; 0;2;4;5;8;9
      0.149797150487; 0;1;4;6;7;8;10
      0.149763033017; 0;5;6;7;10
      0.149756831475; 0;2;8;9
      0.149750667189; 1;2;4;6;7;9
      0.149710979458; 0;1;5;8;9
      0.149683606814; 0;1;2;3;4;5;6;7;8;10
      0.149674914014; 0;2;7
      0.149657326446; 0;1;4;5;7;9;10
      0.149602407300; 2;8
      0.149593833728; 0;1;3;5;6
      0.149573904694; 1;4;5;6;7;10
      0.149564362644; 0;2;6;7
      0.149560037223; 0;5;6;7;8
      0.149544889714; 0;1;4;5;6;9;10
      0.149540013811; 0;1;4;6;7;10
      0.149473116231; 1;4;6;8;9
      0.149414439478; 4;6;9
      0.149400767211; 0;1;2;4;6;7;9
      0.149317919700; 0;1;2;4;5;6;9;10
      0.149296105313; 0;1;2;4;5;6;7;9;10
      0.149190856524; 5;6;9
      0.149174435743; 0;5;6;7
      0.149163863540; 0;2;4;6;8;9
      0.149015032375; 0;1;2;4;6;8;10
      0.148910277259; 1;4;5;10
      0.148904358916; 0;2;4;6;9
      0.148897011703; 0;1;2;3;4;5;6;8;9
      0.148891870011; 1;2;5;6;7
      0.148891040166; 0;2;7;9
      0.148871435847; 0;1;4;5;8
      0.148792494347; 0;2;3;5;6;8;10
      0.148673049663; 0;1;3;4;5;6;7;8
      0.148669092013; 0;2;3;4;6;7
      0.148637677827; 0;1;4;7;8
      0.148633930019; 0;1;2;4;5;6;8;10
      0.148626555512; 0;5;6;8
      0.148601048340; 5;10
      0.148596804438; 0;2;3;4;5;6;10
      0.148578856634; 0;1;4;5;7;8
      0.148563484449; 0;2;4;5;6;7
      0.148480975477; 0;1;2;3;4;5;6;8;10
      0.148379447268; 1;4;5;6;8;9
      0.148354250723; 0;6;9
      0.148342162596; 0;2;4;6;7;9
      0.148242171696; 1;2;4;5;9
      0.148184052210; 0;1;3;4;5;6;7;8;10
      0.148132038068; 0;2;4;6;7;10
      0.148121068940; 0;3;4;5;7
      0.148076980257; 0;2;3;4;5;6;7;8
      0.148005587557; 0;2;4;5;9;10
      0.147967775722; 4;6;8
      0.147965259069; 0;1;3;5;6;7;8
      0.147963170232; 0;1;2;3;4;5;6;9
      0.147906793215; 1;4;5;6;8
      0.147851585600; 0;2;5;6;7;8;9
      0.147809606321; 0;1;2;5;6;7;9;10
      0.147777511803; 0;1;4;5;8;9
      0.147769367377; 0;2;5;6;7;9;10
      0.147765886528; 0;1;2;3;5;6;8;10
      0.147681886291; 0;1;4;5;6;7;10
      0.147542264476; 1;3;4;5;6;7
      0.147514063461; 0;4;6;9
      0.147460724624; 0;2;4;5;7;8
      0.147455079929; 0;1;2;5;6;8;9
      0.147443488806; 1;3;4
      0.147411271315; 0;1;2;4;5;8;9
      0.147369807085; 0;1;2;4;5;7;9;10
      0.147339622747; 0;1;2;4;5;6;7;8;9;10
      0.147293902656; 1;3;4;5;6;8
      0.147264969574; 0;1;2;5;6;10
      0.147261794304; 0;2;4;6;7
      0.147200776239; 0;5;6;8;9
      0.147192832309; 0;1;4;6;7;9
      0.147185544420; 0;4;5;8
      0.147121419052; 0;1;2;6;7;9
      0.147086779266; 3;4
      0.147077567738; 0;1;2;3;4;5;6;7;8;9
      0.147053254680; 0;1;2;4;5;6;10
      0.147047088999; 1;2;4;5;6;9
      0.147000266936; 0;1;2;4;5;6;7;10
      0.146898466317; 1;5
      0.146872607292; 0;2;5;7;8;9
      0.146860251872; 1;5;6;8
      0.146644539548; 0;1;4;5;6;7;8;9
      0.146595300133; 0;2;3;4;5;6;8
      0.146531944010; 0;1;3;4;5
      0.146508411605; 0;1;2;4;5;6;8
      0.146506469877; 1;4;7;8
      0.146468587680; 0;2;4;5;6;9;10
      0.146429217355; 0;2;4;7;9
      0.146376860331; 0;2;4;5;6;7;9;10
      0.146271997072; 0;1;5;6;7;8
      0.146241256130; 0;2;3;5;6
      0.146237399127; 0;3;5;6
      0.146190153044; 0;1;2;3;4;5;6;8
      0.146179518453; 0;1;2;3;5;6
      0.146170630276; 0;2;4;5;7;8;9
      0.146135104632; 0;1;2;3;4;5;6;7;9
      0.145957732914; 0;1;4;6;9
      0.145894491115; 1;4;6;9
      0.145865430246; 1;4;5;6;7;8;9
      0.145739603060; 1;2;4;5;7;9
      0.145696393535; 1;4;5;8
      0.145604846539; 1;5;6;7;8
      0.145598988749; 0;1;4;5;10
      0.145544242135; 0;1;2;3;5;6;7;8
      0.145499308898; 0;1;2;3;4;5;6;10
      0.145430594490; 0;2;3;6;7
      0.145408993380; 0;1;2;5;6;7;8;9
      0.145406495226; 0;1;2;5;6;7
      0.145197468859; 0;4;5;6;9;10
      0.145182408570; 0;1;5;6;7;9
      0.145145044185; 0;2;4;5;6;9
      0.145097191182; 0;1;2;3;4;5;6
      0.145093849478; 0;5;6;7;9
      0.144853601813; 0;1;4;5;6;7
      0.144757589308; 0;4;5;6;8;9
      0.144672192971; 0;1;2;5;6;9
      0.144667752657; 0;3;4;6
      0.144638197429; 0;1;4;5;6;8
      0.144614295104; 0;2;3;4;6
      0.144591967821; 0;2;4;5;10
      0.144589281778; 0;5;7;8
      0.144577204928; 0;1;4;5;6
      0.144537476581; 0;2;3;4;5;6;7
      0.144367994691; 1;3;4;5;6
      0.144308459997; 0;1;4;5;6;8;9
      0.144198077854; 1;4;5
      0.144150909705; 1;2;4;5;6;7;8;9
      0.144069529595; 0;4;5;6;7;8
      0.143997712239; 0;1;2;4;6;9
      0.143968184875; 0;1;2;3;4;5;6;7;8;9;10
      0.143937249082; 0;1;4;6;8;9
      0.143842066630; 0;6;7
      0.143786495643; 1;4;5;7;8
      0.143679630866; 0;4;5;6;8
      0.143604651810; 0;1;2;4;5;7;8;9
      0.143601370737; 0;2;3
      0.143548586310; 0;1;2;3;4;5;6;7;8
      0.143536887056; 0;1;4;5;6;9
      0.143485821698; 0;2;5;6;7;8
      0.143477677294; 0;2;4;5;6;7;8
      0.143313754558; 0;1;2;4;5;7;9
      0.143297113095; 0;1;5;6;8;9
      0.143294894195; 5;9
      0.143146580459; 1;5;9
      0.143138909943; 0;2;5;6;7
      0.143125124347; 0;1;2;4;5;6;9
      0.142905254806; 0;2;4;5;6;10
      0.142736428196; 0;1;2;6;7;8
      0.142727290692; 1;4;5;6
      0.142726340215; 0;1;2;5;6;7;10
      0.142700113783; 0;2;4;5;6;8;9
      0.142649143603; 0;1;2;4;5;6;7;8;10
      0.142600485603; 1;4;5;6;7;9
      0.142598718695; 0;3
      0.142460955808; 0;2;4;5;6;7;10
      0.142403051566; 3;4;5
      0.142286899587; 0;1;2;4;5;6;8;9
      0.142147057785; 1;6;7
      0.142129109901; 0;2;6;7;9
      0.141951387960; 0;4;5;7;8;9
      0.141906224649; 0;2;4;6;7;8
      0.141902543195; 0;6
      0.141896719084; 1;9
      0.141760414980; 0;2;3;4;6;7;8
      0.141713184327; 0;1;3;4;5;6
      0.141705214816; 0;1;2;4;5;6;7;8
      0.141693195701; 0;2;3;4;5;6
      0.141664345708; 0;1;4;6;7;8;9
      0.141568686377; 1;2;4;5;6;8
      0.141561287356; 1;4;5;6;10
      0.141371405404; 0;1;4;5;7;8;9
      0.141351582217; 3;5
      0.141192930067; 0;1;5;6;7
      0.141173925590; 0;1;5;7;9
      0.141158112383; 1;5;6;9
      0.141110118202; 1;5;6;7
      0.141109535687; 0;1;4;7;9
      0.141104433273; 0;1;2;5;7;9
      0.141070507305; 0;4;5;7;8
      0.141002950559; 0;1;2;4;5;6;7
      0.140942053146; 0;2;3;4;5
      0.140938158029; 0;1;2;4;6;7
      0.140934605103; 1;3;4;5
      0.140778836345; 4;5;9
      0.140693776868; 0;1;2;3;4;5;6;7
      0.140506543043; 0;2;5;6;7;9
      0.140445878483; 0;2;4;5;6;8
      0.140428615843; 0;1;2;4;6;7;8;9
      0.140414956709; 0;2;4;5;6;7;8;9
      0.140406163343; 0;4;6;7;8;9
      0.140375234317; 1;2;5;6;7;9
      0.140292795360; 0;1;4;5;7
      0.140242211297; 0;4;7;8;9
      0.140124435331; 1;4;6
      0.140113724485; 0;4;5;10
      0.139987575228; 0;4
      0.139940535002; 0;2;4;5;6;7;9
      0.139811367771; 0;1;2;4;6;7;8
      0.139750254124; 1;2;4;5;6;7;9
      0.139736277633; 0;5;6;9
      0.139294709887; 1;3;5
      0.139223762684; 0;1;2;4;5;6;7;8;9
      0.139153811271; 1;2;4;5;6;7;8
      0.139113958455; 2;7
      0.138998581814; 1;4;5;8;9
      0.138902175840; 4;5;6;7
      0.138859204040; 0;4;8;9
      0.138845029713; 1;4;5;6;7;8
      0.138779844284; 0;2;10
      0.138701540470; 0;4;5;6;10
      0.138672528332; 0;2;5;6;9
      0.138538587165; 0;3;4;5;6
      0.138336482900; 0;4;5;6;7;9
      0.138201836545; 0;1;3;4;5;6;7
      0.138112670527; 0;1;4;5;9
      0.137889341875; 4;6
      0.137690933799; 1;7
      0.137512715977; 2;10
      0.137238213591; 0;1;4;5;7;9
      0.137026851804; 1;4;5;6;9
      0.136847549941; 4;6;7
      0.136788531740; 1;4;5;7;9
      0.136748020046; 0;1;4;5;6;7;9
      0.136746705878; 0;1;2;5;6;7;8
      0.136659644442; 1;4;8
      0.136607649000; 0;10
      0.136457114831; 0;1;4;5;6;10
      0.136346778737; 0;5;8;9
      0.136113937081; 1;4;6;7;9
      0.136092631688; 1;4;6;7;8
      0.135804626269; 0;4;6;8;9
      0.135636620236; 0;1;2;4;5;6;7;9
      0.135610458068; 0;2;5;7;9
      0.135590228707; 1;5;7
      0.135422636381; 0;9
      0.135367228271; 0;1;4;6;7;8
      0.135330269987; 1;4;6;8
      0.135285980355; 0;4;6
      0.135197735455; 1;4;7
      0.135067237335; 0;4;6;7;8
      0.134818339048; 0;4;5
      0.134684841518; 0;4;6;7;9
      0.134569036435; 0;1;4;5;6;7;8
      0.134294561914; 1;4;5;6;7
      0.134281110464; 4;8
      0.134041802140; 0;4;5;6
      0.134006308103; 0;4;5;6;9
      0.133863268654; 0;4;7;9
      0.133779224551; 1;4;5;7
      0.133598955366; 0;4;5;6;7
      0.133555588295; 0;4;8
      0.133381704103; 0;4;7;8
      0.133277015756; 0;4;5;8;9
      0.132596275906; 0;3;4
      0.132376792898; 0;2;4;5;7;9
      0.131732527707; 0;4;9
      0.131708300127; 0;5;7;9
      0.130845676202; 0;4;6;7
      0.130255880660; 0;4;6;8
      0.129913414871; 0;8
      0.129379773384; 0;4;5;7
      0.129345082173; 1;4;6;7
      0.129193779892; 0;4;5;9
      0.128405533652; 0;4;7
      0.127147910375; 0;3;5
      0.125998058629; 2;3
      0.125637829481; 1;4;5;9
      0.125511939429; 1;8
      0.124732727089; 0;5;7
      0.123988623303; 0;3;4;5
      0.122399281054; 0;4;5;7;9
      0.120309066201; 0;7
      0.119237121446; 0;5;9
      0.118872451951; 1;4
