      0.320538461538; 0;7
      0.307132617297; 0;3;6
      0.299230769231; 0;3
      0.295846153846; 0;1
      0.295615384615; 7;9
      0.292517578182; 0;3;9
      0.286051581932; 0;7;10
      0.284563254685; 0;7;9
      0.283959596690; 0;1;3;10
      0.278867311438; 0;3;4;6
      0.277615384615; 2;4
      0.276566841655; 0;2;3;9
      0.276169813460; 2;4;7
      0.273149726349; 0;4;5;7
      0.272504960425; 0;2;4;7
      0.272230769231; 2;5
      0.271923076923; 0;9
      0.270652491214; 0;3;7;10
      0.268174111836; 0;2;4
      0.268111993399; 0;3;6;10
      0.267599312710; 1;2;5
      0.267396347804; 0;1;3
      0.267229591186; 0;2;4;9
      0.267118727125; 0;2;5;7
      0.266695940755; 0;4;6
      0.266281960729; 4;7;9
      0.266162145002; 2;5;6
      0.266026721043; 6;7;9
      0.263545937336; 2;3;9
      0.263367963736; 0;1;2;4
      0.263335682635; 2;6;9
      0.263134467055; 0;3;6;9
      0.262170370823; 0;5;6
      0.261533314504; 0;1;3;6
      0.261279305576; 0;5;7
      0.261083631942; 0;3;7
      0.260790133327; 0;6;10
      0.260429208004; 0;6;7;10
      0.260219133636; 6;9;10
      0.260185608595; 2;4;7;9
      0.260152189056; 1;2;3
      0.259826168757; 0;2;5;9
      0.258913150274; 1;2;3;9
      0.258593244389; 2;3;4;7
      0.258555824379; 2;5;7;9
      0.258209637714; 0;2;3
      0.257868779097; 3;4;5
      0.257796788995; 2;5;7
      0.257680694993; 0;4;9
      0.257588185507; 0;1;3;7
      0.257158410088; 0;3;6;8
      0.257061531004; 3;6;9
      0.256923076923; 1;4
      0.256829270403; 0;3;8
      0.256558804457; 0;1;7
      0.256289516040; 2;4;9
      0.256028641930; 0;1;7;10
      0.255958815780; 0;1;3;9
      0.255775539003; 0;7;8;10
      0.255684617197; 0;3;5
      0.255671829847; 2;5;7;8
      0.255153846154; 8;10
      0.254598633585; 3;7;9
      0.254473714495; 0;4;7;9
      0.254416317980; 0;2;3;6;9
      0.254291288862; 4;5;7;9
      0.254158918868; 0;5;7;9
      0.254141703369; 0;3;5;9
      0.254084789608; 0;6;7;9
      0.254070364964; 2;3;7;9
      0.253915420965; 0;1;9
      0.252969636272; 5;7;9
      0.252960021317; 6;7;9;10
      0.252800868121; 3;6;9;10
      0.252767565037; 0;2;4;6
      0.252728519460; 2;3;5;9
      0.252718057398; 0;1;3;8;10
      0.252366025100; 0;2;3;5;9
      0.252234222477; 0;2;5
      0.252195071956; 2;3;5;7;9
      0.251381901982; 0;2;3;5
      0.251327269695; 0;4;6;9
      0.251146297072; 2;5;9
      0.250843445813; 0;4;7
      0.250709273570; 4;5;8
      0.250642600047; 4;6;7
      0.250615384615; 2;3
      0.250570074233; 0;4;6;7
      0.250447485146; 0;3;5;6
      0.250342368416; 1;4;5;8;10
      0.250191828639; 0;3;9;10
      0.250138356956; 7;8;9
      0.250069402819; 0;5;7;10
      0.250000000000; 7;8
      0.249932969937; 0;1;3;8
      0.249868478185; 0;1;2;5
      0.249804181113; 1;2;5;8
      0.249795518508; 0;4;6;9;10
      0.249784823345; 0;4;7;10
      0.249571759553; 2;6;9;10
      0.249438849420; 0;2;7
      0.249307692308; 4;5
      0.249168077021; 1;2;3;5;8
      0.249089601618; 0;6;7
      0.248937822283; 2;3;5;8
      0.248858736851; 2;5;7;10
      0.248772225772; 0;2;4;5;7
      0.248769230769; 6;9
      0.248692454012; 0;2;3;6;9;10
      0.248639871910; 0;3;4;5;7
      0.248548781370; 2;4;5
      0.247989141191; 1;4;5
      0.247865427057; 0;1;5
      0.247751786054; 0;3;7;9
      0.247513633010; 0;2;4;5
      0.247076923077; 6;7
      0.247015960905; 5;7;8;10
      0.247000000000; 1;7
      0.246883471362; 0;1;4
      0.246849952550; 0;4;5;6
      0.246784703042; 4;5;7;10
      0.246722124281; 4;5;7;8
      0.246564266702; 5;6;10
      0.246483648704; 1;3;4;5;8;10
      0.246011834614; 0;2;3;6
      0.245896185213; 1;4;5;7;10
      0.245781927867; 0;3;4;5
      0.245777209117; 0;6;9;10
      0.245390596332; 0;1;10
      0.245384615385; 8;9
      0.245260927798; 1;6;10
      0.245138975081; 0;2;5;6;7;9
      0.245128447962; 0;1;2;4;10
      0.244972789723; 0;1;4;5
      0.244868511348; 0;1;3;4
      0.244760043792; 1;2;5;8;10
      0.244752138041; 3;5;9
      0.244581113933; 0;1;6;10
      0.244574661063; 1;6;7;9
      0.244561797765; 0;7;8
      0.244203355597; 2;7;9
      0.244177385781; 0;7;9;10
      0.244076923077; 3;7
      0.244034182237; 0;1;3;6;10
      0.243932777620; 4;5;7
      0.243860160204; 0;3;4;6;9
      0.243641429047; 2;3;5
      0.243600029474; 0;2;6;7;9;10
      0.243470792108; 0;8;9
      0.243450228177; 0;2;4;7;10
      0.243300071145; 2;3;6;9
      0.243258104125; 0;3;4
      0.243244823374; 0;3;8;10
      0.243204956078; 2;3;5;8;10
      0.243194224893; 0;1;7;9
      0.243064056472; 1;3;8;10
      0.242848082430; 0;2;5;7;10
      0.242809699631; 6;7;8;9
      0.242774143297; 0;1;2;6;10
      0.242770161770; 2;5;8
      0.242639688571; 0;1;3;6;9
      0.242468030894; 2;5;6;7;9
      0.242434792246; 0;4;5
      0.242430495115; 1;4;5;8
      0.242409842608; 2;3;5;10
      0.242357957402; 4;5;6;7
      0.242195481462; 2;4;7;10
      0.242137583360; 1;4;5;10
      0.242022053325; 0;3;4;9
      0.241980547918; 0;2;4;10
      0.241932218366; 1;3;6
      0.241895261558; 5;6;8;10
      0.241848363925; 1;3;4;6;9
      0.241805401236; 0;3;5;6;9
      0.241802236979; 0;3;10
      0.241779191268; 2;3;5;7
      0.241533940818; 1;4;5;7
      0.241340478256; 0;1;3;4;8
      0.241267483978; 0;3;5;7;9
      0.241173562549; 1;4;5;6;10
      0.240845788542; 1;8;9;10
      0.240673488792; 3;8;9
      0.240565765461; 5;8;10
      0.240548893100; 2;5;6;10
      0.240529236501; 0;1;4;9
      0.240478455325; 2;3;5;6
      0.240459494774; 1;3;4;5;10
      0.240443217386; 3;4;5;9
      0.240379222446; 4;6;9;10
      0.240343468924; 0;3;5;10
      0.240343009072; 0;3;6;7
      0.240284278777; 3;4;5;6
      0.240247679651; 0;1;2;4;6
      0.240230769231; 3;9
      0.240227331492; 4;5;6;10
      0.240205102990; 0;1;4;7
      0.239908503562; 2;4;6;7
      0.239865293934; 0;1;2;3
      0.239833494765; 2;4;10
      0.239816517976; 2;4;8
      0.239814704216; 2;5;6;7
      0.239706647455; 0;1;2;9
      0.239679622149; 0;2;5;7;9
      0.239666206214; 2;5;6;7;8
      0.239558143568; 1;3;9
      0.239507789639; 0;2;5;6;7
      0.239392874111; 1;3;4;5;6;8
      0.239158576415; 2;4;5;7;9
      0.239041195775; 3;4;5;7
      0.238927619671; 0;6;8;9
      0.238857525301; 2;4;5;8
      0.238846153846; 6;8
      0.238815916153; 2;6;8;9
      0.238720858648; 2;4;5;7
      0.238604147186; 1;2;4;5;8;10
      0.238443072837; 0;3;6;9;10
      0.238399941605; 0;2;7;10
      0.238364865140; 0;1;3;4;8;10
      0.238280135413; 0;1;2;6
      0.238277709305; 3;5;6;7;9
      0.238265460846; 0;2;9;10
      0.238250498126; 3;6;10
      0.238247593909; 4;5;7;9;10
      0.238227708008; 0;2;3;9;10
      0.238151442082; 1;7;9;10
      0.238097431980; 0;2;3;7
      0.237986667057; 1;2;5;7
      0.237974542228; 0;1;6
      0.237973176892; 0;4;6;7;9;10
      0.237844100688; 0;1;3;7;10
      0.237821556411; 0;1;2;4;9
      0.237806219108; 0;3;4;6;10
      0.237801691386; 1;2;3;4;8
      0.237795807306; 1;2;4;5;10
      0.237710536969; 2;4;5;6;7;10
      0.237563840614; 0;4;6;7;9
      0.237557997472; 2;5;6;8
      0.237422650363; 1;3;5
      0.237407217353; 0;4;6;10
      0.237321705127; 1;3;6;9
      0.237111230187; 0;4;7;9;10
      0.237054927915; 3;4;6;10
      0.237052998948; 0;7;8;9
      0.237049358321; 0;3;4;10
      0.236854826460; 6;7;8
      0.236723954322; 0;2;6;9;10
      0.236698464123; 0;2;5;6
      0.236674748196; 0;4;5;6;7;10
      0.236615778356; 4;5;6;7;9
      0.236586332957; 0;1;4;6;7
      0.236485758242; 1;2;4;5;8
      0.236395252967; 1;4;5;6;8
      0.236383277627; 1;3;6;9;10
      0.236336239053; 6;7;10
      0.236322539775; 0;2;7;9
      0.236317995988; 1;2;4;5;6;10
      0.236270894611; 6;8;9
      0.236267293164; 2;3;5;6;10
      0.236263214003; 0;2;4;5;6;7;10
      0.236256328896; 0;2;3;4;6
      0.236221592047; 0;1;4;5;7
      0.236182585303; 0;2;7;9;10
      0.236089378157; 2;3;6;8;9
      0.236083378481; 0;1;2;3;9
      0.236022018616; 0;2;5;6;8
      0.235999384817; 0;1;4;8
      0.235681022881; 0;6;8;10
      0.235650090106; 1;4;7;9
      0.235640797111; 1;3;4;5;8
      0.235388054378; 0;1;3;6;9;10
      0.235287417218; 2;3;6;7;9
      0.235248043137; 1;3;4;7;9
      0.235230769231; 0;8
      0.235128092785; 0;2;4;7;9
      0.235105491215; 5;6;9;10
      0.235094129297; 2;3;5;6;9
      0.235037995974; 0;5;9
      0.235000000000; 0;2
      0.234996399369; 0;1;2;3;8;10
      0.234993916215; 2;5;8;9
      0.234955554507; 4;5;6;9;10
      0.234942227449; 4;5;10
      0.234889784486; 2;4;5;10
      0.234871942686; 1;2;7;9
      0.234802208112; 1;2;5;6
      0.234732740643; 1;2;3;5
      0.234703332014; 1;2;5;9
      0.234548843099; 3;6;7;9
      0.234490719894; 0;2;3;4;6;9
      0.234449051465; 1;3;6;10
      0.234429693114; 3;5;7;9
      0.234406230208; 3;5;6
      0.234398283734; 2;3;4;5
      0.234335955754; 0;2;4;6;7
      0.234259578571; 0;1;3;9;10
      0.234192791990; 0;3;5;7
      0.234149700618; 0;1;4;10
      0.234130411642; 5;7;9;10
      0.234121998057; 0;2;4;5;9
      0.234115601418; 1;3;6;8;9
      0.234048702974; 0;4;5;6;10
      0.233985140676; 2;8;9
      0.233968618112; 3;4;5;6;9;10
      0.233921427515; 3;8;9;10
      0.233825795632; 0;4;5;7;9
      0.233774827213; 0;2;4;5;7;10
      0.233771643008; 0;3;6;8;9
      0.233700587876; 0;5;6;7
      0.233632314409; 2;3;8;9
      0.233606365169; 0;1;3;5;10
      0.233601736370; 3;6;8;9
      0.233498434443; 0;1;2;10
      0.233467161536; 1;2;4;5
      0.233443787351; 0;1;2;3;8;9
      0.233437321116; 0;1;2;6;9
      0.233424555707; 0;3;8;9
      0.233398376606; 7;8;9;10
      0.233361549387; 3;4;5;7;9
      0.233351489965; 0;1;5;7
      0.233248040272; 5;7;10
      0.233243931206; 0;2;3;8
      0.233225747421; 0;1;4;6
      0.233154930574; 1;2;3;6;7;9
      0.233092514512; 3;5;8;10
      0.232897918946; 0;2;5;8
      0.232715360520; 0;1;6;7
      0.232703869359; 0;3;5;7;10
      0.232613815450; 0;1;4;6;9
      0.232606092308; 2;5;7;8;9
      0.232593905149; 0;4;5;7;10
      0.232591089509; 1;6;9;10
      0.232561177685; 2;4;6;7;9;10
      0.232553954216; 0;4;5;8
      0.232507906997; 0;4;5;6;7
      0.232480290135; 2;3;7
      0.232436170641; 3;4;6;9;10
      0.232405979591; 0;1;6;7;9
      0.232389496941; 1;9;10
      0.232384615385; 0;4
      0.232335664078; 2;3;5;8;9
      0.232328778677; 3;6;7;8
      0.232252743558; 0;4;9;10
      0.232251591152; 0;1;6;7;10
      0.232233461628; 1;2;3;5;10
      0.232200746149; 0;1;6;9
      0.232134427320; 1;7;9
      0.232134047368; 0;3;7;8;10
      0.232121602734; 0;2;6;8;9
      0.232111860663; 6;7;8;10
      0.232023771453; 0;2;3;4;9;10
      0.231932270387; 0;2;3;8;9
      0.231898884857; 0;1;2;4;6;9
      0.231875158338; 2;3;10
      0.231787276625; 0;1;3;6;8
      0.231770857345; 0;1;3;4;5;6
      0.231749064661; 0;1;2;5;7
      0.231721514425; 0;2;4;6;9;10
      0.231713935322; 0;5;7;9;10
      0.231695533697; 1;2;5;7;10
      0.231692226848; 1;3;4;5;6;10
      0.231688746969; 2;4;6
      0.231589310758; 1;3;6;8
      0.231554977272; 3;4;5;7;10
      0.231488013062; 0;2;6;9
      0.231461538462; 0;5
      0.231448867395; 0;1;2;5;10
      0.231391997798; 1;2;3;8;9
      0.231367572013; 1;2;3;6;8;9
      0.231327436691; 0;3;4;7
      0.231300852270; 0;1;5;7;10
      0.231171862838; 1;2;4
      0.231164362501; 0;2;3;6;8;9
      0.231160187508; 2;4;6;9
      0.231120423307; 0;1;4;6;9;10
      0.230975855929; 2;3;9;10
      0.230887838469; 1;4;5;6;7
      0.230846153846; 3;8
      0.230759982750; 5;8;9
      0.230671745480; 0;6;7;8
      0.230646874582; 2;3;5;6;7;9
      0.230615384615; 9;10
      0.230615384615; 5;6
      0.230609413354; 0;1;2;6;9;10
      0.230581470731; 0;2;3;4;9
      0.230518635776; 3;4;5;10
      0.230496649807; 0;4;7;8
      0.230496496495; 0;1;2;3;10
      0.230469124958; 3;4;7;9
      0.230394559345; 0;2;4;6;10
      0.230359551783; 1;3;8;9;10
      0.230306472423; 2;4;6;9;10
      0.230274561739; 0;1;4;6;10
      0.230174297366; 0;3;6;8;10
      0.230149615864; 4;6;7;9
      0.230060522811; 3;6;7;10
      0.229921139490; 0;1;4;5;10
      0.229889698966; 1;3;5;9
      0.229809825752; 0;1;3;8;9
      0.229806174089; 0;3;4;5;6
      0.229717767613; 1;2;3;6;10
      0.229705911980; 3;4;5;6;9
      0.229615384615; 2;6
      0.229539017158; 0;2;6;7;9
      0.229518799097; 4;5;6;7;9;10
      0.229506320692; 2;4;5;6;7;9;10
      0.229459782993; 4;5;6;7;10
      0.229452979296; 0;2;4;7;8;10
      0.229433736070; 1;2;3;6;9
      0.229433163113; 2;3;4
      0.229353038317; 2;5;6;7;9;10
      0.229210867295; 0;2;3;7;9
      0.229206752742; 0;1;3;4;9;10
      0.229166541190; 1;3;4;8;9
      0.229163830107; 3;4;5;9;10
      0.229153846154; 1;3
      0.229137674073; 2;3;4;9
      0.229096764647; 0;4;5;7;9;10
      0.229040915440; 0;3;5;6;10
      0.228983558152; 4;6;7;8
      0.228972384169; 0;3;5;9;10
      0.228958485744; 0;2;4;9;10
      0.228942709294; 0;2;6;10
      0.228942354644; 3;4;5;7;8
      0.228925588803; 0;4;5;6;9
      0.228882359471; 0;6;8
      0.228797766690; 0;2;5;6;10
      0.228797453364; 1;5;7;8;10
      0.228768696173; 2;6;7;10
      0.228746542329; 0;2;3;4;6;9;10
      0.228717354240; 2;8;10
      0.228680617951; 2;4;5;7;10
      0.228677704434; 2;3;4;5;9
      0.228663594654; 0;3;7;8
      0.228639642607; 0;1;3;7;9;10
      0.228617172440; 0;3;6;7;8
      0.228616528466; 0;3;5;8
      0.228614686096; 1;3;4;5;7
      0.228567099782; 1;3;9;10
      0.228565367123; 0;1;3;5;9
      0.228550992538; 1;3;4;6;9;10
      0.228424307246; 0;1;2;4;6;10
      0.228406803513; 1;2;3;6;9;10
      0.228342726718; 2;6;7;9
      0.228327190783; 0;1;5;10
      0.228246471408; 1;2;4;5;8;9
      0.228206439163; 1;4;5;6;7;9
      0.228193078250; 0;1;4;7;9;10
      0.228177521953; 0;2;9
      0.228171889385; 4;6;9
      0.228091783990; 0;1;3;4;9
      0.228086634452; 0;1;2;3;6;9
      0.228085227294; 0;2;3;4;10
      0.228053996056; 1;4;5;9
      0.228050910691; 3;5;6;8
      0.228030652311; 0;4;6;8
      0.228016179082; 3;4;6;9
      0.227970443600; 0;2;3;5;6
      0.227935415762; 0;2;3;4
      0.227932636550; 4;7;9;10
      0.227842468720; 7;9;10
      0.227829791940; 5;6;7;8
      0.227823442983; 1;7;8
      0.227789670598; 0;1;2;4;5;7;10
      0.227697264852; 0;2;6
      0.227675781019; 0;2;3;5;6;9
      0.227673393492; 1;3;6;7;9
      0.227663515621; 2;4;7;8
      0.227612931762; 0;2;4;7;9;10
      0.227592400462; 2;4;7;9;10
      0.227588273053; 1;6;9
      0.227521582820; 0;1;2;6;8;9
      0.227419032292; 5;6;8;9
      0.227407976226; 1;4;5;6;8;9
      0.227407295016; 0;4;5;9;10
      0.227374274418; 1;4;5;6;7;10
      0.227331080684; 1;3;5;6;8;10
      0.227301267575; 1;3;5;6;10
      0.227290497385; 2;5;10
      0.227256676330; 1;3;7
      0.227245131502; 0;4;6;7;10
      0.227235143125; 3;5;7;10
      0.227232970590; 0;1;6;8
      0.227230769231; 5;8
      0.227227475630; 3;4;5;6;7;9
      0.227224492870; 5;7;8;9;10
      0.227220340289; 0;5;6;7;10
      0.227212388193; 0;2;3;5;7
      0.227206806051; 5;6;7;9
      0.227194705836; 1;4;5;7;8
      0.227129486011; 0;1;3;4;8;9
      0.227105915599; 0;1;3;6;8;10
      0.227070135864; 0;1;3;6;7;8
      0.227015472745; 2;4;9;10
      0.227015252721; 2;6;10
      0.226979776673; 0;5;8;9
      0.226947583333; 1;2;5;7;9
      0.226932570354; 0;3;7;9;10
      0.226830737073; 1;3;4;5
      0.226823383940; 0;2;4;5;6
      0.226772189627; 1;2;3;4;5;10
      0.226738958754; 0;1;2;3;4;9;10
      0.226729175623; 0;5;7;8;10
      0.226711741776; 0;1;2;5;7;10
      0.226643076308; 7;8;10
      0.226611071935; 2;3;5;9;10
      0.226570593579; 1;3;8;9
      0.226560335648; 3;7;9;10
      0.226548540598; 0;2;4;5;10
      0.226521620150; 3;5;6;9
      0.226511778688; 1;3;7;9
      0.226500984525; 0;1;8;10
      0.226476911977; 0;1;4;7;10
      0.226438248318; 0;2;5;7;9;10
      0.226434937096; 1;7;8;9
      0.226371069047; 0;2;4;6;9
      0.226354414548; 1;2;5;10
      0.226340870327; 0;1;2;6;7;9
      0.226277265261; 1;2;4;5;7;9;10
      0.226269737615; 1;3;8
      0.226259161179; 0;1;7;8
      0.226245250719; 0;3;4;6;8;9
      0.226203472010; 1;6;7;10
      0.226185253214; 0;5;9;10
      0.226121378149; 1;2;3;5;9;10
      0.226092263129; 0;9;10
      0.226084550468; 1;8;9
      0.226081303500; 3;4;7;10
      0.225987038503; 1;5;6;7;8
      0.225974577495; 3;5;8;9
      0.225956531214; 2;7;9;10
      0.225955525549; 0;3;8;9;10
      0.225924866113; 0;3;4;6;8
      0.225823712235; 3;4;5;6;7;10
      0.225816890583; 2;3;4;5;7
      0.225810539950; 0;6;9
      0.225776901289; 2;3;6
      0.225771914317; 0;6;7;9;10
      0.225651456146; 0;4;6;7;8
      0.225650277827; 0;2;4;5;8
      0.225635594230; 0;4;5;10
      0.225617508113; 0;1;2;4;6;8;9
      0.225589747671; 2;5;6;7;10
      0.225582910186; 0;1;2;5;6;10
      0.225569157408; 0;2;5;7;8;10
      0.225566130335; 1;3;5;7;9
      0.225512912526; 0;2;7;8;9
      0.225499926931; 0;1;3;5;8
      0.225472586799; 0;3;5;8;9
      0.225467727835; 1;2;3;8
      0.225385876121; 2;3;4;9;10
      0.225358377433; 2;3;6;10
      0.225235157659; 0;2;4;6;7;9
      0.225198420817; 4;5;6
      0.225153397557; 1;2;4;5;6
      0.225127745964; 2;5;6;8;9
      0.225123739006; 0;3;6;7;10
      0.225106589961; 0;1;2;3;9;10
      0.225101819534; 2;5;6;7;8;10
      0.225095246733; 1;2;4;5;7
      0.225040620073; 0;1;3;5;7;9
      0.225035460540; 0;8;9;10
      0.225024343347; 0;3;4;7;10
      0.224962295402; 1;3;5;6;8
      0.224862087592; 2;6;7;9;10
      0.224845343802; 2;4;5;6;7
      0.224835025269; 1;5;7
      0.224790119237; 0;1;9;10
      0.224781845605; 2;4;5;6;8
      0.224770769693; 3;5;6;9;10
      0.224768855414; 2;4;5;6;10
      0.224767748978; 8;9;10
      0.224723933746; 1;2;5;6;8
      0.224706734958; 2;4;6;7;9
      0.224700084530; 1;2;4;5;6;8
      0.224652128745; 3;5;7
      0.224640190348; 0;1;2;5;6
      0.224636602218; 2;3;5;7;8;10
      0.224569792136; 0;3;4;5;7;9
      0.224554984050; 1;6;7;9;10
      0.224464111138; 0;2;3;4;7
      0.224461882632; 0;2;4;5;6;9
      0.224427587419; 1;3;7;10
      0.224421873534; 2;3;5;6;8
      0.224390005696; 0;4;5;6;7;9
      0.224322279758; 3;5;8;9;10
      0.224249288165; 1;3;4;5;6;9
      0.224177161676; 2;4;5;6;7;9
      0.224175260756; 1;5;6;10
      0.224174766797; 2;3;4;5;7;10
      0.224111338847; 0;3;5;7;9;10
      0.224056688796; 1;2;5;6;7
      0.224039771417; 0;1;2;5;8;10
      0.224028841515; 4;5;6;9
      0.224013203171; 0;1;2;4;8;10
      0.223959169391; 1;2;4;7
      0.223940210632; 1;2;5;7;8
      0.223919117477; 1;2;4;6;10
      0.223911478357; 0;1;4;5;8;9
      0.223876893746; 1;3;5;8
      0.223867276944; 2;5;6;8;10
      0.223783835489; 1;2;3;4;5;6;8
      0.223775128201; 0;1;4;5;6;7
      0.223743319804; 0;5;6;10
      0.223729789517; 0;1;2;5;6;8
      0.223724952765; 0;1;2;4;7;10
      0.223724346560; 0;1;4;5;8;10
      0.223717778438; 0;1;2;6;7;10
      0.223699170111; 0;4;8;9
      0.223694647329; 5;7;8;9
      0.223679484731; 5;6;8
      0.223643600989; 0;1;4;7;9
      0.223642828793; 0;1;2;5;8
      0.223626511603; 0;3;4;6;7
      0.223619757908; 3;5;6;10
      0.223601983362; 3;5;6;8;9
      0.223593596204; 1;3;4;7;10
      0.223565734618; 0;5;7;8
      0.223554531253; 4;6;7;10
      0.223497885800; 3;5;7;8
      0.223434841302; 0;1;3;4;6;9
      0.223353122110; 2;3;5;6;8;9
      0.223338062050; 0;1;3;4;5
      0.223289916443; 1;5;6;7;9
      0.223255226964; 0;3;6;7;9
      0.223192753325; 3;5;9;10
      0.223175498607; 1;3;6;8;10
      0.223153846154; 3;10
      0.223147700940; 5;6;7;10
      0.223127460046; 1;2;3;6
      0.223114816900; 3;9;10
      0.223063466633; 3;7;8;9
      0.223053072541; 0;3;4;5;6;9
      0.223031794831; 2;4;6;8
      0.223027840495; 2;5;7;8;9;10
      0.223019912858; 2;4;5;7;9;10
      0.222995017757; 0;1;2;4;5
      0.222987951376; 1;4;5;7;9;10
      0.222905663222; 2;5;6;9;10
      0.222846153846; 2;9
      0.222846153846; 1;2
      0.222760389121; 3;4;6;7
      0.222759113479; 2;3;4;5;6;9
      0.222745020663; 0;1;3;4;6
      0.222731837607; 1;3;10
      0.222717117672; 0;1;2;5;7;9
      0.222677000489; 0;3;7;8;9
      0.222655637878; 0;1;2;3;4;9
      0.222640856692; 1;2;3;5;9
      0.222593122624; 0;2;3;5;8;9
      0.222561152728; 0;4;5;7;8;10
      0.222518968991; 0;1;3;5
      0.222507336317; 0;1;2;4;6;8
      0.222489524365; 4;5;9;10
      0.222441975336; 0;1;2;8;9
      0.222435095134; 2;3;8
      0.222311212008; 3;6;8
      0.222248753697; 1;4;10
      0.222201475812; 1;3;4;5;7;10
      0.222200994491; 0;3;4;5;9
      0.222188419381; 1;2;5;6;7;9
      0.222181377102; 0;2;4;8
      0.222144894848; 0;1;3;7;9
      0.222112806311; 2;4;5;7;8
      0.222104359864; 0;1;4;7;8
      0.222089847459; 1;5;8;10
      0.222065213467; 0;2;4;5;6;7
      0.222052985585; 1;2;6;7;10
      0.222026681952; 0;2;4;6;8
      0.222026531733; 2;3;4;5;8
      0.222015062638; 0;2;6;7;10
      0.221993400305; 4;6;7;9;10
      0.221968567810; 2;4;6;7;10
      0.221967449561; 1;2;3;5;8;10
      0.221931674300; 0;2;3;4;7;9
      0.221931403435; 0;4;6;7;8;10
      0.221922837012; 0;1;3;6;7
      0.221890468192; 0;1;8
      0.221849691631; 3;4;5;8
      0.221830370782; 2;5;6;7;8;9
      0.221789613165; 1;3;5;7
      0.221775138948; 0;1;5;7;8;10
      0.221769230769; 0;6
      0.221769230769; 2;8
      0.221767399010; 5;7;8
      0.221636546761; 1;4;5;7;9
      0.221582237250; 2;4;8;10
      0.221565232497; 0;1;2;3;5;9
      0.221549696219; 4;7;10
      0.221543871591; 0;2;3;4;5;6
      0.221543127796; 2;3;4;6;9
      0.221538461538; 3;6
      0.221532936409; 0;2;3;5;7;9
      0.221514874015; 2;3;5;6;7;10
      0.221513120479; 3;5;6;8;10
      0.221499285072; 4;5;9
      0.221487874698; 0;1;5;6;10
      0.221482688579; 1;3;4;8;10
      0.221471402823; 1;3;4;6;8
      0.221428607426; 2;6;7
      0.221419297979; 1;2;3;6;8
      0.221391790227; 2;3;4;5;7;9
      0.221359553029; 1;5;7;9
      0.221323922423; 2;4;5;6;9;10
      0.221317540426; 0;2;5;6;7;8
      0.221259156349; 0;1;5;7;9;10
      0.221253426269; 2;3;4;6;9;10
      0.221146997483; 2;3;4;6;7;9
      0.221138919173; 0;2;3;5;6;10
      0.221109617163; 1;2;4;6;7;10
      0.221092138941; 0;2;5;7;8
      0.221065711335; 0;1;5;6
      0.221046538429; 3;4;6;7;10
      0.220997518134; 2;4;6;10
      0.220985895640; 0;1;5;7;9
      0.220970689312; 1;2;4;8
      0.220960714287; 0;3;6;7;8;10
      0.220929763753; 0;5;7;8;9
      0.220928484141; 1;3;5;6;7
      0.220870288209; 1;2;3;5;6
      0.220839954249; 3;7;10
      0.220817446442; 0;1;2;8;10
      0.220791628435; 0;2;4;6;8;9
      0.220791123565; 1;2;5;8;9
      0.220757054028; 0;3;6;7;8;9
      0.220741903435; 4;5;7;8;10
      0.220739639145; 0;4;5;9
      0.220729342252; 0;1;4;5;8
      0.220693632219; 1;3;5;6;9;10
      0.220692148187; 2;3;4;7;9
      0.220682488736; 1;2;6;7;9
      0.220682407548; 2;3;5;6;7
      0.220610431493; 0;4;10
      0.220588570657; 1;2;4;5;9;10
      0.220553533068; 2;6;8
      0.220549499186; 0;5;6;7;9
      0.220544310523; 2;4;5;6
      0.220533446519; 4;6;7;8;9
      0.220497705726; 1;2;4;5;9
      0.220473878160; 0;2;5;6;8;9
      0.220470879525; 0;1;2;4;7
      0.220418073180; 0;2;3;6;8;9;10
      0.220337928583; 1;2;4;5;6;7;8
      0.220275204629; 0;1;3;5;9;10
      0.220270707488; 0;1;3;5;6;9
      0.220256528255; 0;1;3;5;7
      0.220235260654; 2;3;5;6;7;9;10
      0.220194293709; 0;1;7;8;10
      0.220175073894; 2;5;7;9;10
      0.220159028622; 0;1;4;5;7;9
      0.220131832779; 0;2;5;9;10
      0.220105242453; 3;6;8;10
      0.220101728122; 1;4;6;8;10
      0.220082416337; 0;4;5;6;9;10
      0.220064525774; 0;3;5;6;8;9
      0.220044971841; 1;2;4;5;6;8;10
      0.220037347542; 4;5;8;9
      0.219984310495; 2;5;7;8;10
      0.219973721540; 4;6;10
      0.219959986124; 3;4;6;7;9
      0.219901273262; 1;2;8;9
      0.219843776494; 1;2;3;8;10
      0.219816168824; 1;3;6;7;8;10
      0.219805540900; 0;2;4;5;6;7;9
      0.219784019515; 1;2;4;6;8;10
      0.219758126763; 1;2;3;6;7
      0.219756146491; 0;3;4;9;10
      0.219724659886; 2;4;5;6;8;10
      0.219695253362; 1;3;4;5;6;7
      0.219681166142; 2;4;5;6;9
      0.219674849231; 1;7;8;10
      0.219653293567; 0;1;3;4;5;7
      0.219623137140; 5;6;7;9;10
      0.219551980484; 0;1;2;4;6;9;10
      0.219545542114; 0;1;2;3;5
      0.219542319265; 0;1;4;8;9
      0.219538461538; 1;9
      0.219533057629; 1;3;4;7
      0.219522312655; 1;2;7;8;10
      0.219491783758; 0;2;3;10
      0.219457267406; 1;3;4;6;10
      0.219364606139; 0;1;3;5;6;7
      0.219338476797; 0;2;3;8;9;10
      0.219307692308; 1;10
      0.219273889294; 1;3;5;8;10
      0.219256648444; 0;1;2;4;5;8
      0.219252954562; 2;3;4;5;10
      0.219131151700; 2;3;6;9;10
      0.219106660886; 0;1;2;3;7;9
      0.219095371218; 2;3;4;10
      0.219095013002; 1;3;6;8;9;10
      0.219085230516; 0;1;4;9;10
      0.219072313351; 2;3;4;5;6
      0.219052887633; 1;2;3;4;6;8;9
      0.219031976967; 0;2;7;8;9;10
      0.219002083228; 1;5;6;8
      0.219001763324; 2;3;5;6;9;10
      0.218989547963; 5;8;9;10
      0.218974123701; 1;3;5;6;7;10
      0.218965435193; 0;3;4;8
      0.218949671716; 1;2;3;5;6;8
      0.218921674988; 1;3;4;6;8;10
      0.218917145290; 0;2;3;6;10
      0.218901171154; 4;7;8
      0.218887253936; 0;1;4;6;8
      0.218831602780; 2;3;4;5;6;10
      0.218829047672; 0;1;2
      0.218806221556; 1;2;3;5;6;10
      0.218785986588; 0;2;5;7;8;9;10
      0.218767779451; 0;1;2;7
      0.218759829137; 3;5;7;9;10
      0.218736554385; 6;7;8;9;10
      0.218718509131; 0;1;2;6;8
      0.218693970202; 0;1;2;9;10
      0.218693205745; 1;2;5;7;9;10
      0.218683469308; 3;4;6;8
      0.218676618245; 2;4;5;9
      0.218658587714; 0;1;5;7;8
      0.218582535192; 1;2;3;4;6;8
      0.218565399991; 1;2;3;5;6;9
      0.218545235395; 0;1;2;3;7
      0.218503070821; 0;2;5;6;7;10
      0.218481799455; 0;2;3;5;6;7;9
      0.218469727598; 0;1;4;6;7;10
      0.218468550069; 3;4;9
      0.218461514792; 0;5;8
      0.218442093682; 0;5;6;9
      0.218371605253; 0;6;7;8;9
      0.218343272053; 2;8;9;10
      0.218342403512; 3;6;7;9;10
      0.218319590282; 5;9;10
      0.218316048030; 2;3;4;6
      0.218295781549; 0;1;6;9;10
      0.218260953099; 4;5;6;7;8
      0.218249472578; 3;4;5;6;10
      0.218169776173; 0;2;4;6;7;10
      0.218164182309; 0;2;3;4;7;10
      0.218161738760; 3;4;5;8;9
      0.218098805606; 1;4;6;10
      0.218033295781; 0;1;3;7;8;10
      0.218028778411; 4;9;10
      0.217954889194; 0;3;4;6;9;10
      0.217950269608; 1;2;5;6;8;9
      0.217940722188; 0;3;5;7;8;9
      0.217940040352; 0;2;3;5;10
      0.217907614187; 4;5;6;8
      0.217888930514; 4;6;8
      0.217858435131; 0;3;4;5;8
      0.217836573686; 0;3;5;6;8;10
      0.217812876236; 1;2;9;10
      0.217810779099; 1;3;7;9;10
      0.217769682931; 1;2;8;10
      0.217732160813; 1;2;6;9
      0.217715243906; 0;1;2;3;4;6
      0.217711225049; 1;4;5;9;10
      0.217707183168; 1;2;4;5;6;7;10
      0.217654755381; 1;2;3;7;9
      0.217634351029; 0;2;8;9
      0.217630615664; 0;3;5;8;9;10
      0.217626015582; 0;3;6;7;9;10
      0.217594797488; 3;6;7;8;10
      0.217592424303; 3;4;7;8;9
      0.217576923036; 0;1;2;4;5;9;10
      0.217556590554; 1;3;4;5;6;8;10
      0.217547399812; 2;3;4;5;6;7;9
      0.217538454193; 1;4;5;6;8;10
      0.217530805194; 1;4;5;6;7;8
      0.217530360979; 1;4;8
      0.217502831270; 0;1;3;4;5;8;10
      0.217472036692; 4;5;6;8;9
      0.217471266994; 0;1;4;5;7;8
      0.217402992046; 0;4;7;8;9;10
      0.217388108151; 0;6;7;8;10
      0.217381019093; 1;2;3;7
      0.217362834551; 2;3;4;8;9
      0.217338660651; 2;3;4;8
      0.217322180013; 0;1;5;6;8;10
      0.217320682534; 0;1;2;4;8;9
      0.217303245774; 5;6;9
      0.217275625218; 0;1;3;4;6;9;10
      0.217242478153; 0;1;3;4;6;8
      0.217230769231; 3;5
      0.217217955591; 2;6;8;9;10
      0.217211800111; 2;3;5;7;8;9
      0.217176594218; 1;2;3;4;5;8
      0.217176133985; 0;1;3;5;7;10
      0.217172027351; 0;1;4;5;6;8
      0.217146572014; 2;4;5;7;8;9;10
      0.217143814579; 0;2;3;5;9;10
      0.217126534671; 1;3;5;8;9
      0.217098184968; 0;4;5;7;8
      0.217070509653; 0;1;3;4;6;7;9
      0.217068051273; 0;2;7;8;10
      0.217014891155; 1;2;4;10
      0.216974999416; 2;3;4;5;8;9
      0.216948904467; 1;2;6;10
      0.216912716068; 0;3;6;8;9;10
      0.216880571011; 1;2;5;6;10
      0.216858203751; 0;1;5;6;7;10
      0.216852064087; 0;1;2;4;5;10
      0.216847555910; 1;2;4;7;9;10
      0.216817880649; 0;1;2;8
      0.216804467328; 0;1;5;9
      0.216761482669; 0;1;2;3;6;10
      0.216758534575; 0;1;5;6;7
      0.216739814008; 0;1;2;4;5;6;9
      0.216736190366; 4;5;6;8;10
      0.216727711963; 0;2;3;4;5;9
      0.216714034332; 1;2;5;9;10
      0.216706749262; 2;3;7;9;10
      0.216703551308; 0;5;6;8;10
      0.216698130594; 0;1;2;3;4;8;9
      0.216692307692; 4;6
      0.216642147414; 1;2;4;6;8
      0.216637730604; 3;4;5;7;8;9
      0.216618032728; 1;3;4
      0.216611398770; 0;1;4;6;7;9
      0.216580889312; 0;4;7;8;10
      0.216565835223; 2;3;7;8;9
      0.216559168429; 0;1;3;4;6;7
      0.216528040977; 0;1;4;5;6;10
      0.216476800848; 0;1;2;5;6;9
      0.216476206241; 1;3;4;8
      0.216472523692; 1;2;5;6;8;10
      0.216455729470; 1;2;4;6;9
      0.216377559102; 0;2;3;6;8;10
      0.216374315829; 1;2;6;9;10
      0.216310909893; 1;5;6;7;10
      0.216309871114; 1;4;6;8
      0.216308628807; 0;1;2;5;9
      0.216286214817; 2;4;5;6;7;8;10
      0.216269829586; 3;4;5;6;8;10
      0.216246692334; 0;2;5;6;9
      0.216238684647; 1;3;4;6
      0.216207610716; 0;4;5;8;9
      0.216150138260; 0;1;2;4;5;9
      0.216140619442; 5;6;7
      0.216134491154; 2;6;8;10
      0.216126217608; 1;4;7;8;10
      0.216081066379; 0;2;3;4;6;10
      0.216074834307; 0;2;3;4;6;8;9
      0.215980073289; 1;3;6;7;8
      0.215976924735; 1;2;4;7;9
      0.215948838614; 2;3;5;7;10
      0.215947952632; 1;2;3;4;5;6;10
      0.215942381328; 0;1;3;5;6;8
      0.215940621717; 0;2;3;4;6;7;9
      0.215891096004; 6;8;9;10
      0.215890030721; 2;4;5;6;7;8
      0.215836414145; 1;5;8;9;10
      0.215832965237; 2;9;10
      0.215821721966; 2;3;4;5;6;8;10
      0.215817174928; 0;1;2;4;6;7;10
      0.215795296273; 0;2;3;4;5;7;10
      0.215785408710; 2;3;8;9;10
      0.215782948046; 0;2;3;5;8
      0.215778824074; 0;1;3;8;9;10
      0.215756016301; 0;2;4;5;7;8
      0.215753712318; 2;4;8;9
      0.215738400918; 0;3;5;8;10
      0.215725461219; 0;3;4;7;9
      0.215709465285; 0;3;4;6;8;10
      0.215708144066; 0;1;2;4;7;9
      0.215698882859; 1;3;6;7
      0.215694585148; 0;1;2;4;5;6
      0.215684588760; 3;6;7;8;9
      0.215671386276; 0;2;3;6;7
      0.215571384842; 0;1;3;5;8;10
      0.215561626368; 0;1;4;8;10
      0.215552946924; 0;1;4;5;7;10
      0.215500724425; 0;1;3;6;7;9
      0.215427729993; 0;3;4;5;10
      0.215422649590; 1;2;4;5;7;10
      0.215410795989; 0;1;3;6;7;10
      0.215355238930; 2;3;4;7;9;10
      0.215327713609; 1;3;5;7;10
      0.215285042271; 0;2;3;6;8
      0.215262511955; 1;3;5;6;8;9
      0.215224274225; 0;1;3;6;8;9
      0.215216021251; 3;4;7
      0.215204190976; 6;8;10
      0.215194646298; 0;1;3;5;6;10
      0.215190174733; 0;2;4;5;6;9;10
      0.215188382438; 0;1;2;3;4
      0.215168847364; 1;2;4;5;6;9;10
      0.215167587959; 1;3;4;5;6
      0.215158466367; 0;2;6;7
      0.215154773081; 1;4;5;6;7;8;9
      0.215109901882; 0;2;3;6;7;9;10
      0.215103389000; 2;3;4;6;8;9
      0.215087530623; 0;1;2;3;4;6;8;9
      0.215071519554; 0;1;2;5;6;7;10
      0.215029385080; 2;3;6;7;10
      0.215002002531; 0;2;3;5;7;9;10
      0.214995721599; 3;6;7
      0.214991911906; 0;1;2;7;9
      0.214988787356; 0;2;10
      0.214977824530; 0;1;2;3;6;9;10
      0.214975378283; 1;2;4;5;6;7;9
      0.214925575457; 1;2;8;9;10
      0.214839096189; 0;1;2;8;9;10
      0.214813317101; 1;3;7;8;9
      0.214788723403; 1;5;7;8
      0.214757703511; 3;5;6;7
      0.214711421834; 1;6;8;9
      0.214698247702; 1;4;6;7;8
      0.214697990735; 0;5;8;10
      0.214677027823; 1;7;8;9;10
      0.214675834579; 0;1;7;9;10
      0.214672935166; 1;2;3;5;8;9
      0.214672839161; 0;1;2;4;9;10
      0.214660833048; 1;3;6;7;8;9
      0.214646967626; 1;2;3;4;5
      0.214615384615; 6;10
      0.214604871307; 0;1;5;8;10
      0.214603868389; 0;2;6;7;8;10
      0.214548443276; 0;2;3;5;6;9;10
      0.214540370319; 1;2;4;6;9;10
      0.214518587493; 0;5;6;9;10
      0.214502534961; 1;2;4;7;10
      0.214481198110; 2;3;5;7;9;10
      0.214477285314; 3;5;7;8;9
      0.214459135292; 2;3;4;7;10
      0.214417632539; 0;1;2;3;4;6;9
      0.214379683354; 4;5;7;8;9;10
      0.214358696343; 1;3;4;5;9
      0.214313745809; 3;7;8
      0.214298999203; 0;1;3;4;10
      0.214298806568; 0;1;3;4;6;8;9
      0.214289763139; 0;1;2;7;9;10
      0.214267949137; 1;2;3;4;5;9
      0.214253610725; 0;1;8;9;10
      0.214238028784; 0;1;2;3;6
      0.214197539642; 0;1;3;6;7;8;9
      0.214193540807; 5;6;7;8;10
      0.214192004547; 1;2;3;5;7;9
      0.214189096593; 0;3;4;5;6;10
      0.214148497229; 0;1;4;6;7;8;10
      0.214143959821; 0;1;4;6;7;9;10
      0.214076923077; 3;4
      0.214075757434; 0;1;6;8;9
      0.214054501155; 0;1;2;3;6;7;10
      0.214026808345; 2;4;5;6;8;9
      0.214016435577; 2;3;6;7;9;10
      0.214012418954; 1;5;6
      0.213986835189; 0;4;6;8;9
      0.213943890776; 1;2;4;5;6;7
      0.213910717422; 1;2;4;8;10
      0.213854245857; 1;2;3;4
      0.213852941649; 0;4;5;7;8;9
      0.213847892840; 1;3;5;6;7;9
      0.213841054070; 1;4;7;10
      0.213789294383; 0;1;6;7;9;10
      0.213750973270; 1;3;4;7;8
      0.213745574171; 1;2;4;5;7;9
      0.213743213915; 0;1;2;7;10
      0.213741019601; 1;5;9;10
      0.213704591676; 1;2;4;8;9;10
      0.213702475973; 1;2;3;10
      0.213678902625; 0;1;4;5;6;9;10
      0.213669525736; 1;3;5;6
      0.213662428164; 2;5;6;9
      0.213657669644; 0;4;5;6;8
      0.213641677724; 1;4;5;7;8;10
      0.213568766162; 1;2;3;4;6;8;10
      0.213564692531; 0;1;2;3;4;10
      0.213562495855; 0;4;5;6;8;9
      0.213546908501; 3;4;10
      0.213526223132; 4;7;8;10
      0.213522279535; 3;4;6
      0.213513439648; 2;5;9;10
      0.213466183498; 1;4;5;6;9;10
      0.213416895712; 0;2;3;4;6;8
      0.213402873356; 0;1;2;4;6;7
      0.213395936880; 1;3;4;9;10
      0.213389334645; 0;7;8;9;10
      0.213322248529; 4;8;10
      0.213316656383; 4;5;6;7;8;10
      0.213302716504; 1;3;7;8;9;10
      0.213283742273; 3;8;10
      0.213281946468; 3;5;8
      0.213245179085; 1;2;3;4;6;9
      0.213195453368; 1;4;7;9;10
      0.213171317245; 3;5;6;7;9;10
      0.213145534548; 1;4;9;10
      0.213091559026; 1;4;7
      0.213075786271; 1;3;5;7;8;10
      0.213053283837; 0;1;2;5;6;7
      0.212996353054; 0;1;2;6;7
      0.212893955546; 0;1;3;4;5;8
      0.212842675850; 0;1;2;3;4;6;7;9;10
      0.212840274706; 0;3;5;6;8
      0.212806659020; 0;2;4;5;7;9
      0.212792806144; 0;1;3;4;7;9;10
      0.212759430155; 1;2;5;6;9;10
      0.212754929711; 1;3;7;8;10
      0.212739394522; 0;2;4;5;7;9;10
      0.212723771327; 1;4;6
      0.212712940225; 0;2;5;8;10
      0.212709462880; 2;4;5;7;8;10
      0.212700014897; 2;4;7;8;10
      0.212675868178; 4;5;8;9;10
      0.212592761277; 0;2;3;6;7;9
      0.212589129781; 0;3;5;7;8;10
      0.212556439381; 2;3;5;7;8
      0.212548639999; 2;3;4;5;6;8
      0.212526816321; 3;4;9;10
      0.212513109369; 0;2;4;5;6;7;8
      0.212474020218; 0;4;5;6;7;9;10
      0.212461538462; 0;10
      0.212444533880; 4;5;8;10
      0.212436170383; 2;4;5;9;10
      0.212434036294; 0;1;2;3;8
      0.212433399160; 0;2;3;6;7;8;10
      0.212413748618; 0;1;3;4;7;9
      0.212341435297; 0;1;2;3;5;8
      0.212327998713; 0;1;6;8;10
      0.212265862938; 3;4;5;6;7;8;9
      0.212249464286; 0;1;2;3;5;8;10
      0.212246218428; 0;2;4;5;9;10
      0.212243684048; 0;1;6;7;8
      0.212217728994; 1;2;3;4;6
      0.212201749446; 0;6;8;9;10
      0.212201186670; 0;1;3;5;6
      0.212192762002; 0;1;4;5;6
      0.212165583134; 0;1;2;4;5;6;7;9;10
      0.212149984003; 1;3;6;7;10
      0.212126754867; 0;1;3;4;7
      0.212123001433; 1;3;4;5;6;7;8
      0.212110445841; 2;3;7;10
      0.212076227952; 0;1;2;3;4;8
      0.212031406674; 0;1;8;9
      0.212028906078; 0;4;6;8;10
      0.212005754479; 1;2;3;4;7;9
      0.211962341729; 2;5;8;9;10
      0.211940136196; 1;2;4;5;8;9;10
      0.211919022793; 1;4;9
      0.211848076975; 0;3;4;5;7;10
      0.211797746135; 0;2;3;4;5;6;9
      0.211795560925; 0;2;3;4;6;7;9;10
      0.211790607698; 3;7;8;10
      0.211785813730; 1;2;3;9;10
      0.211778190892; 1;4;6;7;9;10
      0.211759692077; 0;1;2;3;4;6;8
      0.211755973129; 1;3;5;10
      0.211715387167; 3;4;8;9
      0.211714081821; 0;1;3;6;7;9;10
      0.211705125161; 3;4;5;8;9;10
      0.211634191660; 0;1;2;3;5;6;9
      0.211585226112; 0;1;4;5;7;8;10
      0.211574643201; 0;1;2;3;4;8;10
      0.211480381761; 1;5;6;8;10
      0.211425631760; 0;1;4;5;6;9
      0.211423281311; 1;3;4;5;8;9
      0.211421707850; 1;4;6;7;9
      0.211414837888; 0;2;4;8;9;10
      0.211375821074; 4;6;8;9
      0.211360168297; 2;3;4;6;8
      0.211292232965; 1;3;6;7;9;10
      0.211284001951; 0;2;3;7;9;10
      0.211280952847; 0;1;3;4;7;8;9
      0.211279665381; 0;2;3;4;5;8
      0.211277538300; 0;3;4;5;6;7
      0.211255668351; 1;4;8;9;10
      0.211250303231; 1;2;5;6;7;8
      0.211243499921; 3;4;5;8;10
      0.211177856616; 2;3;6;7;8;9
      0.211162260813; 1;3;4;8;9;10
      0.211154316158; 0;1;6;7;8;10
      0.211153547648; 2;4;6;8;9
      0.211118377838; 1;2;3;4;5;6;8;10
      0.211106032699; 0;2;3;4;5;6;8
      0.211102500269; 2;3;4;5;8;10
      0.211085726580; 1;5;7;10
      0.211085700978; 1;5;6;7;8;9
      0.211077411538; 0;1;4;8;9;10
      0.211072596693; 1;2;3;7;9;10
      0.211068535223; 3;5;10
      0.210977921330; 1;2;3;8;9;10
      0.210966450560; 0;3;4;5;7;8
      0.210952019522; 0;1;3;6;8;9;10
      0.210947598970; 1;3;5;6;9
      0.210929795653; 0;2;4;7;8;9
      0.210908506661; 1;6;7;8;9
      0.210888571181; 0;1;3;4;5;10
      0.210868442832; 1;8;10
      0.210843941748; 0;1;2;3;5;6;7;10
      0.210832228666; 1;2;4;6;7;8;9
      0.210822649143; 1;5;8;9
      0.210817095357; 5;6;8;9;10
      0.210807733245; 0;1;4;6;8;10
      0.210799998204; 2;7;10
      0.210778411948; 0;1;2;4;5;6;10
      0.210768748623; 0;5;6;7;9;10
      0.210738438679; 0;1;3;4;5;7;10
      0.210695682714; 0;1;2;3;6;8
      0.210695670472; 0;2;5;10
      0.210686331041; 1;2;6;8;9
      0.210679200916; 1;4;6;8;9
      0.210640974849; 0;1;2;4;5;8;10
      0.210605966402; 0;4;5;8;10
      0.210596948674; 1;5;7;8;9;10
      0.210581133988; 0;3;4;5;6;9;10
      0.210572348747; 2;3;4;5;6;7
      0.210530619795; 0;2;3;4;5;6;7;9;10
      0.210500633888; 1;2;4;6;8;9
      0.210484379999; 0;1;3;4;6;10
      0.210432880686; 0;2;3;5;6;8;9
      0.210424865082; 2;4;5;8;10
      0.210423573370; 0;1;2;4;6;7;9;10
      0.210409379449; 1;6;7;8
      0.210406371192; 3;4;5;7;9;10
      0.210395423111; 0;2;3;4;5;6;9;10
      0.210342008061; 0;3;4;5;9;10
      0.210300990246; 1;3;4;6;7
      0.210285924988; 1;3;4;5;9;10
      0.210271713581; 1;4;6;7;8;10
      0.210269449118; 0;1;2;4;7;9;10
      0.210237535478; 0;1;2;3;5;6
      0.210213446988; 0;3;4;7;9;10
      0.210190286012; 0;1;3;4;5;8;9
      0.210173580103; 0;1;2;4;5;6;7;10
      0.210123425766; 0;2;4;7;8
      0.210117210032; 1;2;4;8;9
      0.210116427733; 2;3;4;8;9;10
      0.210033347415; 3;6;7;8;9;10
      0.210022952624; 0;1;5;6;8
      0.210008587646; 1;3;5;9;10
      0.209984442888; 2;3;6;8;9;10
      0.209980589758; 0;3;7;8;9;10
      0.209959980741; 0;2;3;4;5;7
      0.209920014803; 1;4;5;8;9;10
      0.209908789592; 1;2;3;5;6;8;9
      0.209872979789; 0;2;8
      0.209805657234; 0;5;7;8;9;10
      0.209790031778; 2;3;4;6;7
      0.209787269806; 0;2;4;5;6;7;9;10
      0.209775719078; 0;1;5;9;10
      0.209769230769; 5;10
      0.209767826601; 0;1;4;7;8;10
      0.209728137360; 1;2;3;4;6;10
      0.209712774421; 0;1;3;4;5;6;7;10
      0.209689292029; 1;2;3;4;5;6;7
      0.209671425711; 1;2;3;4;7
      0.209668835722; 1;3;4;6;7;8
      0.209605828339; 2;3;5;6;8;10
      0.209569014834; 0;1;2;5;7;8
      0.209565819329; 0;1;3;7;8;9
      0.209560083937; 0;1;2;3;5;6;8;9
      0.209541279154; 3;4;6;8;10
      0.209521740171; 1;5;6;8;9
      0.209517034823; 1;2;3;7;8
      0.209506984244; 0;3;5;6;7;9
      0.209482084866; 0;2;3;4;5
      0.209465982510; 0;4;5;6;7;8;10
      0.209357170693; 1;2;3;5;7
      0.209322483717; 1;2;3;4;9;10
      0.209309350896; 3;6;8;9;10
      0.209285490782; 1;3;4;5;6;9;10
      0.209234683059; 0;1;3;4;5;9
      0.209218391764; 0;1;6;8;9;10
      0.209176887655; 2;5;8;10
      0.209159550202; 0;2;3;6;7;10
      0.209140720253; 0;1;2;4;5;7
      0.209094803502; 1;2;3;5;7;10
      0.209071971544; 0;1;4;5;6;8;10
      0.209035738041; 0;2;5;8;9
      0.209033158018; 1;2;3;6;8;10
      0.209004776983; 2;3;4;5;6;9;10
      0.208954741122; 0;2;7;8
      0.208946890649; 0;5;6;7;8;10
      0.208945761977; 0;1;3;4;5;9;10
      0.208920982311; 0;2;3;4;6;8;10
      0.208788767764; 1;2;3;7;8;9
      0.208784063236; 2;4;5;8;9
      0.208773164804; 0;2;5;7;8;9
      0.208744931067; 1;3;4;10
      0.208737116642; 3;4;7;8
      0.208718012227; 0;1;4;5;9
      0.208712094235; 0;3;5;6;7;10
      0.208707525919; 1;2;9
      0.208676804705; 1;6;8;10
      0.208674168109; 1;2;3;4;9
      0.208666263123; 0;1;2;3;4;5
      0.208655302485; 1;4;6;7;8;9
      0.208645903632; 0;1;2;6;8;10
      0.208636184979; 3;5;6;7;8;10
      0.208630133891; 0;2;5;6;7;9;10
      0.208622294888; 0;1;2;5;8;9
      0.208604946009; 0;3;4;6;7;10
      0.208577544489; 0;2;3;4;5;6;10
      0.208573216717; 2;3;4;5;6;8;9
      0.208549882823; 1;3;7;8
      0.208549009847; 2;3;4;5;6;7;8
      0.208543415403; 0;1;5;6;7;9;10
      0.208510984200; 0;3;4;5;8;9
      0.208507881652; 0;4;8;9;10
      0.208503618247; 1;3;4;5;6;7;9
      0.208474424054; 2;4;6;7;8
      0.208469534939; 0;2;4;5;7;8;10
      0.208379195579; 0;1;2;3;4;5;6;9
      0.208365747376; 1;5;6;8;9;10
      0.208354787799; 0;1;2;3;5;6;10
      0.208336623301; 0;2;4;8;9
      0.208279495377; 2;4;8;9;10
      0.208269392802; 0;1;2;5;7;8;10
      0.208267554255; 1;3;5;6;7;8;10
      0.208266240854; 2;3;4;6;7;8;9
      0.208238648950; 0;2;3;8;10
      0.208229082280; 1;4;5;6;9
      0.208209035761; 3;4;7;9;10
      0.208208299620; 0;2;8;9;10
      0.208179529964; 2;4;7;8;9
      0.208154732803; 1;3;5;6;8;9;10
      0.208150224521; 0;1;5;6;7;9
      0.208134297505; 0;5;6;7;8;9
      0.208113904714; 1;2;4;9;10
      0.208094340945; 1;3;4;7;8;10
      0.208089275896; 0;1;2;3;5;9;10
      0.208083225641; 3;4;5;6;8
      0.208067588457; 1;3;5;7;8
      0.208057058954; 0;1;3;7;8
      0.208019777608; 1;5;10
      0.207981207303; 0;1;2;3;5;10
      0.207956048252; 0;2;4;5;6;10
      0.207945971555; 1;4;5;6;7;9;10
      0.207894645387; 1;4;8;10
      0.207872924805; 3;4;5;6;7
      0.207804331435; 4;7;8;9
      0.207779151834; 0;1;3;4;6;7;10
      0.207769107398; 1;2;4;5;7;8;10
      0.207765535204; 1;3;4;9
      0.207749932945; 0;5;6;8;9
      0.207692307692; 5;7
      0.207681147069; 0;2;3;4;6;7
      0.207669052030; 0;1;2;3;4;5;8;10
      0.207590157220; 1;4;7;8;9
      0.207577900699; 0;3;5;6;9;10
      0.207571246532; 1;2;4;5;6;9
      0.207556834849; 1;2;7;9;10
      0.207542048867; 0;3;4;6;7;9
      0.207526206769; 0;2;3;4;5;10
      0.207453440093; 0;2;4;6;7;9;10
      0.207429730916; 0;3;5;6;7;8
      0.207398997245; 1;4;6;7;10
      0.207341370360; 1;3;4;5;6;7;10
      0.207258025256; 0;3;4;5;8;10
      0.207248197064; 1;2;6;7
      0.207245917505; 2;3;4;6;7;9;10
      0.207228364687; 2;3;8;10
      0.207207615527; 2;6;7;8
      0.207185658083; 0;1;2;3;6;7;9
      0.207180121392; 2;5;6;8;9;10
      0.207179265995; 3;4;7;8;10
      0.207175091850; 0;3;5;7;8
      0.207149310098; 1;2;3;4;5;8;10
      0.207133479609; 1;2;4;6;7
      0.207121456287; 0;1;2;5;7;9;10
      0.207112839646; 1;2;5;7;8;10
      0.207098409760; 1;2;4;6
      0.207078693666; 1;5;6;9
      0.207053258833; 1;2;8
      0.207053226186; 1;4;6;9
      0.207045690515; 0;1;4;6;8;9
      0.207023038322; 1;4;5;7;8;9;10
      0.207005859466; 1;4;5;6;7;8;10
      0.207000300575; 1;2;5;8;9;10
      0.206988226758; 0;1;4;5;9;10
      0.206976079691; 1;2;3;4;5;7
      0.206976011819; 0;4;5;6;8;10
      0.206923889922; 1;2;5;6;9
      0.206919204033; 2;4;7;8;9;10
      0.206890886289; 2;3;4;5;6;7;10
      0.206889375545; 1;3;5;6;7;8
      0.206886240823; 2;3;4;6;7;8;10
      0.206833677760; 1;5;6;7
      0.206822105999; 1;4;7;8
      0.206793728073; 1;2;3;4;5;6
      0.206777817040; 0;1;2;4;5;6;9;10
      0.206760202860; 0;1;3;4;6;8;10
      0.206750912768; 0;2;3;4;5;7;8;9;10
      0.206678512578; 0;2;4;7;8;9;10
      0.206674077084; 0;1;5;8
      0.206668352302; 0;2;4;6;7;8
      0.206617099649; 0;2;3;4;6;7;10
      0.206597375344; 1;2;3;6;8;9;10
      0.206595418857; 1;3;4;6;8;9;10
      0.206561321547; 0;3;4;7;8
      0.206554568548; 1;2;7;8;9
      0.206538029828; 0;2;4;5;7;8;9
      0.206511010017; 2;3;6;7;8;10
      0.206461538462; 7;10
      0.206448762924; 4;8;9;10
      0.206446239485; 0;2;4;6;7;8;9
      0.206438549230; 0;3;4;5;6;8;9
      0.206437622392; 0;1;2;4;6;7;8;9;10
      0.206416625815; 1;4;6;9;10
      0.206415848644; 0;1;2;3;4;5;9
      0.206388199820; 0;1;2;4;8
      0.206387283726; 2;3;6;7
      0.206381024916; 0;1;2;3;5;7;9
      0.206355796465; 2;4;6;8;10
      0.206349411475; 2;7;8;9;10
      0.206277776360; 0;2;3;7;10
      0.206269105717; 0;1;4;7;8;9
      0.206262964700; 0;1;2;5;6;7;9;10
      0.206260731829; 1;3;4;5;6;8;9
      0.206212322125; 0;1;3;4;5;6;8;9
      0.206201269061; 1;3;4;5;7;9
      0.206183509473; 5;6;7;8;9;10
      0.206172843713; 3;4;6;7;9;10
      0.206133346565; 1;3;4;7;9;10
      0.206123513515; 0;1;2;3;8;9;10
      0.206105679279; 0;1;5;6;9
      0.206078613380; 1;2;7
      0.206068425769; 1;2;3;5;6;7;9
      0.206051607964; 0;1;3;5;8;9
      0.206049401207; 0;1;4;6;7;8
      0.205923076923; 1;5
      0.205919623892; 2;3;6;8;10
      0.205901150535; 0;2;3;5;7;10
      0.205899634076; 2;4;5;6;7;8;9
      0.205891779660; 1;6;8;9;10
      0.205885748402; 0;2;3;5;7;8
      0.205838564520; 0;1;3;4;5;6;7
      0.205825117607; 3;5;6;7;8;9
      0.205791776550; 3;4;5;7;8;10
      0.205780251096; 3;4;6;8;9;10
      0.205769930405; 3;4;6;8;9
      0.205764496468; 0;3;4;5;6;8
      0.205754141680; 1;2;3;4;8;9
      0.205730948145; 0;2;3;5;6;8
      0.205687036948; 1;3;4;6;8;9
      0.205625900316; 0;1;3;4;6;7;9;10
      0.205597785428; 4;5;6;8;9;10
      0.205582095708; 0;1;5;8;9
      0.205564708984; 1;2;6
      0.205558209936; 0;1;3;4;7;10
      0.205547613291; 2;4;6;7;8;9
      0.205522711551; 1;3;5;7;9;10
      0.205513233241; 1;2;4;5;6;8;9
      0.205484968850; 3;4;5;6;8;9
      0.205477237159; 0;4;6;8;9;10
      0.205447604321; 0;1;2;4;5;6;7
      0.205446295213; 0;4;6;7;8;9
      0.205442453723; 0;1;2;4;5;6;7;8;10
      0.205416429374; 2;3;5;8;9;10
      0.205399345108; 0;1;3;4;5;6;10
      0.205392575648; 0;5;6;8
      0.205360140409; 0;1;2;5;9;10
      0.205324098545; 1;2;6;8;10
      0.205296924352; 2;4;5;8;9;10
      0.205255335670; 0;1;2;3;5;6;7
      0.205200120997; 0;3;4;6;7;9;10
      0.205187574585; 0;2;3;4;5;9;10
      0.205152032307; 1;5;6;7;9;10
      0.205123373359; 1;5;9
      0.205119676176; 1;2;3;4;6;7;9
      0.205116884372; 3;4;5;6;7;9;10
      0.205097861678; 0;2;4;5;6;8;10
      0.205076923077; 4;10
      0.205055369336; 0;1;2;3;4;5;7;9;10
      0.205044856401; 0;1;2;3;4;5;6;7;9
      0.205022557078; 0;4;5;6;7;8
      0.205007347142; 0;3;4;8;10
      0.204956568114; 0;2;3;4;8
      0.204953309676; 2;4;5;6;8;9;10
      0.204927285953; 5;6;7;8;9
      0.204890682546; 1;2;3;5;6;8;10
      0.204846779468; 1;2;7;8
      0.204834177862; 1;2;3;5;6;7
      0.204821813463; 1;6;7
      0.204802335994; 2;7;8;10
      0.204787442004; 1;2;4;9
      0.204768428306; 0;1;2;4;5;7;9
      0.204699409981; 0;1;3;4;6;7;8
      0.204673043632; 2;7;8
      0.204660952609; 1;3;4;5;7;8;10
      0.204623726153; 0;1;4;5;8;9;10
      0.204609088753; 0;1;7;8;9
      0.204570124191; 0;1;4;5;6;7;10
      0.204563949767; 0;1;5;6;7;8
      0.204556901475; 0;1;2;3;4;5;9;10
      0.204460650631; 0;1;4;5;7;8;9
      0.204456575433; 0;1;2;3;4;6;8;10
      0.204453609101; 2;3;4;7;8;9;10
      0.204418960084; 0;1;2;5;6;7;9
      0.204403945942; 2;6;7;8;10
      0.204390881093; 0;1;2;3;5;8;9;10
      0.204386690623; 3;5;6;7;10
      0.204332314873; 4;5;7;8;9
      0.204256694286; 0;5;10
      0.204250715057; 2;5;6;7;8;9;10
      0.204218137167; 1;2;3;4;6;9;10
      0.204143566136; 1;3;4;7;8;9;10
      0.204141175001; 0;1;2;5;6;7;8;10
      0.204087087404; 0;2;4;5;6;7;8;9
      0.204070754108; 0;3;4;5;6;7;10
      0.204063638090; 1;3;5;6;7;8;9
      0.204054559227; 0;1;2;3;6;7;9;10
      0.204043599892; 0;1;2;5;6;8;9
      0.204039630682; 0;2;3;6;7;8;9
      0.204017042000; 0;2;3;7;8;9
      0.204016301197; 0;2;4;5;6;8;9
      0.204011529987; 0;3;4;5;7;9;10
      0.203989759123; 2;7;8;9
      0.203937804413; 0;4;6;7;8;9;10
      0.203907060561; 1;3;5;8;9;10
      0.203845192991; 3;7;8;9;10
      0.203739520418; 1;2;4;5;7;8
      0.203706270629; 1;3;4;5;6;7;8;9;10
      0.203678846223; 0;2;3;4;7;8
      0.203656756334; 0;1;2;3;6;8;10
      0.203632232791; 1;3;4;6;7;10
      0.203572178467; 2;4;6;7;8;10
      0.203543756295; 0;1;5;8;9;10
      0.203539006874; 0;1;4;5;6;7;8
      0.203509218679; 1;4;5;7;8;9
      0.203488653541; 0;1;2;4;5;6;7;8;9
      0.203454539329; 0;2;3;4;6;7;8
      0.203439321861; 0;1;2;4;6;7;8
      0.203427568862; 0;4;8;10
      0.203340531888; 1;2;3;5;6;7;10
      0.203308177074; 4;6;8;10
      0.203307692308; 2;7
      0.203296374850; 1;2;3;4;10
      0.203258702928; 0;1;2;3;4;8;9;10
      0.203240530668; 1;2;5;6;7;8;10
      0.203207835475; 0;1;6;7;8;9;10
      0.203196667655; 0;3;4;6;8;9;10
      0.203138464486; 2;3;4;5;9;10
      0.203082271292; 0;2;3;4;7;9;10
      0.203081185640; 0;1;2;4;5;6;8;9;10
      0.203074065383; 1;2;5;6;7;10
      0.203065782331; 0;1;2;3;4;5;8
      0.203050256073; 0;1;4;5;6;8;9
      0.203045386322; 1;2;3;4;5;6;9
      0.203042001578; 1;2;3;6;7;10
      0.203034344053; 0;2;4;5;6;7;8;9;10
      0.202918290312; 0;1;2;4;6;7;8;9
      0.202866373693; 1;4;6;7
      0.202859626259; 2;4;5;7;8;9
      0.202817917102; 2;4;5;6;7;8;9;10
      0.202801022081; 0;1;2;3;4;6;8;9;10
      0.202709245777; 0;2;3;7;8
      0.202702968507; 0;2;3;4;8;9
      0.202687494867; 2;3;4;8;10
      0.202669092346; 0;1;2;3;6;7
      0.202652852348; 0;1;2;6;7;8;9
      0.202633407449; 3;4;6;7;8;9
      0.202630844104; 1;2;4;6;7;8
      0.202509998000; 4;7;8;9;10
      0.202500376151; 0;1;2;3;7;8;9;10
      0.202478710386; 0;1;6;7;8;9
      0.202452708111; 2;4;6;8;9;10
      0.202426628785; 1;2;3;5;7;9;10
      0.202418500617; 3;5;6;7;8
      0.202414624978; 0;1;3;5;6;8;10
      0.202384615385; 5;9
      0.202368078008; 1;2;5;6;7;9;10
      0.202364700864; 0;2;3;5;8;10
      0.202303575285; 2;6;7;8;9
      0.202286838371; 2;3;5;7;8;9;10
      0.202273222435; 1;2;3;5;7;8
      0.202265254798; 0;1;3;4;5;7;8
      0.202257712911; 0;3;4;5;6;7;9;10
      0.202194875567; 2;3;5;6;7;8
      0.202193896106; 1;3;5;7;8;9;10
      0.202188780465; 1;2;3;4;5;7;9
      0.202183766182; 0;4;7;8;9
      0.202151786337; 0;2;4;6;8;9;10
      0.202139680796; 0;1;5;6;9;10
      0.202138510793; 0;1;2;4;7;8;10
      0.202122658473; 0;3;4;7;8;10
      0.202103704216; 3;4;6;7;8
      0.202102135223; 1;4;7;8;9;10
      0.202099057196; 0;1;2;4;5;6;8;10
      0.202075201593; 1;3;5;7;8;9
      0.202062316579; 0;1;2;4;5;7;8;10
      0.202037183276; 3;4;8;9;10
      0.201992094249; 0;1;2;4;6;8;10
      0.201981438823; 0;1;2;3;5;8;9
      0.201976855306; 1;3;4;5;7;8
      0.201947763923; 1;5;7;9;10
      0.201900460650; 1;2;10
      0.201890880098; 0;3;4;5;6;8;10
      0.201875217103; 0;4;8
      0.201858482247; 1;2;5;7;8;9
      0.201816916400; 1;2;3;5;8;9;10
      0.201770790355; 1;3;4;6;7;8;10
      0.201737981504; 0;1;2;4;5;6;8;9
      0.201716822522; 0;4;5;8;9;10
      0.201649588626; 0;1;2;4;5;6;8
      0.201645188532; 1;4;8;9
      0.201638230195; 0;1;2;4;6;7;9
      0.201618473975; 0;2;6;8;9;10
      0.201567927214; 3;4;7;8;9;10
      0.201562029349; 0;1;2;3;7;10
      0.201559982372; 1;5;6;9;10
      0.201522510016; 2;3;5;6;8;9;10
      0.201447172281; 2;3;4;7;8
      0.201396753002; 0;1;2;3;7;9;10
      0.201335707808; 0;4;5;7;8;9;10
      0.201324252631; 1;6;7;8;9;10
      0.201290693225; 1;4;5;6
      0.201251554646; 4;8;9
      0.201235622990; 1;2;3;4;5;7;8;9;10
      0.201211695586; 0;2;3;4;8;9;10
      0.201190989155; 0;1;2;3;4;6;7;8;9
      0.201165967680; 0;1;2;3;4;5;6;7;10
      0.201165105320; 1;2;3;5;6;9;10
      0.201163440318; 0;5;8;9;10
      0.201153846154; 4;7
      0.201149993325; 0;3;5;6;7
      0.201102824230; 0;1;2;3;5;7;9;10
      0.201077843387; 2;3;4;5;8;9;10
      0.201047485581; 0;1;2;3;4;7;8;9;10
      0.201034478859; 1;3;4;5;7;9;10
      0.201008716332; 0;1;3;5;6;8;9;10
      0.200995094113; 0;2;3;5;7;8;9
      0.200973121199; 0;1;2;3;4;5;6;8;9
      0.200930570942; 1;2;3;4;5;6;8;9;10
      0.200909192759; 2;3;4;6;7;8
      0.200891409115; 2;3;4;5;7;8
      0.200874470688; 0;2;8;10
      0.200822933782; 0;1;2;7;8;9;10
      0.200793705315; 0;1;4;5;6;7;9;10
      0.200776764773; 2;3;4;6;10
      0.200651914950; 2;3;4;7;8;10
      0.200634758006; 1;3;4;7;8;9
      0.200618141024; 2;6;7;8;9;10
      0.200592905830; 0;3;5;6;7;8;9
      0.200570090851; 0;2;4;5;7;8;9;10
      0.200568073360; 0;1;2;4;8;9;10
      0.200536320233; 0;2;4;6;8;10
      0.200512921848; 3;4;5;6;8;9;10
      0.200504988175; 1;2;6;8
      0.200463886928; 0;2;3;5;6;7;10
      0.200458568708; 1;2;3;5;6;7;8
      0.200392659366; 0;3;5;7;8;9;10
      0.200384831070; 2;3;4;6;8;10
      0.200365066420; 0;2;4;6;7;8;10
      0.200354988278; 0;1;2;3;4;6;10
      0.200338725516; 1;2;3;4;8;10
      0.200255255537; 0;1;4;5;6;7;8;10
      0.200231718819; 0;2;3;4;5;6;7;8;9
      0.200201612405; 1;2;4;5;7;8;9;10
      0.200187727849; 0;1;2;3;6;8;9
      0.200185968229; 0;2;3;5;6;7
      0.200140876324; 0;3;4;8;9;10
      0.200113824428; 0;1;4;5;6;7;9
      0.200091418514; 1;4;5;8;9
      0.200045494183; 1;2;3;4;5;6;7;9
      0.199994238625; 0;1;2;5;8;9;10
      0.199975402908; 2;3;6;7;8;9;10
      0.199969140680; 1;3;4;5;8;9;10
      0.199956443055; 0;1;3;5;6;7;8
      0.199942420540; 0;2;4;8;10
      0.199924671648; 1;2;3;4;5;9;10
      0.199915674711; 1;2;3;4;5;6;7;8;10
      0.199894633337; 0;1;2;7;8;9
      0.199882444846; 0;1;3;5;7;8;10
      0.199867408735; 3;4;6;7;8;10
      0.199798030268; 0;2;3;4;5;8;9
      0.199795228593; 0;1;3;5;8;9;10
      0.199781010230; 0;2;4;5;6;8
      0.199769230769; 1;6
      0.199753748209; 0;1;2;3;5;7;10
      0.199656902079; 0;2;3;4;5;6;7;9
      0.199653292322; 0;1;3;4;5;6;9
      0.199624957972; 1;2;5;6;7;8;9
      0.199616042703; 0;3;5;6;8;9;10
      0.199588447887; 0;3;4;5;6;7;9
      0.199583938550; 0;1;3;4;7;8;10
      0.199550250919; 1;2;4;6;7;9
      0.199547837783; 1;3;4;5;7;8;9
      0.199535366036; 0;2;3;7;8;10
      0.199534434434; 0;2;6;8
      0.199530583237; 0;5;6;8;9;10
      0.199481758802; 1;3;4;5;6;7;9;10
      0.199445218698; 1;2;3;4;5;7;10
      0.199443670167; 0;2;3;7;8;9;10
      0.199440811946; 0;1;3;6;7;8;10
      0.199435722257; 0;2;3;4;7;8;9
      0.199398387904; 1;4;6;8;9;10
      0.199384615385; 2;10
      0.199365823717; 2;3;4;5;7;9;10
      0.199324863303; 1;2;6;7;8
      0.199324344515; 2;3;4;5;7;8;10
      0.199292172110; 0;1;2;3;4;5;6;8;10
      0.199272783776; 0;2;3;5;6;7;8
      0.199272626179; 0;2;3;4;5;6;7
      0.199257209595; 0;5;6;7;8
      0.199248691625; 1;2;5;6;8;9;10
      0.199208891599; 1;2;4;5;6;7;9;10
      0.199195871610; 0;1;2;4;5;7;8;9;10
      0.199193304717; 0;1;2;5;6;8;10
      0.199155479539; 1;4;5;6;8;9;10
      0.199119822505; 0;1;2;3;4;7;9
      0.199099252055; 3;4;5;6;7;8;10
      0.199046472233; 1;3;4;5;6;8;9;10
      0.198997167951; 1;2;6;7;9;10
      0.198976616091; 0;1;2;4;5;7;8
      0.198934613847; 2;3;4;6;7;10
      0.198902608308; 0;1;2;6;7;8
      0.198885358170; 0;1;3;4;5;7;8;9
      0.198848080153; 0;2;5;6;7;8;9
      0.198838617846; 0;1;3;5;6;9;10
      0.198836568016; 0;2;3;5;6;8;9;10
      0.198812796079; 0;1;2;3;5;6;7;8;10
      0.198747390080; 2;3;7;8
      0.198745532320; 2;3;4;7;8;9
      0.198695956821; 1;7;10
      0.198689290909; 0;1;2;3;5;6;8;9;10
      0.198661105922; 0;2;4;5;8;10
      0.198653690436; 0;1;2;6;7;9;10
      0.198630170698; 0;1;4;5;7;9;10
      0.198624443121; 0;1;2;5;6;7;8
      0.198457944532; 0;1;3;5;6;8;9
      0.198427967842; 2;3;4;6;8;9;10
      0.198418797190; 0;3;4;7;8;9
      0.198417176434; 0;3;4;6;7;8
      0.198392366491; 1;2;4;5;6;7;8;10
      0.198386722634; 0;2;3;4;5;7;9
      0.198386566913; 0;3;4;5;7;8;9
      0.198384879826; 3;5;7;8;10
      0.198325052854; 0;1;2;3;5;6;7;9
      0.198312967067; 3;5;6;8;9;10
      0.198190678602; 1;2;3;7;8;10
      0.198162873547; 0;1;2;5;6;9;10
      0.198162497977; 0;1;2;7;8;10
      0.198126413602; 0;1;2;4;5;8;9
      0.198096908211; 0;2;3;4;5;6;8;9
      0.198086650922; 0;2;6;7;8;9
      0.198060917405; 2;3;4;5;6;7;9;10
      0.198039444457; 0;2;4;5;8;9
      0.198027621582; 0;1;2;5;6;7;8;9
      0.198019202063; 0;2;3;6;7;8
      0.197987801285; 0;1;2;3;5;6;7;8;9
      0.197969777170; 4;6;7;8;10
      0.197959453000; 1;2;7;8;9;10
      0.197936256038; 0;1;2;3;4;5;8;9
      0.197916726892; 3;5;7;8;9;10
      0.197890437865; 4;5;6;7;8;9;10
      0.197875647826; 0;1;3;5;7;8;9;10
      0.197817821016; 0;1;2;4;5;6;7;8
      0.197790087373; 0;1;2;3;4;6;7;9
      0.197785726786; 0;2;3;5;6;8;10
      0.197702144519; 1;5;8
      0.197674664431; 1;3;4;5;6;7;8;10
      0.197535432751; 0;2;3;4;5;8;10
      0.197481866517; 4;5;6;7;8;9
      0.197440341435; 0;6;7;8;9;10
      0.197348579979; 0;1;2;3;4;5;10
      0.197327333571; 1;2;6;8;9;10
      0.197326974104; 1;2;3;4;7;8;10
      0.197275488470; 0;1;3;4;8;9;10
      0.197219658133; 0;1;5;6;7;8;9
      0.197168730908; 4;6;8;9;10
      0.197151886058; 0;2;3;5;6;7;9;10
      0.197131428126; 3;4;6;7;8;9;10
      0.197118427834; 2;3;4;5;7;8;9;10
      0.197105519673; 0;1;2;4;5;8;9;10
      0.197087828898; 1;2;3;6;7;8;9
      0.197034242912; 0;1;3;5;6;7;10
      0.197029738579; 0;2;6;7;8
      0.196890108588; 1;2;3;4;6;8;9;10
      0.196845994197; 0;1;2;3;5;7
      0.196835561626; 0;3;6;7;8;9;10
      0.196821173409; 0;1;4;5;6;8;9;10
      0.196781236438; 0;2;3;4;6;8;9;10
      0.196779395548; 0;2;3;4;6;7;8;9
      0.196772848106; 0;1;3;5;6;7;9
      0.196766056234; 0;2;5;6;7;8;9;10
      0.196740410277; 1;2;3;5;6;7;9;10
      0.196620507975; 1;2;3;4;5;7;8;10
      0.196604521639; 1;2;3;4;6;7
      0.196577917911; 1;2;3;4;5;6;7;8
      0.196538918727; 0;8;10
      0.196455363572; 2;3;7;8;9;10
      0.196435334274; 2;3;6;8
      0.196407463569; 1;2;3;4;5;6;7;8;9
      0.196350766150; 1;2;4;6;7;8;10
      0.196347803845; 1;5;7;8;9
      0.196318335045; 0;2;3;4;8;10
      0.196287311545; 0;1;3;4;7;8
      0.196274171907; 0;3;4;8;9
      0.196272187006; 1;2;3;5;6;7;8;9;10
      0.196197366154; 0;1;2;3;5;6;8
      0.196172880310; 1;5;6;7;8;10
      0.196171971457; 0;1;2;6;8;9;10
      0.196121050518; 0;4;5;6;8;9;10
      0.196079149909; 1;2;3;4;7;10
      0.196072916466; 0;2;4;6;7;8;9;10
      0.196065977839; 2;3;6;7;8
      0.196045172304; 0;1;2;3;4;7;9;10
      0.195946970556; 1;2;4;7;8
      0.195921183640; 0;1;2;4;7;8;9
      0.195898502701; 1;3;5;6;7;9;10
      0.195884487503; 1;2;3;7;10
      0.195841354036; 0;1;5;6;8;9
      0.195787703444; 0;1;7;8;9;10
      0.195731687118; 0;1;2;4;5;7;8;9
      0.195714059032; 1;6;7;8;10
      0.195671057779; 0;1;2;3;5;6;9;10
      0.195608633395; 2;3;5;6;7;8;9
      0.195598086446; 1;2;4;6;7;9;10
      0.195558145071; 1;2;4;7;8;10
      0.195532586394; 0;1;2;4;6;7;8;10
      0.195499904871; 1;2;3;4;7;9;10
      0.195494705415; 1;2;3;4;5;6;7;9;10
      0.195485793274; 0;2;5;6;8;10
      0.195462076215; 0;1;2;3;4;5;6;7;8
      0.195376465163; 0;1;3;4;5;6;7;8;10
      0.195368712150; 0;1;4;5;6;7;8;9
      0.195345928624; 0;1;2;3;5;6;7;9;10
      0.195299317277; 0;3;4;6;7;8;10
      0.195291415937; 0;2;5;6;9;10
      0.195261375479; 1;3;4;6;7;8;9
      0.195235843356; 0;1;2;3;4;6;9;10
      0.195233349853; 0;2;5;6;8;9;10
      0.195197830357; 1;2;3;4;5;6;7;10
      0.195196135834; 0;1;2;3;4;6;7;10
      0.195193239249; 0;1;2;3;4;5;6;9;10
      0.195191587419; 0;1;3;4;6;7;8;10
      0.195159068230; 0;1;2;3;5;6;8;10
      0.195113710335; 0;1;4;7;8;9;10
      0.195098410877; 1;2;3;4;5;7;8
      0.195087131848; 1;2;3;4;5;6;9;10
      0.195085464301; 0;2;3;4;6;7;8;9;10
      0.195074877221; 1;2;3;4;8;9;10
      0.195050234602; 2;3;4;5;6;7;8;9
      0.195007026615; 0;1;3;4;5;7;9
      0.194980201808; 0;1;2;3;7;8;10
      0.194975579573; 0;1;3;4;6;7;8;9
      0.194930022323; 0;2;3;4;5;6;7;10
      0.194888050645; 0;1;2;3;7;8;9
      0.194740515771; 1;2;4;5;6;8;9;10
      0.194646112444; 0;1;4;5;7;8;9;10
      0.194612965165; 3;4;8;10
      0.194605555786; 1;2;3;5;7;8;10
      0.194582951306; 1;2;3;4;6;7;8
      0.194550953401; 0;3;4;5;6;7;8;10
      0.194494460769; 0;1;5;7;8;9
      0.194429141593; 1;6;8
      0.194397115648; 1;2;3;4;6;7;10
      0.194383937442; 4;6;7;8;9;10
      0.194314847133; 1;2;4;5;6;7;8;9;10
      0.194309113322; 0;1;2;3;4;6;7
      0.194280463481; 2;3;4;5;6;7;8;9;10
      0.194240634862; 1;4;5;6;7;8;9;10
      0.194227298716; 0;1;2;7;8
      0.194183577130; 3;4;8
      0.194181560580; 0;5;6;7;8;9;10
      0.194080832078; 0;2;3;4;5;7;9;10
      0.194046200686; 0;3;4;5;7;8;10
      0.194017881119; 0;2;3;5;8;9;10
      0.194013686544; 0;3;4;7;8;9;10
      0.193897043083; 1;2;3;4;5;6;8;9
      0.193855468325; 0;1;3;6;7;8;9;10
      0.193796025978; 0;3;4;6;7;8;9
      0.193721459429; 0;3;4;5;8;9;10
      0.193709105523; 2;3;4;5;6;7;8;10
      0.193657354149; 0;1;2;3;4;5;6
      0.193638982681; 0;1;3;4;6;7;8;9;10
      0.193606031481; 1;2;6;7;8;10
      0.193575010531; 1;2;3;7;8;9;10
      0.193547439500; 0;1;2;3;6;7;8
      0.193510405101; 0;2;5;8;9;10
      0.193500594915; 0;1;3;4;5;6;7;8;9
      0.193495793637; 0;1;3;5;7;8
      0.193419602660; 0;2;3;4;7;8;9;10
      0.193401237531; 1;2;4;6;8;9;10
      0.193370913878; 0;2;3;5;7;8;10
      0.193272367615; 0;1;2;4;6;8;9;10
      0.193199822999; 1;2;3;4;5;7;9;10
      0.193177593395; 0;1;3;4;5;6;9;10
      0.193023916099; 3;4;5;7;8;9;10
      0.192880466713; 0;1;4;5;6;7;8;9;10
      0.192875068848; 0;3;4;5;6;7;8
      0.192726977191; 0;1;2;3;4;5;7;8;10
      0.192715355778; 0;1;2;3;4;7;8
      0.192695266378; 1;2;3;5;6;7;8;10
      0.192691474825; 0;1;2;3;4;5;7;10
      0.192684467407; 1;2;7;10
      0.192573139308; 0;1;2;3;4;5;6;7
      0.192451515168; 0;2;3;5;7;8;9;10
      0.192449893406; 0;1;2;3;4;7
      0.192343397315; 0;1;2;6;7;8;10
      0.192320991874; 3;4;5;6;7;8
      0.192275589130; 0;4;5;6;7;8;9
      0.192204660149; 0;1;2;4;7;8
      0.192182221013; 0;1;2;3;5;7;8;10
      0.192101921992; 1;2;4;5;7;8;9
      0.192076024148; 1;3;4;6;7;9
      0.191982743401; 0;3;4;5;6;7;8;9
      0.191980601520; 0;2;3;5;6;7;8;9
      0.191922065743; 0;1;2;3;4;5;6;10
      0.191869299865; 2;4;6;7;8;9;10
      0.191814649555; 0;1;2;3;4;5;7;8;9
      0.191791213259; 2;3;4;5;7;8;9
      0.191753083777; 0;1;2;3;6;8;9;10
      0.191749449135; 0;1;3;4;6;8;9;10
      0.191655560059; 0;1;2;3;5;7;8;9
      0.191647555747; 0;1;2;5;6;7;8;9;10
      0.191625398188; 0;2;3;4;5;7;8
      0.191606961326; 0;1;3;4;5;6;7;8
      0.191414626455; 1;2;4;5;6;7;8;9
      0.191367566815; 0;1;3;4;5;6;8;10
      0.191350001864; 1;2;5;7;8;9;10
      0.191325756674; 0;2;6;7;8;9;10
      0.191315817602; 1;2;3;4;6;7;8;9
      0.191293066567; 1;2;3;4;5;8;9;10
      0.191262961797; 0;3;5;6;7;9;10
      0.191261177849; 0;2;6;8;10
      0.191217620774; 0;1;2;3;6;7;8;9
      0.191208109941; 0;1;2;3;4;7;8;10
      0.191141562754; 0;1;3;4;5;7;8;10
      0.191027346218; 0;1;2;5;7;8;9
      0.190980887522; 0;1;2;3;4;5;6;8;9;10
      0.190940351754; 0;1;3;4;5;8;9;10
      0.190930174373; 0;1;2;5;7;8;9;10
      0.190696961079; 1;3;4;5;7;8;9;10
      0.190689740145; 0;1;3;5;7;9;10
      0.190689444715; 0;1;2;4;5;7;9;10
      0.190640622275; 0;1;3;5;6;7;9;10
      0.190588299287; 0;1;3;4;5;6;8;9;10
      0.190577438752; 0;1;2;3;4;5;7
      0.190515061429; 1;3;6;7;8;9;10
      0.190469218002; 1;2;3;6;7;9;10
      0.190383526105; 0;1;2;3;6;7;8;10
      0.190376378693; 2;3;5;6;7;8;9;10
      0.190296759404; 0;1;2;3;4;7;10
      0.190233528953; 0;2;3;4;5;7;8;9
      0.190212059450; 0;2;3;4;6;7;8;10
      0.190156107130; 0;1;2;4;7;8;9;10
      0.190153846154; 4;8
      0.190105992820; 2;3;7;8;10
      0.190048219607; 0;1;2;3;4;6;7;8;10
      0.189967775062; 0;2;3;6;7;8;9;10
      0.189881390014; 1;2;3;5;6;7;8;9
      0.189819844229; 1;2;3;6;7;8
      0.189794618631; 0;1;2;3;4;5;7;9
      0.189773781682; 0;1;4;6;7;8;9
      0.189763913996; 0;1;2;3;4;5;8;9;10
      0.189707160526; 0;2;3;4;7;8;10
      0.189697181109; 1;2;3;4;5;8;9
      0.189676161725; 0;1;3;5;6;7;8;9
      0.189528719904; 0;3;4;5;7;8;9;10
      0.189428916601; 0;1;3;7;8;9;10
      0.189417439954; 0;2;3;4;5;6;8;10
      0.189333280127; 0;1;2;3;4;7;8;9
      0.189316719945; 0;1;2;3;4;5;6;7;9;10
      0.189310476555; 0;3;4;5;6;8;9;10
      0.189300746361; 0;1;3;4;5;6;8
      0.189118576437; 0;1;2;4;5;6;7;8;9;10
      0.189000000000; 4;9
      0.188978935667; 1;2;6;7;8;9
      0.188631577463; 0;2;4;5;6;8;9;10
      0.188311390524; 1;3;4;6;7;9;10
      0.188307219836; 1;2;3;4;7;8;9
      0.188303026995; 1;2;3;4;7;8
      0.188141399643; 0;1;3;4;5;7;9;10
      0.188139594367; 0;1;5;6;8;9;10
      0.188074292967; 0;1;4;6;8;9;10
      0.187924040088; 0;1;3;5;7;8;9
      0.187883399667; 2;3;5;6;7;8;10
      0.187817645547; 1;2;4;7;8;9;10
      0.187707265592; 1;2;3;4;6;7;8;9;10
      0.187586257556; 0;1;2;3;5;7;8;9;10
      0.187472577737; 1;2;3;4;5;6;7;8;9;10
      0.187448945258; 2;3;4;5;6;8;9;10
      0.187446957392; 1;3;4;6;7;8;9;10
      0.187340391063; 0;3;5;6;7;8;10
      0.187327974751; 1;4;6;7;8;9;10
      0.187286552543; 0;1;5;7;8;9;10
      0.187143828702; 0;1;3;4;5;6;7;9
      0.187124000827; 0;2;5;6;7;8;10
      0.187059416961; 1;2;4;6;7;8;9;10
      0.186950054160; 3;5;6;7;8;9;10
      0.186724399458; 2;3;4;6;7;8;9;10
      0.186562207372; 0;2;3;4;5;6;8;9;10
      0.186530452749; 0;1;2;3;4;5;6;7;8;9
      0.186432763848; 0;1;3;5;6;7;8;10
      0.186374201144; 0;2;4;5;8;9;10
      0.186269404712; 0;2;3;5;6;7;8;9;10
      0.186108758827; 0;1;2;3;5;6;7;8
      0.186072611750; 0;2;3;4;5;6;7;8;10
      0.185903266070; 1;2;6;7;8;9;10
      0.185854684395; 0;3;4;5;6;7;8;9;10
      0.185747698645; 0;1;2;3;4;5;6;8
      0.185561451405; 3;4;5;6;7;8;9;10
      0.185443999960; 0;4;5;6;7;8;9;10
      0.184773009648; 0;1;5;6;7;8;10
      0.184769230769; 1;8
      0.184697964348; 0;1;2;3;5;7;8
      0.184551671762; 1;2;3;6;7;8;10
      0.184481848189; 0;2;3;4;5;6;7;8
      0.184446013695; 0;1;2;3;4;5;6;7;8;9;10
      0.184391452375; 1;2;3;5;7;8;9;10
      0.184307709834; 1;2;4;7;8;9
      0.184271579543; 1;2;3;5;7;8;9
      0.183928998806; 0;2;3;4;5;7;8;10
      0.183880805688; 1;2;5;6;7;8;9;10
      0.183864696651; 0;1;2;3;7;8
      0.183766162188; 0;2;3;5;6;7;8;10
      0.183649955394; 0;3;5;6;7;8;9;10
      0.183601562830; 1;2;3;5;6;8;9;10
      0.183123751480; 0;1;2;4;5;6;7;9
      0.183040734512; 0;3;4;6;7;8;9;10
      0.182994127956; 1;2;3;4;6;7;9;10
      0.182844808506; 1;2;3;4;6;7;8;10
      0.182784486930; 0;1;2;3;6;7;8;9;10
      0.182759429463; 0;1;3;4;5;6;7;9;10
      0.182298705141; 0;1;3;5;6;7;8;9;10
      0.182091017163; 1;3;4;5;6;7;8;9
      0.181964067382; 0;1;3;4;5;7;8;9;10
      0.181951991565; 1;2;3;4;7;8;9;10
      0.181720374105; 1;2;3;6;7;8;9;10
      0.181537262641; 0;1;3;4;7;8;9;10
      0.181053918362; 1;5;6;7;8;9;10
      0.181026982839; 1;2;3;4;5;7;8;9
      0.180953887581; 0;2;4;5;6;7;8;10
      0.180227533013; 1;3;5;6;7;8;9;10
      0.179665730351; 0;1;5;6;7;8;9;10
      0.178710215776; 0;2;3;4;5;8;9;10
      0.178685124878; 0;1;2;6;7;8;9;10
      0.178661676460; 0;1;4;6;7;8;9;10
      0.177910268233; 0;1;2;3;4;6;7;8
      0.177173812554; 0;1;3;4;5;6;7;8;9;10
      0.176464976310; 0;1;2;3;4;5;6;7;8;10
      0.176375091937; 0;2;3;4;5;6;7;8;9;10
      0.176281156453; 0;1;2;5;6;8;9;10
      0.175616913714; 0;1;2;3;5;6;7;8;9;10
      0.175000532215; 0;1;2;3;4;5;7;8
      0.167465379188; 0;1;2;3;4;5;7;8;9;10
      0.165493193895; 0;1;2;3;4;6;7;8;9;10
