      0.726070486462; 8;9;10
      0.708837209302; 3;7;9
      0.705697674419; 3;7;10
      0.702179677207; 7;8;9
      0.697514154678; 3;8;10
      0.685010472387; 3;8;9
      0.682906976744; 7;9
      0.681869004924; 3;7;8
      0.680232558140; 3;10
      0.677209302326; 9;10
      0.672441860465; 7;10
      0.670193798450; 7;8
      0.670000000000; 3;9;10
      0.666964058275; 7;8;10
      0.665116279070; 3;9
      0.663023255814; 7;9;10
      0.661162790698; 3;7
      0.658682170543; 8;10
      0.645904756164; 4;7;9
      0.642790697674; 8;9
      0.641705426357; 3;8
      0.630946362143; 4;9;10
      0.629652810232; 3;4;7
      0.627659018774; 4;7;10
      0.625222504436; 3;4;10
      0.606602743255; 3;4;8
      0.606595426218; 4;8;10
      0.601079152315; 4;7;8
      0.591027925390; 4;8;9
      0.570862990885; 3;4;9
      0.567896696198; 2;9;10
      0.559422317415; 0;7;9
      0.558800099972; 1;7;10
      0.553146834171; 5;7;8
      0.548294072831; 0;3;7
      0.546125750567; 1;7;8
      0.545006897924; 2;3;10
      0.542374080065; 0;7;10
      0.541727681187; 0;3;10
      0.538839318216; 1;3;9
      0.536530320857; 5;8;9
      0.536438844764; 6;7;10
      0.534758641895; 2;3;9
      0.531746507012; 5;7;10
      0.531741901940; 3;5;7
      0.528179156204; 1;8;9
      0.527974200602; 2;3;8
      0.526671334615; 1;3;7
      0.526539049618; 1;3;8
      0.525333864944; 1;8;10
      0.525302776899; 2;7;9
      0.523053096146; 1;7;9
      0.522887788378; 6;8;9
      0.520844340513; 3;5;9
      0.519500274452; 1;3;10
      0.518883958095; 6;9;10
      0.517709761080; 2;7;10
      0.516225841106; 2;7;8
      0.513447468522; 0;3;8
      0.512294341733; 3;5;10
      0.511085836083; 6;7;9
      0.510565556407; 0;8;10
      0.510259336876; 2;3;7
      0.509747240028; 2;8;9
      0.509123678034; 2;8;10
      0.508391314695; 1;9;10
      0.505422961852; 0;3;9
      0.503031043134; 0;9;10
      0.502749865173; 0;7;8
      0.501915633618; 7;8;9;10
      0.499908283288; 6;8;10
      0.499819074366; 0;8;9
      0.499651162791; 3;7;9;10
      0.497891333357; 5;7;9
      0.497853876270; 3;8;9;10
      0.497065281227; 6;7;8
      0.494786494924; 3;7;8;10
      0.494490888508; 3;6;8
      0.488267002204; 5;9;10
      0.486622947282; 5;8;10
      0.484823243091; 3;5;8
      0.482718120433; 3;4;9;10
      0.481729229370; 3;6;9
      0.481642683177; 3;6;10
      0.481192718813; 3;4;8;9
      0.480452196382; 4;10
      0.477786925375; 3;7;8;9
      0.476847545220; 3;4
      0.476692506460; 4;8
      0.476619651139; 3;4;7;9
      0.474807283181; 4;7;9;10
      0.472196382429; 4;7
      0.462882482893; 3;4;8;10
      0.461369509044; 4;9
      0.459878101374; 1;7;8;10
      0.458756055476; 3;4;7;10
      0.458461951773; 4;7;8;10
      0.455631313002; 3;4;7;8
      0.455312193410; 3;6;7
      0.452728113843; 4;8;9;10
      0.452449364358; 0;7;8;9
      0.450226302714; 2;3;9;10
      0.446653315457; 4;7;8;9
      0.445365909320; 1;3;8;9
      0.444962261525; 1;8;9;10
      0.443507185470; 0;4;9;10
      0.442146098748; 2;8;9;10
      0.440308404741; 1;7;8;9
      0.438226378838; 2;3;8;10
      0.438162040356; 1;4;8;10
      0.436804728676; 3;6;7;10
      0.433567177923; 1;3;4;9
      0.432378691790; 0;3;7;8
      0.431171816366; 1;4;7
      0.430102035137; 0;3;8;9
      0.429985170001; 4;6;7;10
      0.429595338171; 1;3;4;10
      0.428954939591; 5;8;9;10
      0.428673217496; 1;3;8;10
      0.428565372321; 1;3;7;10
      0.428272854930; 0;7;9;10
      0.428197882833; 3;4;5
      0.427091970733; 0;3;7;10
      0.426073847196; 0;7;8;10
      0.426039027365; 3;5;8;10
      0.422800607722; 1;3;7;9
      0.422689582245; 0;3;4;7
      0.421144389357; 2;7;9;10
      0.421013918357; 0;3;7;9
      0.420361040666; 2;4;8
      0.420258627557; 3;6;8;9
      0.420067623287; 2;4;10
      0.419760442556; 0;4;7;9
      0.419324990832; 6;7;8;10
      0.418106398570; 0;3;9;10
      0.417679598474; 0;4;9
      0.416698915563; 5;7;9;10
      0.416170230255; 2;7;8;10
      0.416152591752; 2;3;7;8
      0.415957410419; 0;3;4
      0.415305757816; 0;4;7;8
      0.415302902558; 2;4;7;10
      0.415295696238; 2;7;8;9
      0.414392547732; 0;4;8
      0.413901526694; 6;8;9;10
      0.413355362015; 1;4;8
      0.413338734988; 0;3;4;8
      0.413106440771; 4;6;9;10
      0.412728284988; 5;7;8;9
      0.412335659445; 1;4;10
      0.411787220039; 3;6;8;10
      0.411427882150; 5;7;8;10
      0.411405331051; 0;3;8;10
      0.411265591378; 0;1;7;9
      0.411218204684; 1;3;7;8
      0.411094572015; 1;4;8;9
      0.410889078644; 4;6;8;9
      0.410706864624; 1;4;7;9
      0.410145130498; 4;5;7;10
      0.409822377064; 0;4;10
      0.409710638221; 0;4;7
      0.409420280301; 4;5;9;10
      0.408980408356; 3;4;6;9
      0.408169009021; 4;6;7;9
      0.407295980856; 4;5;7;9
      0.406956716204; 3;5;7;9
      0.406843017912; 3;6;9;10
      0.406717989774; 3;6;7;9
      0.406685007686; 4;6;10
      0.406663624956; 3;6;7;8
      0.406339724440; 2;3;8;9
      0.404493331823; 0;3;4;10
      0.403638130456; 1;7;9;10
      0.402917641138; 2;3;4;8
      0.402826323665; 1;4;9;10
      0.402592527001; 2;4;9
      0.402195318571; 6;7;8;9
      0.402101969178; 1;3;4
      0.401768193562; 3;4;6
      0.401754238119; 6;7;9;10
      0.400540029115; 1;4;7;8
      0.400503776742; 1;3;9;10
      0.400353411997; 3;4;6;7
      0.400141450389; 3;5;9;10
      0.399674778527; 1;6;7;8
      0.397948490322; 1;3;4;7
      0.397556324368; 3;4;5;7
      0.397081391098; 0;4;8;9
      0.396797599040; 2;4;7;8
      0.396135024412; 2;3;4;7
      0.395815474438; 2;3;4;9
      0.395565835582; 3;5;7;8
      0.395445324118; 0;6;7;10
      0.395232716601; 3;5;7;10
      0.394704113738; 1;4;7;10
      0.394524991221; 4;7;8;9;10
      0.394395647211; 2;3;7;10
      0.394274005558; 0;8;9;10
      0.393312023098; 4;5;8;9
      0.393242704058; 3;7;8;9;10
      0.393149312522; 4;6;8;10
      0.392911092532; 2;3;7;9
      0.392790283702; 3;4;7;8;9
      0.392146135828; 4;6;9
      0.391534195520; 4;6;7;8
      0.391516678680; 0;4;8;10
      0.390763647630; 3;4;6;10
      0.389828443036; 0;3;6;9
      0.389379763381; 2;4;8;10
      0.387890161290; 2;3;4
      0.387885858878; 3;4;7;8;10
      0.386061568907; 2;4;8;9
      0.385450417765; 4;6;7
      0.385398722079; 4;5;10
      0.384980750838; 0;1;7;10
      0.384332719806; 4;5;9
      0.384024962839; 3;5;8;9
      0.383903233164; 2;4;7;9
      0.382732081256; 2;3;5;9
      0.382491526527; 4;6;8
      0.382265401977; 0;3;5;10
      0.382236175695; 0;1;9;10
      0.382103600859; 0;3;4;9
      0.382050935717; 3;4;8;9;10
      0.381729118330; 1;3;4;8
      0.379395573818; 1;3;6;9
      0.378737416790; 0;6;8;9
      0.378146737542; 3;4;5;8
      0.377432339910; 0;1;8;10
      0.376755986692; 3;4;7;9;10
      0.376511231509; 1;6;8;9
      0.376419385217; 3;4;6;8
      0.376103846238; 0;6;8;10
      0.376028773258; 0;3;4;7;10
      0.375194344782; 1;2;3;9
      0.374769511765; 2;3;5;7
      0.374073261401; 4;5;7;8
      0.373216446362; 0;1;4;10
      0.372643406648; 0;1;3;8
      0.372508507350; 0;3;7;8;10
      0.371554531008; 1;4;9
      0.371553221514; 0;6;9;10
      0.371344137594; 0;1;4;9;10
      0.371331704022; 1;2;9;10
      0.371260369368; 1;3;5;7
      0.371076662990; 4;5;8;10
      0.370317204933; 0;3;4;8;9
      0.370308600914; 2;3;4;10
      0.370075604824; 2;4;7
      0.369759578190; 0;7;8;9;10
      0.369617661358; 2;5;8;10
      0.369216144480; 0;4;7;10
      0.369121128781; 1;2;3;8
      0.368038169187; 0;5;8;9
      0.367623003408; 3;4;5;10
      0.367486279889; 3;5;6;8
      0.367289855163; 1;3;7;9;10
      0.367159835398; 0;5;7;8
      0.366460041319; 2;3;6;7
      0.365706252787; 0;4;6;8;9
      0.365270196811; 1;6;7;10
      0.364955001100; 0;4;8;9;10
      0.364918446363; 0;2;7;8
      0.364702913166; 3;4;6;7;10
      0.364389815160; 0;1;3;9
      0.364326221582; 0;2;7;9
      0.364227215991; 0;1;4;7;10
      0.364070993064; 2;3;4;7;9
      0.364000616643; 1;5;9;10
      0.363843349758; 1;4;8;9;10
      0.363836871250; 0;3;6;8
      0.362895696983; 3;5;6;9
      0.362858609882; 0;1;8;9
      0.362694885355; 0;1;3;4;10
      0.362450320691; 0;1;3;4;9
      0.362445977921; 1;3;4;7;9
      0.362367819662; 0;3;7;9;10
      0.362286976752; 0;1;3;7
      0.362181567084; 0;1;4;7;9
      0.362171608100; 0;3;7;8;9
      0.361983332136; 4;6;8;9;10
      0.361949198383; 0;3;4;7;8
      0.361788259020; 1;4;7;8;9
      0.361721641047; 0;3;6;10
      0.361341379361; 1;5;8;9
      0.360895153068; 1;3;5;8
      0.360636501554; 1;5;7;8
      0.360574173243; 0;1;4;7
      0.360310747715; 2;7;8;9;10
      0.360278766572; 1;2;8;9
      0.360080607003; 0;3;5;7
      0.359912937879; 2;6;8;9
      0.359562424151; 2;3;7;9;10
      0.358978334320; 1;3;7;8;9
      0.358540494372; 2;6;7;9
      0.358524029988; 1;6;9;10
      0.358467636971; 3;4;6;8;10
      0.358390275394; 1;4;7;9;10
      0.357983307789; 0;5;7;10
      0.357714727019; 0;3;5;9
      0.357624742556; 4;5;8
      0.356966814016; 0;2;3;8
      0.356743885753; 1;3;4;7;8
      0.356643070958; 2;3;4;8;10
      0.356294536066; 1;3;4;9;10
      0.356140442698; 2;4;9;10
      0.356051552468; 2;3;4;7;10
      0.354984757546; 2;3;7;8;9
      0.354849857466; 5;7;8;9;10
      0.354820496980; 0;3;4;8;10
      0.354302156655; 0;1;7;8
      0.353946145643; 0;3;4;6;9
      0.353916013974; 3;4;5;7;8
      0.353895669744; 0;4;6;9;10
      0.353858986287; 2;6;8;10
      0.353857646736; 2;3;4;9;10
      0.353826028395; 0;4;6;7;8
      0.353801975119; 1;5;7;10
      0.353772614069; 1;4;5;7;10
      0.353732221948; 1;4;7;8;10
      0.353671732429; 0;3;4;9;10
      0.353547454749; 0;4;6;7;10
      0.353430717946; 1;2;7;8
      0.353241206445; 2;3;4;7;8
      0.353008505344; 4;6;7;8;9
      0.352994038011; 3;6;7;9;10
      0.352768541355; 3;4;5;7;9
      0.352673266444; 1;6;7;9
      0.352654748706; 0;1;3;10
      0.352267402332; 0;1;8;9;10
      0.351537618731; 0;1;4;6;7
      0.351345333917; 1;3;4;7;10
      0.351202141430; 2;4;8;9;10
      0.350996362065; 0;2;3;9
      0.350882327019; 2;3;7;8;10
      0.350757894217; 4;6;7;8;10
      0.350643869241; 0;4;6;10
      0.350630868968; 0;3;5;8
      0.350334411625; 3;4;6;8;9
      0.350299608584; 2;5;8;9
      0.349846055706; 0;1;3;7;10
      0.349737102607; 2;3;8;9;10
      0.349717420686; 1;2;3;7
      0.349710795657; 5;6;7;9
      0.349460571747; 3;4;5;8;10
      0.348990598459; 3;4;6;9;10
      0.348898772598; 1;3;4;8;9
      0.348794303616; 0;5;7;9
      0.348635755544; 1;3;8;9;10
      0.348524696509; 2;3;5;8
      0.348507678843; 3;5;7;9;10
      0.348385054131; 0;3;4;6;8
      0.348333584598; 3;4;5;9
      0.348154214193; 1;2;4;10
      0.348111045911; 0;4;7;8;10
      0.348101110640; 3;4;5;8;9
      0.347451763644; 3;4;6;7;9
      0.347223025040; 1;3;5;10
      0.346953097116; 1;2;8;10
      0.346900110376; 0;3;8;9;10
      0.346812749434; 6;7;8;9;10
      0.346605809565; 0;1;4;7;8
      0.346486231381; 2;5;9;10
      0.346429728221; 4;5;7
      0.346326586449; 2;3;6;10
      0.346283591986; 2;4;7;8;9
      0.346227113508; 1;3;6;8
      0.345837953728; 2;5;7;10
      0.345523261513; 0;3;4;7;9
      0.344988230622; 1;5;8;10
      0.344871334666; 1;3;4;6;7
      0.344867901842; 2;5;7;9
      0.344274965931; 0;5;9;10
      0.344271836655; 0;1;7;8;9
      0.343938002810; 3;5;7;8;9
      0.343393083085; 2;4;5;7;9
      0.343238823022; 1;3;4;8;10
      0.343227166172; 0;2;9;10
      0.343209674937; 0;6;7;8;9
      0.342912458697; 2;5;7;9;10
      0.342808949767; 5;6;9;10
      0.342254322441; 0;3;6;7;9
      0.342151370558; 4;6;7;9;10
      0.341773488183; 3;4;7;8;9;10
      0.341731442245; 2;6;7;8
      0.341657328161; 3;6;7;8;10
      0.341589955153; 0;6;8;9;10
      0.341490910318; 3;6;7;8;9
      0.341452331244; 1;3;4;6;9
      0.341373576682; 0;1;4;9
      0.341332170234; 2;6;9;10
      0.341313932094; 1;3;5;9
      0.341055951445; 1;6;8;10
      0.340912510660; 0;6;7;9
      0.340553367203; 0;3;4;6;10
      0.340526572347; 0;3;6;7
      0.340421262578; 2;3;4;8;9
      0.340177392455; 0;1;3;4;9;10
      0.340096508722; 3;5;8;9;10
      0.340054479622; 0;1;3;9;10
      0.340040445408; 4;5;7;9;10
      0.339985183803; 0;1;3;4;7
      0.339551358182; 0;1;6;8;10
      0.339154588136; 5;6;7;10
      0.339075066203; 0;2;8;10
      0.338989080974; 3;6;8;9;10
      0.338889086837; 0;6;7;8
      0.338812705221; 0;4;7;9;10
      0.338654951200; 5;6;8;9
      0.338606635391; 1;2;8;9;10
      0.338424783644; 2;6;7;10
      0.338259995233; 0;1;3;4;8
      0.338217364610; 0;5;8;10
      0.338117234849; 1;2;3;10
      0.338081546057; 2;3;4;5;7
      0.337916236010; 4;5;6;7;8
      0.337915942262; 1;2;4;8
      0.337828254997; 0;4;7;8;9
      0.337780080363; 2;3;6;8
      0.337744065670; 1;4;5;8;10
      0.337713048040; 1;2;4;7;8
      0.337491988764; 0;1;4;6;8
      0.337337258277; 1;2;3;9;10
      0.337066297924; 1;5;7;9
      0.337000574234; 0;3;6;7;10
      0.336661755159; 1;2;4;6;9;10
      0.336626502637; 0;2;3;7
      0.336508730356; 1;3;4;6;10
      0.336374528098; 1;2;3;4;9
      0.336320966508; 2;4;7;8;10
      0.336276968226; 1;4;6;7;8
      0.336243091469; 3;4;5;7;10
      0.335949142975; 1;2;3;8;10
      0.335919375533; 1;2;7;9
      0.335846144489; 1;2;4;7
      0.335601234607; 2;4;5;9
      0.335422483974; 0;3;4;6
      0.334967357294; 1;2;7;10
      0.334686422609; 0;1;3;4;6;7
      0.334076803042; 0;1;4;6
      0.334041464027; 0;1;4;6;9
      0.333966388503; 1;7;8;9;10
      0.333937631307; 1;3;4;5;7
      0.333825991116; 0;4;6;7
      0.333774977922; 2;3;5;10
      0.333730646349; 1;3;6;7;9
      0.333680928438; 4;5;8;9;10
      0.333653953104; 0;1;3;6;10
      0.333224416979; 3;4;5;9;10
      0.333217966234; 0;4;6;8;10
      0.333204628439; 0;1;4;8
      0.333160764946; 1;2;4;6;10
      0.333024120176; 0;1;4;6;8;9
      0.332819587503; 0;1;3;4
      0.332523426015; 0;1;4;6;10
      0.332106353846; 0;3;5;8;10
      0.332013990798; 3;5;7;8;10
      0.331998995714; 2;3;6;9
      0.331807762381; 2;5;7;8;9
      0.331737353619; 4;5;7;8;9
      0.331729028837; 2;3;5;7;10
      0.331727648602; 2;3;4;5;10
      0.331538304673; 0;4;7;8;9;10
      0.331353049405; 0;2;4
      0.331343957839; 2;5;7;8
      0.331029549485; 0;2;4;7;9
      0.330757516806; 0;1;3;8;9
      0.330734338263; 2;4;7;9;10
      0.330727953571; 0;2;4;6
      0.330638250278; 1;3;4;5;10
      0.330565783287; 3;4;5;6;9
      0.330517064956; 3;4;6;7;8
      0.330477765217; 0;3;4;6;7
      0.330422999481; 2;4;6;7
      0.330342664119; 0;2;4;10
      0.330169950683; 0;1;4;8;9
      0.330151689314; 0;3;4;6;9;10
      0.329997618639; 1;2;4;8;10
      0.329841036054; 2;4;5;7;8
      0.329830904843; 1;2;7;8;9
      0.329590209021; 0;2;3;10
      0.329573631726; 2;3;4;6;8
      0.329452226999; 0;1;4;6;8;10
      0.329214776465; 1;3;4;6
      0.328938235283; 0;3;4;8;9;10
      0.328926622562; 0;2;3;7;9
      0.328905925445; 2;3;7;8;9;10
      0.328794755479; 0;1;3;6;8
      0.328381114397; 0;6;7;9;10
      0.328324248445; 0;2;4;7;10
      0.328297036028; 1;3;6;10
      0.327997953025; 1;2;4;8;9
      0.327727758656; 1;4;6;9
      0.327640918152; 2;3;6;8;9
      0.327444717547; 0;3;6;9;10
      0.327111580066; 0;2;3;7;10
      0.327034890630; 2;4;5;9;10
      0.326914699769; 3;5;6;10
      0.326698548677; 0;3;4;5;8
      0.326344513627; 1;2;3;4;8
      0.326160833480; 0;1;3;7;9
      0.326069080710; 0;1;7;9;10
      0.325998868887; 4;5;7;8;10
      0.325939755195; 0;1;4;6;9;10
      0.325861644018; 0;3;4;5
      0.325849284704; 3;5;6;7;8
      0.325644564312; 1;4;5;7;9
      0.325540443331; 0;4;6;8
      0.325515021211; 0;4;6;9
      0.325396691658; 0;1;4;6;7;10
      0.325364720411; 1;4;5;9;10
      0.325208289744; 0;2;4;8;9
      0.325176516655; 1;3;7;8;10
      0.325059235411; 0;3;4;7;8;10
      0.324870870719; 2;3;4;7;8;10
      0.324826897949; 1;4;6;9;10
      0.324824491969; 0;5;6;7;9
      0.324778750969; 0;3;5;7;9
      0.324759772502; 0;1;7;8;10
      0.324600590871; 2;4;5;7;10
      0.324448030415; 5;6;7;8
      0.324414219996; 0;1;6;7;9
      0.324211209542; 1;4;6;8;10
      0.324139956248; 0;1;4;8;10
      0.324095443165; 0;4;5;10
      0.324054580102; 1;6;7;8;9
      0.323958826105; 0;2;3;4;10
      0.323792657916; 1;3;4;5;9
      0.323737249185; 1;2;4;6;9
      0.323735420976; 1;5;7;9;10
      0.323648730393; 0;3;4;5;10
      0.323646690158; 0;2;3;7;8
      0.323550091451; 0;4;5;8;9
      0.323375642003; 0;6;7;8;10
      0.323183301558; 1;3;6;7
      0.323078027049; 2;4;5;8;10
      0.323014014370; 1;4;6;7;8;9
      0.322916421377; 0;3;4;7;9;10
      0.322872941684; 0;4;6;7;9
      0.322862502485; 2;4;5;10
      0.322716280812; 2;4;6;8
      0.322496989155; 0;2;3;4;7
      0.322487994907; 1;4;6;7;10
      0.322404833802; 0;1;3;4;6;9
      0.322370713891; 0;2;4;8;10
      0.322245606733; 0;3;4;6;7;8
      0.322054263566; 0;10
      0.322023002754; 0;3;4;6;8;10
      0.322020385907; 2;3;4;6
      0.321946248614; 2;4;6;9;10
      0.321945758504; 4;5;6;7;9
      0.321807592734; 0;4;5;8
      0.321653300739; 0;1;3;5;9
      0.321602067183; 0;8
      0.321420720300; 1;4;6;10
      0.321353477082; 2;4;6;8;9
      0.321273553076; 0;4;6;8;9;10
      0.321128190353; 0;2;7;10
      0.321030487332; 0;1;4;6;7;9
      0.321021707960; 2;3;5;7;9
      0.320953510959; 0;2;4;8
      0.320803287039; 1;2;4;7;8;9
      0.320699249565; 0;3;4;7;8;9
      0.320634298267; 1;2;3;7;10
      0.320599530624; 1;2;4;9;10
      0.320591650821; 0;3;4;5;8;10
      0.320511179768; 2;3;4;7;9;10
      0.320505834335; 1;3;4;6;8;10
      0.320386873847; 1;3;6;8;9
      0.320369201522; 1;2;6;7;8
      0.320178504226; 3;4;6;7;8;10
      0.320123301663; 0;3;4;6;7;10
      0.319815804907; 0;1;4;6;7;8
      0.319765112607; 1;3;5;7;9
      0.319536288665; 0;2;7;9;10
      0.319438176689; 0;1;3;4;7;9
      0.319384241258; 0;1;2;8;10
      0.319362212009; 1;2;3;4;6;8
      0.319289555219; 0;2;4;7;8
      0.319264752570; 0;2;3;4;9
      0.319253062664; 0;1;3;4;6;8
      0.319221528821; 0;1;3;8;10
      0.319187542603; 0;1;2;3;4;7
      0.319067167651; 1;4;5;7
      0.319062450473; 1;4;6;8;9
      0.319013887100; 1;2;7;8;10
      0.318967783501; 0;2;8;9
      0.318920766613; 0;2;3;8;10
      0.318910939835; 1;2;4;6
      0.318809344035; 1;4;5;8;9
      0.318733621998; 1;2;4;9
      0.318680490657; 1;2;4;6;7;10
      0.318359355552; 1;4;6;7
      0.318326748452; 3;4;5;7;9;10
      0.318231804912; 0;3;5;8;9
      0.318141589999; 1;2;4;6;7;8
      0.318114718615; 0;1;3;5;7
      0.317930497322; 0;1;2;4;6;10
      0.317880643271; 0;1;3;6;8;10
      0.317847172286; 1;2;3;7;8
      0.317823723812; 2;4;6;7;8
      0.317641400381; 1;3;5;8;9
      0.317615279423; 1;2;3;4;6
      0.317614063908; 1;4;5;6;8
      0.317446145121; 2;3;4;6;9
      0.317444784790; 1;2;3;5;8
      0.317377260982; 2;3
      0.317365135177; 0;5;7;8;10
      0.317237423627; 0;3;6;8;9
      0.317092935450; 0;3;4;5;7
      0.316987221521; 1;3;6;7;8
      0.316930617132; 2;3;6;9;10
      0.316921443715; 0;3;6;7;8
      0.316778580826; 1;2;4;7;9
      0.316714753501; 1;3;4;6;8
      0.316700218446; 3;5;6;9;10
      0.316562680547; 2;4;5;7;8;9
      0.316490063554; 0;1;3;4;5
      0.316455483607; 0;1;3;7;8
      0.316431391121; 1;3;5;7;8
      0.316366662271; 0;1;5;9;10
      0.316344770368; 0;3;6;7;9;10
      0.316269850235; 1;3;6;8;10
      0.316136053690; 0;3;4;5;6;8
      0.315990202302; 1;4;6;7;9;10
      0.315952822933; 2;3;6;7;10
      0.315808387994; 0;2;4;7
      0.315735855875; 2;4;5;7
      0.315571564076; 0;2;3;4;7;8
      0.315554981789; 0;3;4;5;9
      0.315508225209; 5;6;7;9;10
      0.315474049856; 1;4;7;8;9;10
      0.315469723429; 1;2;4;6;8
      0.315414830647; 0;1;6
      0.315296669093; 1;2;4;6;7
      0.315198422088; 2;3;4;8;9;10
      0.315175340164; 2;4;6
      0.315115600807; 0;1;3;4;6
      0.315068547731; 0;1;4;5;7
      0.314846875347; 0;2;4;9
      0.314762731538; 1;2;3;4;7
      0.314693209134; 4;6;7;8;9;10
      0.314692780012; 2;4;5;8
      0.314651528333; 2;4;6;7;9
      0.314592469055; 4;5;6;7;10
      0.314583144136; 1;3;4;8;9;10
      0.314482203276; 0;1;3;4;6;10
      0.314341036965; 1;3;5;6;10
      0.314302325581; 2;9
      0.314238118961; 0;1;2;3;4;10
      0.314214701363; 3;4;6;7;9;10
      0.314213968917; 0;1;6;7;8
      0.314070502172; 1;3;5;6;9
      0.314043661903; 1;2;4;7;10
      0.313913605713; 1;3;4;7;8;10
      0.313898833873; 1;3;4;7;8;9
      0.313863311188; 1;2;4;6;7;9
      0.313852969658; 2;3;4;6;10
      0.313786464724; 1;2;7;9;10
      0.313711014302; 0;1;6;8;9
      0.313599589199; 2;4;5;8;9
      0.313597160686; 1;2;3;4;6;9
      0.313270128917; 1;2;3;4;6;10
      0.313224297962; 1;6;7;8;10
      0.313034528431; 0;1;2;7;8
      0.313012258724; 0;2;4;7;8;10
      0.312932284461; 1;2;3;8;9
      0.312932106931; 1;2;3;6;7
      0.312754670394; 1;2;3;4
      0.312556043295; 0;1;4;7;8;9
      0.312537432475; 1;3;4;5;6;7
      0.312499604748; 0;4;6;7;8;9
      0.312476486692; 0;4;6
      0.312474954632; 0;1;6;8
      0.312400816643; 3;5;6;8;10
      0.312397552143; 0;3;7;8;9;10
      0.312384893084; 0;3;4;6;7;9
      0.312300495370; 2;4;6;10
      0.312164601909; 0;1;2;4;6;8
      0.312101434094; 0;1;3;4;7;8
      0.311976744186; 0;1
      0.311939856134; 0;2;4;9;10
      0.311923837617; 2;6;7;8;9
      0.311893127373; 1;2;5;7;9
      0.311877329490; 2;4;6;7;10
      0.311804522996; 0;2;4;6;9
      0.311762500976; 0;1;5;8;10
      0.311752790339; 1;2;3;4;10
      0.311736984446; 0;1;6;9;10
      0.311599475915; 0;1;2;4;9
      0.311588526518; 2;3;4;5;8
      0.311529886780; 0;3;6
      0.311474027265; 0;4;5;9
      0.311377074924; 1;3;4;5
      0.311375870064; 0;2;4;6;8;9
      0.311142126911; 0;4;5;6;7;9
      0.311128691722; 0;1;3;6
      0.311025087714; 1;2;3;5;9
      0.310924070101; 4;5;6;7;8;9
      0.310909015949; 1;6;7;9;10
      0.310856444574; 0;2;3;8;9
      0.310849708438; 1;5;7;8;9
      0.310834110788; 1;5;7;8;10
      0.310830031343; 0;1;6;7;8;10
      0.310779907015; 0;3;6;8;10
      0.310501432744; 2;3;4;6;7
      0.310496685561; 1;2;4;5;7;8
      0.310463576366; 4;5;6;8;10
      0.310355453860; 0;1;5;7;8
      0.310344738595; 0;1;4;5;10
      0.310343707931; 0;2;3;4;8
      0.310325416960; 3;4;5;7;8;10
      0.310316824719; 2;3;5;9;10
      0.310230140534; 3;4;6;8;9;10
      0.310130439442; 0;1;2;3;4;6
      0.310018607042; 0;2;4;8;9;10
      0.309688815027; 0;1;3;4;5;9
      0.309566860835; 1;2;3;4;7;10
      0.309477528186; 1;3;4;7;8;9;10
      0.309464501830; 1;2;3;5;10
      0.309451385840; 0;4;5;7;10
      0.309393801308; 1;3;4;5;8
      0.309389143120; 3;4;6;7;8;9
      0.309337558293; 2;5;8;9;10
      0.308854569828; 0;3;5;6;8
      0.308772561552; 1;3;7;8;9;10
      0.308762813332; 3;4;5;7;8;9
      0.308685147533; 0;1;6;7;10
      0.308667598229; 0;1;2;3;7
      0.308584871800; 3;5;6;7;9
      0.308543968178; 2;3;4;5;7;8
      0.308529796836; 3;4;5;6;7
      0.308431144760; 1;2;6;8;10
      0.308428748292; 0;2;4;6;8
      0.308420074314; 0;1;2;9;10
      0.308377986056; 3;5;6;7;9;10
      0.308292109309; 0;4;6;7;8;10
      0.308258090759; 0;5;7;8;9
      0.308232675631; 0;2;7;8;9
      0.308207138924; 0;1;2;3;4
      0.308148645228; 0;3;4;6;8;9
      0.308134973412; 2;6;8;9;10
      0.308095364624; 5;6;7;8;10
      0.308067085500; 1;4;5;7;8;10
      0.307987541630; 1;2;6;8;9
      0.307819777044; 4;5;6;9;10
      0.307597789974; 0;4;5;8;10
      0.307542418632; 4;5;6;9
      0.307519455419; 2;3;6;7;9
      0.307496861959; 1;2;4;6;8;9
      0.307388935967; 1;4;6;7;9
      0.307364026800; 2;3;6
      0.307265143676; 2;4;6;9
      0.307111053148; 0;1;6;8;9;10
      0.307065752875; 0;1;5;8;9
      0.307057880750; 0;2;3;4
      0.306989246444; 1;4;5;7;8
      0.306953656643; 0;2;3;4;6;8
      0.306916642358; 1;4;5;8;9;10
      0.306899714425; 1;6;8;9;10
      0.306755062911; 1;2;3;7;9;10
      0.306619243261; 5;6;8;9;10
      0.306510079043; 2;4;7;8;9;10
      0.306501418947; 3;5;6;7
      0.306477441113; 0;5;8;9;10
      0.306451653568; 1;3;4;7;9;10
      0.306376415289; 1;4;5;10
      0.306346993556; 1;2;3;4;8;10
      0.306136703435; 0;3;6;7;8;9
      0.305961840557; 0;1;3;4;8;10
      0.305890783612; 0;1;4;7;9;10
      0.305849430770; 0;2;3;9;10
      0.305812080430; 0;1;2;3;10
      0.305794211033; 0;4;5;9;10
      0.305789036271; 1;3;4;6;7;8
      0.305744969653; 1;2;3;6;10
      0.305719855589; 0;2;3;4;8;9
      0.305710998167; 0;5;6;8;9
      0.305684754522; 0;3
      0.305579430866; 1;3;6;9;10
      0.305556451186; 1;3;4;5;8;10
      0.305542736337; 0;2;3;4;7;9
      0.305500208093; 0;2;7;8;10
      0.305070003940; 3;4;5;6;8
      0.305036079876; 0;6;10
      0.305008616801; 1;4;5;6;9;10
      0.304938929885; 0;1;3;4;7;10
      0.304893419502; 3;5;6;8;9
      0.304765965703; 0;1;7;8;9;10
      0.304728682171; 2;4
      0.304699743750; 1;2;4;7;9;10
      0.304665850373; 1;2;3;6;9
      0.304637312905; 0;3;4;5;7;8
      0.304559333640; 1;2;3;4;5;9
      0.304443689386; 0;1;2
      0.304419402948; 0;6;9
      0.304313053833; 1;4;5;6;7;10
      0.304289932172; 2;3;4;5;8;9
      0.304259430645; 2;4;5;7;8;10
      0.304245004535; 0;2;3;4;9;10
      0.304180369066; 2;5;7;8;10
      0.304177248589; 3;6;7;8;9;10
      0.304027281504; 0;1;2;4;6;9
      0.303933125791; 2;3;4;5;9
      0.303890316862; 0;2;6;7;9
      0.303811969602; 2;3;6;8;10
      0.303741117463; 0;3;4;5;6;9
      0.303659359659; 4;5;6;10
      0.303653798572; 1;3;5;9;10
      0.303651750405; 3;4;5;8;9;10
      0.303650386107; 1;4;6;8;9;10
      0.303514320931; 1;2;5;9;10
      0.303458397469; 0;3;4;5;9;10
      0.303360313400; 0;1;3;6;8;9
      0.303232227266; 4;5;7;8;9;10
      0.303165714776; 0;1;4;5;8
      0.303116389781; 2;3;4;5;7;10
      0.303115959596; 0;5;7;9;10
      0.303099483652; 0;2;4;6;7;8
      0.302900460100; 4;5;6;8
      0.302626644164; 0;1;3;6;7
      0.302517698842; 0;1;2;4;7;8
      0.302509669842; 1;2;6;7;9
      0.302438896052; 0;2;4;6;10
      0.302359772011; 0;4;5;7;9
      0.302343603406; 0;1;2;3;4;8
      0.302317596486; 0;1;6;10
      0.302287183936; 1;2;5;8;10
      0.302174324262; 1;3;4;5;6;10
      0.302026570974; 1;4;5;6;7
      0.301980914338; 2;6;7;9;10
      0.301834014443; 1;3;4;5;7;10
      0.301630645195; 0;1;2;4;7
      0.301539921239; 0;1;4;6;8;9;10
      0.301538464251; 2;3;5;8;9
      0.301537467700; 2;8
      0.301333787871; 0;2;4;7;9;10
      0.301320827940; 0;1;3;4;5;10
      0.301261959318; 1;2;3;4;5;7
      0.301240310078; 0;7
      0.301072764084; 1;5;6;7;8
      0.301028765306; 0;1;2;4;8;10
      0.301018198855; 1;4;5;6;10
      0.300960866504; 0;1;3;6;7;8
      0.300955491852; 1;2;3;4;9;10
      0.300943045393; 0;2;3;6;8
      0.300746601469; 1;2;3;6;7;9
      0.300730287366; 0;4;6;7;9;10
      0.300459435902; 5;6;7;8;9
      0.300442506918; 1;3;5;6;8
      0.300335045230; 0;1;3;6;9;10
      0.300295249970; 1;4;5;9
      0.300239770868; 3;4;5;6;7;9
      0.300190152434; 1;4;5;6;8;9
      0.300158529561; 1;2;3;4;7;9
      0.300155669115; 2;4;6;8;9;10
      0.300057631942; 0;2;8;9;10
      0.299990857940; 3;4;6;7;8;9;10
      0.299949644577; 0;1;3;6;9
      0.299902468978; 1;3;5;6;7
      0.299880744616; 2;3;4;5
      0.299867956143; 0;1;2;4;10
      0.299861307511; 1;2;3;4;7;8
      0.299781232488; 0;3;5;6;7
      0.299703879947; 0;1;3;4;6;7;9
      0.299449697912; 0;4;5;6;9
      0.299359585858; 0;4;5;7;8;9
      0.299292213194; 1;2;3;7;9
      0.299266174137; 1;3;5;8;10
      0.299233181235; 2;3;4;7;8;9
      0.299153981449; 2;3;6;7;8;9
      0.299119272275; 0;3;6;7;8;10
      0.299105841272; 1;2;4;6;8;10
      0.299090185254; 1;2;4;5;7;10
      0.299084975748; 0;6;7
      0.298971290846; 2;3;5;8;10
      0.298944974599; 0;2;3;4;6
      0.298918969836; 1;2;4;7;8;10
      0.298749279092; 0;2;4;7;8;9
      0.298724920729; 0;1;3;4;5;7
      0.298695458458; 2;5;7;8;9;10
      0.298415985398; 0;5;6;7;10
      0.298359526488; 0;1;4;6;7;8;9
      0.298252381628; 2;3;4;5;9;10
      0.298090429430; 1;2;3;6;8;9
      0.298083256245; 0;3;5;7;8
      0.298074935401; 0;9
      0.298048083611; 3;5;6;7;10
      0.298034559818; 0;1;4;8;9;10
      0.298030594387; 1;4;5;6;7;9
      0.298028517365; 1;3;4;6;7;10
      0.298011409545; 1;2;3;4;7;8;9
      0.297980975009; 1;2;6;7;10
      0.297906320879; 1;2;3;4;5;8
      0.297890043903; 0;1;3;6;7;9
      0.297883685518; 1;2;3;4;6;7
      0.297879971001; 2;4;5;8;9;10
      0.297824579838; 0;1;2;7;9
      0.297816151589; 2;3;4;6;9;10
      0.297792264328; 0;4;5;6;7;8
      0.297623229541; 0;4;5;6;9;10
      0.297620385447; 1;5;8;9;10
      0.297607774204; 2;3;6;7;8
      0.297552110356; 2;3;5;7;8
      0.297497431305; 2;3;4;6;7;9
      0.297488952908; 1;2;4;5;10
      0.297469182376; 1;3;4;6;9;10
      0.297441495699; 1;5;6;8;10
      0.297412337129; 0;3;5;9;10
      0.297409242867; 2;3;5;7;8;10
      0.297396141005; 1;3;4;6;8;9;10
      0.297342751304; 0;1;5;7;9
      0.297271339771; 0;6;8
      0.297169384782; 0;2;4;6;9;10
      0.297158653251; 0;6;7;8;9;10
      0.297038592686; 0;1;4;5;8;9
      0.296982320651; 2;6;8
      0.296947080990; 0;4;5;7;8;10
      0.296904608850; 1;3;4;5;9;10
      0.296889464104; 1;2;3;4;8;9
      0.296886810218; 2;6;10
      0.296816880794; 2;5;7
      0.296781001747; 1;2;7;8;9;10
      0.296729476656; 1;4;6;7;8;10
      0.296436299067; 5;6;8;10
      0.296381003619; 0;1;6;7;9;10
      0.296289002579; 3;4;5;6
      0.296239778768; 1;3;4;5;6;9
      0.296180207750; 0;4;5;7;8
      0.296130743374; 2;3;5;7;9;10
      0.296077682396; 1;2;4;6;8;9;10
      0.296042259470; 1;2;5;6;7;8
      0.295908844386; 0;4;5;7
      0.295783805745; 1;4;6;7;8;9;10
      0.295653385531; 0;2;3;6;10
      0.295630436159; 0;3;5;8;9;10
      0.295410684663; 1;3;6;7;8;10
      0.295342157189; 0;2;3;6;9
      0.295258472490; 0;1;2;4;8
      0.295247624792; 2;4;5;7;9;10
      0.295191961785; 0;4;5;6;10
      0.295104185220; 2;6;7
      0.295071827014; 0;4;6;7;8;9;10
      0.295007349980; 1;2;3;6;8
      0.295004901263; 2;4;6;7;8;10
      0.294797629013; 3;4;5;6;10
      0.294751101407; 2;3;5;6;9;10
      0.294740425964; 0;3;4;6;7;8;10
      0.294668163669; 4;5;6;7
      0.294601590078; 2;3;4;5;8;10
      0.294558300415; 0;2;4;6;8;10
      0.294541513617; 0;1;2;4;7;9
      0.294533981000; 2;6;7;8;10
      0.294500665574; 0;1;2;7;10
      0.294441477133; 0;2;3;5;7
      0.294385129770; 1;3;4;5;8;9
      0.294316662020; 2;6;9
      0.294272111063; 0;4;5;6;8;10
      0.294235289368; 0;1;4;6;7;8;10
      0.294228669426; 0;3;5;6;10
      0.294070807745; 2;4;5
      0.294023449673; 3;5;7;8;9;10
      0.294008059173; 0;1;3;7;8;9
      0.293992275857; 0;3;6;8;9;10
      0.293955434887; 1;3;4;6;8;9
      0.293907173576; 1;4;5;6;9
      0.293824289406; 2;7
      0.293805674490; 1;5;6;7;9
      0.293798322572; 3;5;6;7;8;9
      0.293732982853; 1;2;4;8;9;10
      0.293725741698; 1;3;6;7;10
      0.293702011114; 1;2;5;8;9
      0.293698512405; 0;1;2;4;6
      0.293660014544; 0;3;4;7;8;9;10
      0.293637978692; 3;5;6;7;8;10
      0.293548603254; 0;1;3;8;9;10
      0.293483885689; 1;2;6;7;8;9
      0.293334516528; 0;5;6;8;10
      0.293287057258; 1;6;8
      0.293242801720; 2;5;6;9;10
      0.293214097272; 0;2;4;5;6
      0.293203461786; 0;1;4;5;7;10
      0.293103986217; 1;2;4;5;9;10
      0.293067380206; 0;1;4;7;8;10
      0.293010335917; 2;10
      0.292976717081; 2;5;6
      0.292930136078; 0;1;2;4;7;10
      0.292900212626; 0;2;3;7;9;10
      0.292856153685; 1;5;6;7;10
      0.292843295598; 1;2;3;6;7;10
      0.292839143298; 0;4;5;6;8;9
      0.292654928841; 0;1;2;4;6;7
      0.292608972423; 1;3;6
      0.292503877483; 0;2;3;4;8;10
      0.292496944631; 0;1;5;7;10
      0.292375708325; 2;4;5;6;8;10
      0.292227492106; 0;1;4;6;7;9;10
      0.292111508745; 3;5;6;8;9;10
      0.292077738259; 0;3;4;5;8;9
      0.292064731234; 0;4;5;6;7;10
      0.291986540760; 0;2;3;4;6;9
      0.291847291858; 0;1;3;4;5;8
      0.291840540606; 2;3;4;6;8;9
      0.291825038656; 1;6;7
      0.291709664971; 0;1;2;3;4;9
      0.291626998970; 0;1;2;6;10
      0.291578326988; 0;2;4;5;8;9
      0.291533793220; 1;3;4;6;7;9
      0.291467826119; 0;1;3;5;8
      0.291386116256; 1;3;6;8;9;10
      0.291310737422; 0;2;3;6;7
      0.291276732046; 1;4;6;8
      0.291116430968; 1;2;3;7;8;10
      0.291063913154; 0;1;4;5;9
      0.290990360773; 0;1;3;4;6;9;10
      0.290987420170; 2;3;4;5;6;9
      0.290838636170; 0;5;6
      0.290654744803; 1;2;5;7;10
      0.290620883638; 1;3;4;5;6
      0.290596213218; 2;5;8
      0.290577585013; 2;4;6;8;10
      0.290571488361; 1;2;3;5;7
      0.290494561504; 1;3;4;5;7;9
      0.290464461958; 0;2;7;8;9;10
      0.290370776339; 2;5;6;7;10
      0.290324639543; 1;2;5;6;7;9
      0.290220719339; 0;1;6;7
      0.290219870099; 0;3;5;6;7;10
      0.290123425157; 0;1;4;5;7;9
      0.290099567559; 2;3;4;6;7;10
      0.290014295712; 0;1;2;6;9;10
      0.289983719926; 0;2;4;6;7;10
      0.289932928421; 2;3;5;7;8;9
      0.289865063877; 0;2;9
      0.289836967296; 0;2;3
      0.289776991552; 2;5;6;7;8
      0.289753320170; 1;2;5;7;9;10
      0.289685534973; 0;2;3;6;7;9
      0.289659828155; 1;2;6;8;9;10
      0.289638630891; 1;2;6;7;8;10
      0.289603044945; 0;1;3;4;6;7;8
      0.289537332408; 1;2;6;9;10
      0.289459054053; 1;5;6;9;10
      0.289324459018; 0;1;2;3;4;6;9
      0.289300330920; 0;1;2;3;6;10
      0.289282555185; 2;3;5;6;7
      0.289282286134; 0;2;6;8;10
      0.289235180746; 0;3;4;5;7;10
      0.288796866475; 1;2;5;7;8
      0.288780564397; 0;1;2;6;8
      0.288513667655; 0;3;4;5;7;9
      0.288489993812; 0;2;5;7;8;10
      0.288452191354; 0;1;3;7;9;10
      0.288422405485; 1;2;3;4;7;8;10
      0.288389480485; 1;2;3;4;5;10
      0.288339387956; 0;2;3;6;9;10
      0.288275600824; 0;1;2;6;7;10
      0.288260281504; 0;5;6;9;10
      0.288231726748; 1;3;5;7;10
      0.288221931507; 4;5;6;8;9
      0.288124328506; 2;3;4;7;8;9;10
      0.288088896695; 2;3;6;7;9;10
      0.288051724116; 0;1;2;3;6
      0.287938589284; 0;1;3;6;7;10
      0.287713776818; 0;1;2;3;6;7
      0.287670870301; 0;1;3;4;6;8;9
      0.287641033106; 3;4;5;7;8;9;10
      0.287383424069; 0;1;2;6
      0.287351253226; 1;2;3;4;6;7;8
      0.287326265210; 0;1;3;4;6;7;8;10
      0.287164707757; 2;3;4;6;8;9;10
      0.287160655882; 0;1;8
      0.287153667725; 0;2;3;7;8;9
      0.287021395596; 2;3;4;6;8;10
      0.286959180203; 0;2;3;4;5;7
      0.286926416819; 0;3;5;7;8;9
      0.286833790070; 2;3;5;6;9
      0.286714777512; 4;5;6;7;9;10
      0.286699916365; 1;2;3;6;8;10
      0.286625204384; 1;4;5;6;7;8
      0.286603643949; 1;2;5;6;8;9
      0.286579605857; 0;2;5;9;10
      0.286557624546; 0;2;10
      0.286557333831; 0;2;6;7;10
      0.286390837018; 0;1;3;7;8;10
      0.286384951000; 0;3;5;7;8;10
      0.286350655804; 1;2;4;5;6;9
      0.286346564313; 1;5;6;8;9
      0.286267770321; 0;3;4;6;8;9;10
      0.286264396172; 0;3;4;5;6;7
      0.286222380874; 1;2;3;8;9;10
      0.286218395622; 0;4;5;6;8
      0.286179069920; 1;3;6;7;8;9
      0.286075293645; 1;5;6;8;9;10
      0.286057973255; 2;4;6;7;8;9
      0.286047854600; 1;6;10
      0.286022857341; 1;2;3;7;8;9
      0.285988770562; 1;3;4;6;7;9;10
      0.285929817325; 0;1;2;4;8;9
      0.285872512715; 1;4;5;7;9;10
      0.285821985781; 1;3;4;6;7;8;10
      0.285805187485; 0;5;7;8;9;10
      0.285764257061; 0;3;5;6
      0.285763076185; 0;1;6;9
      0.285745802135; 0;2;4;6;7;9
      0.285691622559; 3;4;5;6;9;10
      0.285637356611; 2;3;4;5;6;7;10
      0.285560766975; 1;3;4;5;6;7;9
      0.285334212375; 1;2;5;6;9;10
      0.285332616738; 0;1;2;4;6;7;8
      0.285316026351; 4;5;6
      0.285178812789; 1;2;3;4;5;6
      0.285040954883; 2;3;4;5;7;9
      0.285006855254; 1;4;5;7;8;9
      0.284965905782; 0;1;3;4;8;9
      0.284908346176; 0;2;6;9
      0.284879518289; 0;4;5;7;9;10
      0.284869973506; 0;1;2;6;8;10
      0.284833895227; 1;3;5;6;9;10
      0.284804319133; 1;3;4;5;7;8
      0.284789657371; 0;2;4;5;10
      0.284766695842; 2;3;6;8;9;10
      0.284761947298; 0;1;2;3;6;9
      0.284669220234; 0;5;6;8;9;10
      0.284583888389; 0;2;3;4;7;8;9
      0.284542435984; 2;4;5;6;7;10
      0.284521963824; 2;5
      0.284486890873; 1;4;5;6;7;8;10
      0.284435012580; 0;1;2;3;4;7;8
      0.284433918615; 0;2;3;4;6;7
      0.284412257155; 0;2;4;5;7;9
      0.284231881459; 1;2;3;4;7;9;10
      0.284150510506; 0;2;3;4;6;7;8
      0.284147951599; 1;2;4;5;8;9
      0.284126425795; 0;2;6;7;8;9
      0.284099684110; 0;1;2;7;9;10
      0.284063335851; 0;1;2;4;9;10
      0.283975102050; 0;1;3;4;6;7;9;10
      0.283945037637; 3;4;5;6;8;10
      0.283937249443; 0;2;4;5
      0.283907532587; 0;2;3;4;7;10
      0.283900665549; 2;3;4;5;6
      0.283898073825; 1;2;3;4;5
      0.283890433493; 2;3;4;5;8;9;10
      0.283821316799; 2;4;5;6;8;9
      0.283716297553; 0;1;5;6;7;9
      0.283701532500; 0;1;3;4;7;8;10
      0.283521582295; 0;1;3;5;10
      0.283515660925; 0;1;2;3;7;8
      0.283458725421; 0;1;2;3;9
      0.283365875251; 0;1;2;3;8
      0.283233307836; 1;4;5;6;8;10
      0.283193751814; 1;3;4;5;6;8
      0.283167962528; 2;4;5;6;10
      0.283161653805; 2;4;6;7;9;10
      0.283031992566; 0;2;3;4;5;9
      0.282974623173; 2;3;4;5;6;8
      0.282795818120; 1;2;3;5;7;9
      0.282773009290; 0;1;4;5;6
      0.282685089785; 0;1;2;4;6;9;10
      0.282656581849; 1;2;3;5;6;9
      0.282608132785; 1;2;4;5;6;8;10
      0.282565415797; 2;3;6;7;8;10
      0.282483332704; 0;2;4;7;8;9;10
      0.282459201262; 2;3;5;6;8;9
      0.282454245006; 2;3;5;6;10
      0.282394246848; 0;2;5;7;9;10
      0.282378155007; 1;6;7;8;9;10
      0.282364333217; 0;2;6;7;8
      0.282336038225; 0;2;6;7;9;10
      0.282302176030; 0;1;5;6;8;10
      0.282299438038; 2;3;4;5;6;10
      0.282246341514; 0;1;2;10
      0.282221631929; 0;3;5;7;10
      0.282201269215; 0;1;6;7;8;9
      0.282197255564; 1;3;6;7;9;10
      0.282104042679; 0;2;3;5;8
      0.282025956409; 1;3;4;6;7;8;9
      0.281993422236; 0;1;2;3;6;8
      0.281901771355; 0;3;4;5;6
      0.281898769284; 0;1;3;5;6;8
      0.281778140331; 0;2;3;4;5
      0.281770025840; 5;6
      0.281728328175; 0;3;5;6;9
      0.281706082018; 2;4;5;6;7;9
      0.281615963369; 4;5;6;8;9;10
      0.281596835335; 2;5;9
      0.281562357539; 0;2;8
      0.281486416115; 1;2;4;5;7;9
      0.281350157364; 0;1;2;3;4;9;10
      0.281331471841; 0;2;3;5;9
      0.281330749354; 0;6
      0.281328925596; 1;5;6
      0.281321261077; 0;1;3;4;8;9;10
      0.281274221344; 0;2;4;6;7;8;10
      0.281140980020; 0;1;2;6;7;9
      0.281120494417; 2;5;6;8;10
      0.281049187076; 2;4;5;6;8
      0.280923461665; 0;1;2;6;9
      0.280878584347; 1;2;3;4;5;6;8
      0.280872662221; 0;4;5;6;7
      0.280861558719; 4;5;6;7;8;10
      0.280680009169; 0;2;6;8;9;10
      0.280638552072; 1;3;4;6;7;8;9;10
      0.280578572268; 2;4;5;6
      0.280565641723; 0;1;4;5;6;9
      0.280433543201; 1;2;6
      0.280381954196; 2;5;6;7;9
      0.280217496978; 0;2;5;8;10
      0.280193874601; 1;2;4;5;6
      0.280183183151; 1;2;3;4;8;9;10
      0.280114280431; 0;1;3;4;5;7;9
      0.280081623927; 1;2;6;7;9;10
      0.280025839793; 3;6
      0.280022593320; 0;2;6;9;10
      0.280005933343; 0;1;2;7
      0.279909623322; 1;2;4
      0.279839953588; 0;3;4;6;7;8;9
      0.279836040066; 0;1;2;4;7;8;9
      0.279807867843; 0;1;2;8
      0.279801696610; 0;1;5;7;8;9
      0.279710827286; 1;5;10
      0.279664082687; 0;2
      0.279656961915; 0;2;4;5;7;8
      0.279580657714; 0;1;2;5
      0.279562832062; 1;2;3;4;6;7;10
      0.279559003829; 0;1;4;5;7;8
      0.279484552782; 2;3;5;6;8
      0.279440760144; 0;1;2;3;4;5
      0.279414097688; 0;1;3;4;6;8;9;10
      0.279407458074; 0;2;3;4;7;8;10
      0.279369517756; 1;2;6;9
      0.279270161998; 1;3;5;7;9;10
      0.279259243891; 0;2;6;8
      0.279255853192; 0;2;4;5;8;10
      0.279214069459; 0;2;4;5;7;10
      0.279152738753; 2;4;5;6;9
      0.279134893530; 1;2;4;5;7
      0.279080854029; 1;3;4;5;7;8;9
      0.279069962983; 1;2;4;5;6;10
      0.279051098051; 0;1;4;5;8;10
      0.279010190462; 3;4;5;6;7;10
      0.278961540098; 0;2;3;7;8;10
      0.278923621860; 1;2;4;6;7;8;9;10
      0.278880914885; 0;1;5;7;9;10
      0.278795606203; 2;3;5
      0.278771989638; 1;2;4;5;9
      0.278770222349; 0;2;3;4;5;8
      0.278722636433; 1;3;5;7;8;9
      0.278720406947; 0;2;3;5;8;10
      0.278672789097; 1;4;6
      0.278638707546; 0;1;4;5;6;8
      0.278600310859; 1;2;4;6;7;9;10
      0.278554754229; 0;1;2;3;4;6;10
      0.278542916067; 0;3;5;6;9;10
      0.278449324607; 0;1;2;3;8;10
      0.278437162771; 0;3;5;6;8;9
      0.278388258326; 0;1;5;6;7;10
      0.278385626674; 2;3;4;5;6;7
      0.278315287986; 1;3;5;6;7;8
      0.278168531836; 1;2;3;6;7;9;10
      0.278138316589; 0;1;5;8;9;10
      0.278132126408; 0;1;2;3;4;6;9;10
      0.278055144390; 0;1;2;5;7;8
      0.278050531012; 0;2;3;6;8;10
      0.277952226069; 0;4;5;6
      0.277908456899; 0;2;3;6;7;10
      0.277895229391; 2;4;5;6;9;10
      0.277862833174; 0;2;5;8;9
      0.277853038567; 0;2;4;6;7
      0.277815409397; 1;5;9
      0.277612492896; 0;2;3;4;6;8;9
      0.277521592642; 0;1;3;7;8;9;10
      0.277510360441; 0;1;5;9
      0.277472900872; 0;3;5;6;7;8
      0.277464308947; 1;6;9
      0.277399984098; 0;1;2;3;4;6;8
      0.277332830872; 1;2;4;5;8;10
      0.277329256283; 0;2;3;6
      0.277320775800; 0;1;2;4
      0.277260151617; 2;5;6;7;9;10
      0.277193154161; 2;6;7;8;9;10
      0.277090682472; 0;1;2;3;4;7;10
      0.277082475493; 1;4;5;8
      0.277067039512; 0;5;6;8
      0.277027741645; 5;6;7;8;9;10
      0.277014996654; 1;3;5;6;7;10
      0.276880094139; 0;3;4;6;7;8;9;10
      0.276842625721; 1;5;8
      0.276803372454; 2;5;6;8;9;10
      0.276765780086; 2;4;5;6;7
      0.276700901324; 0;1;2;3;4;6;8;9
      0.276616586370; 2;3;4;5;6;7;8
      0.276583336471; 0;1;4;7;8;9;10
      0.276422681324; 1;2;6;8
      0.276408106071; 0;1;3;4;6;7;10
      0.276370821362; 0;2;4;5;7
      0.276332427118; 1;2;4;6;7;8;9
      0.276227390181; 6;9
      0.276146603538; 2;3;4;5;7;8;10
      0.276060307084; 0;1;3;4;6;8;10
      0.275990638869; 1;3;4;5;7;9;10
      0.275979176508; 0;1;2;4;5;9
      0.275951679184; 1;2;4;6;7;8;10
      0.275896743271; 0;1;4;6;7;8;9;10
      0.275882114557; 0;1;4;5;7;9;10
      0.275810502249; 0;3;4;5;6;7;8
      0.275806724563; 0;4;5;7;8;9;10
      0.275788284530; 0;1;2;3;7;10
      0.275772293921; 0;1;2;4;5;10
      0.275745832986; 0;2;6;8;9
      0.275660256031; 0;1;2;6;7
      0.275656755734; 0;2;3;5;7;9
      0.275623507680; 0;1;3;5;7;9
      0.275568474608; 0;2;3;5;8;9
      0.275560153898; 0;2;3;5;10
      0.275377441225; 0;1;3;5;8;9
      0.275293006877; 1;2;4;5;7;8;9
      0.275216754189; 0;1;2;3;9;10
      0.275136692881; 0;1;2;6;7;8
      0.275068230994; 1;2;4;5;6;7;8
      0.275064950995; 1;2;4;5;6;7;9
      0.275064635905; 1;2;5;7;8;10
      0.275048685621; 0;2;6;7
      0.274939374568; 2;3;4;6;7;8
      0.274930918839; 3;4;5;6;8;9;10
      0.274923182115; 1;2;5
      0.274823902841; 0;1;2;4;5
      0.274786973205; 0;5;6;7;9;10
      0.274669499712; 1;2;6;7;8;9;10
      0.274626320425; 0;1;2;3;7;9
      0.274624743666; 2;5;6;7;8;10
      0.274599483204; 5;10
      0.274475583252; 0;4;5;8;9;10
      0.274320366972; 1;2;9
      0.274290642079; 1;2;5;7;8;9
      0.274281618936; 0;2;5;7;9
      0.274254688616; 0;1;4;5;6;10
      0.274247617018; 0;3;5;7;9;10
      0.274178432917; 0;2;5;7;10
      0.274144663213; 1;2;3;6;7;8
      0.274132900378; 0;1;2;4;6;8;10
      0.274049916097; 0;1;5;6;9;10
      0.274039883558; 0;2;5;6;8;10
      0.274037862198; 0;2;3;5;6;9
      0.274034878830; 0;5;6;7;8
      0.273947123365; 2;3;5;6;7;10
      0.273913961486; 0;2;3;4;8;9;10
      0.273894329254; 1;2;3;6;8;9;10
      0.273814990416; 0;1;4;5;9;10
      0.273710557853; 0;5;6;7
      0.273610474213; 1;2;3;4;5;7;8
      0.273554887619; 0;1;2;5;10
      0.273478663870; 1;3;5;8;9;10
      0.273462532300; 1;10
      0.273461665319; 0;2;3;8;9;10
      0.273328891184; 1;2;3;5;9;10
      0.273289060100; 0;2;4;5;8
      0.273279266314; 0;2;4;5;6;9
      0.273260684867; 0;2;4;6;7;8;9
      0.273182050032; 0;1;3;4;5;7;8
      0.273124653835; 0;1;2;6;8;9
      0.273088747815; 1;2;6;10
      0.272955308832; 0;3;4;6;7;9;10
      0.272937555661; 1;2;3;6
      0.272910419839; 0;1;2;8;9
      0.272873460519; 0;5;7
      0.272849679731; 0;1;2;3;4;8;9
      0.272837566222; 0;2;3;5;7;10
      0.272788611359; 0;2;3;6;7;8
      0.272760941223; 0;1;3;4;5;6;8;9
      0.272756813670; 0;1;2;3;6;7;10
      0.272718950300; 0;2;5
      0.272715926759; 1;2;3;4;5;7;10
      0.272678147111; 1;2;4;5;6;8
      0.272637801475; 0;1;5;6;10
      0.272578851286; 0;2;3;4;5;6
      0.272577143641; 1;3;4;5;8;9;10
      0.272536088944; 0;1;5;6;7;8
      0.272533299388; 5;6;7
      0.272533207874; 1;2;3;6;9;10
      0.272517467351; 0;1;2;4;6;7;10
      0.272469800055; 0;1;2;5;8;10
      0.272433796688; 0;1;3;4;6;7;8;9
      0.272381615800; 1;2;4;5;8
      0.272378569370; 0;1;2;3;4;5;7
      0.272374048429; 0;2;3;4;5;10
      0.272331955830; 1;2;4;7;8;9;10
      0.272330305031; 0;1;4;5;6;7
      0.272160925669; 2;5;6;7;8;9
      0.272090594122; 1;2;3;5;6;10
      0.272071590598; 2;3;5;7;8;9;10
      0.272038878491; 0;1;3;5;6;9
      0.272024540059; 0;2;5;6;8
      0.272007191779; 1;2;3;6;7;8;10
      0.271990681153; 0;3;5;6;8;10
      0.271793148668; 1;2;3;4;7;8;9;10
      0.271709985748; 1;2;3;5;6;8;10
      0.271702615860; 3;5;6
      0.271596452484; 0;2;3;4;5;9;10
      0.271468463061; 0;1;4;5
      0.271386548416; 0;2;3;6;8;9
      0.271382428941; 1;6
      0.271310608074; 0;2;3;4;7;9;10
      0.271304010791; 0;1;2;3;5;9
      0.271216827746; 0;1;3
      0.271178587079; 0;5;6;7;8;10
      0.271074204865; 0;1;5;8
      0.271047881724; 2;4;5;6;7;9;10
      0.271043658574; 0;1;2;3;8;9
      0.270841619879; 0;1;3;4;5;6;7;8
      0.270812733614; 1;2;3;4;5;8;10
      0.270805922759; 0;2;6
      0.270639278053; 3;4;5;6;8;9
      0.270603614738; 0;1;2;3;5;8
      0.270470124191; 0;1;2;9
      0.270463558405; 1;2;6;7
      0.270421691471; 0;1;2;3;4;6;7
      0.270370109429; 0;1;2;3;4;6;7;9;10
      0.270280760847; 0;2;3;4;6;10
      0.270156858000; 0;1;9
      0.270126636929; 0;5;6;9
      0.270090439276; 1;4
      0.270015487932; 0;2;3;4;5;7;9
      0.269990730961; 2;4;5;6;7;8;10
      0.269988260968; 0;1;4;5;6;7;10
      0.269933101915; 0;2;4;5;9
      0.269917668585; 0;1;3;4;7;8;9;10
      0.269873887740; 1;2;10
      0.269819121447; 1;3
      0.269803292780; 1;2;3;4;5;7;9
      0.269651839840; 0;1;3;6;7;8;10
      0.269582764429; 2;3;5;6;8;10
      0.269577579204; 0;1;2;4;6;7;9;10
      0.269533844964; 1;4;5;7;8;9;10
      0.269445393488; 0;2;5;7;8
      0.269394063301; 0;1;7
      0.269373877415; 0;1;2;5;7
      0.269366925065; 6;7
      0.269338695000; 0;3;4;5;6;8;9
      0.269330921926; 1;2;4;5;6;9;10
      0.269320109592; 0;2;3;4;6;7;9
      0.269318118574; 5;6;9
      0.269302325581; 6;10
      0.269222380500; 0;1;2;3;4;6;7;9
      0.269210644298; 0;1;2;3;4;7;9
      0.269059486321; 1;2;3;4;6;8;9
      0.269003287673; 0;5;6;7;8;9
      0.268972371459; 0;1;2;4;6;7;8;10
      0.268935770886; 0;2;4;5;6;8;9
      0.268916476289; 0;4;5
      0.268893657168; 0;2;6;7;8;10
      0.268877217098; 1;5;6;7
      0.268841173812; 0;1;2;4;6;7;9
      0.268808476772; 1;2;3;4;5;6;7;10
      0.268751972188; 0;5;9
      0.268739756368; 0;1;10
      0.268732884041; 0;1;5;6;7
      0.268728275756; 1;3;5;7;8;9;10
      0.268718644707; 0;1;3;6;7;8;9
      0.268699398789; 2;3;6;7;8;9;10
      0.268669250646; 1;8
      0.268644757052; 0;1;2;5;9
      0.268626866673; 0;5;10
      0.268557647779; 1;3;5
      0.268503897145; 4;5;6;7;8;9;10
      0.268503651065; 0;2;6;10
      0.268466288234; 1;2;5;6;8
      0.268453985557; 0;1;3;4;5;6
      0.268437670357; 1;2;3;4;6;7;9;10
      0.268331170316; 0;1;2;4;6;7;8;9
      0.268321057495; 1;2;3
      0.268318998831; 0;2;7
      0.268312657289; 0;1;3;5;9;10
      0.268274099997; 1;2;3;5;8;9
      0.268253789158; 1;2;4;5;7;8;10
      0.268196932012; 0;1;4;5;6;8;9
      0.268193410491; 0;1;3;4;6;7;8;9;10
      0.268168475035; 0;2;5;6;8;9
      0.268112650270; 0;1;2;5;6;8
      0.268074964974; 0;1;2;3;4;8;10
      0.268033236608; 1;2;5;8;9;10
      0.268031489093; 0;1;2;3;5;6;10
      0.268012151430; 2;3;5;6;7;9
      0.267958656331; 1;5
      0.267869935605; 0;1;4;5;6;7;9;10
      0.267833401799; 0;3;4;5;7;8;9;10
      0.267819672029; 1;5;6;7;8;9
      0.267793807295; 1;2;4;5;8;9;10
      0.267789837178; 1;2;3;5;6;8;9
      0.267611640943; 2;5;10
      0.267574771622; 1;2;3;4;6;7;8;9
      0.267508286369; 0;1;2;4;5;8;9
      0.267507166606; 0;2;4;5;6;10
      0.267499060376; 0;1;4;5;6;9;10
      0.267421947360; 0;1;3;6;7;9;10
      0.267416020672; 6;8
      0.267200485149; 1;3;4;5;7;8;10
      0.267155834123; 3;4;5;6;7;8;10
      0.267120617109; 1;2;4;5;6;7
      0.267080103359; 4;6
      0.267041343669; 0;4
      0.267015858660; 1;4;5;6;7;9;10
      0.266993474048; 0;1;2;4;7;8;10
      0.266899105587; 0;1;2;4;5;6;7;10
      0.266856750861; 0;1;2;3;5;10
      0.266758905797; 1;2;3;4;6;7;8;10
      0.266686199099; 1;2;5;6;8;10
      0.266675008281; 0;2;3;5;6;10
      0.266663598836; 0;2;5;6;7;8
      0.266599245544; 0;1;2;6;7;8;10
      0.266552183026; 0;3;4;5;7;8;10
      0.266523383185; 0;1;3;4;7;9;10
      0.266470797402; 1;2;5;6;7;10
      0.266464418706; 1;3;4;5;6;7;8
      0.266427140525; 1;2;4;5;6;7;10
      0.266413061740; 0;1;2;4;6;8;9;10
      0.266410888210; 0;1;3;5;7;10
      0.266402515004; 1;2;3;4;6;8;9;10
      0.266329169620; 0;2;3;5;9;10
      0.266289805156; 0;1;2;4;5;7
      0.266228757111; 0;1;5;7;8;10
      0.266214520963; 0;5;6;10
      0.266171597964; 2;3;4;5;7;9;10
      0.266147380208; 0;1;4;5;6;7;9
      0.266057150908; 2;3;5;8;9;10
      0.266055899860; 1;2;3;4;5;6;7;8
      0.266046433159; 1;5;6;7;9;10
      0.266017933637; 0;1;4;5;7;8;10
      0.265940771396; 0;1;2;3;4;7;9;10
      0.265928620152; 1;2;5;6;10
      0.265772196477; 1;2;3;4;6;7;9
      0.265772168268; 0;1;2;7;8;10
      0.265751969870; 1;3;4;5;6;8;10
      0.265684141309; 1;3;4;5;6;7;8;10
      0.265668438151; 0;1;2;5;6;9
      0.265601758752; 0;2;5;8;9;10
      0.265522092975; 3;4;5;6;7;8
      0.265470672738; 0;1;2;4;5;6
      0.265425621441; 0;2;3;4;5;7;8
      0.265405238892; 0;1;3;4;7;8;9
      0.265370994476; 1;3;5;6;7;9
      0.265344637404; 0;1;2;4;6;8;9
      0.265340540520; 0;2;4;5;6;8
      0.265317875998; 0;1;3;4;5;6;7
      0.265241530762; 0;1;2;3;4;6;8;10
      0.265189685637; 0;3;5
      0.265185989945; 2;3;4;6;7;8;10
      0.265130160727; 3;4;5;6;7;8;9
      0.265043763439; 0;2;3;4;7;8;9;10
      0.264994320519; 1;3;5;6;8;10
      0.264975363919; 0;1;2;3;4;5;6;7
      0.264936355180; 2;4;6;7;8;9;10
      0.264860334107; 0;3;4;5;8;9;10
      0.264786642428; 0;1;2;5;8;9
      0.264715005568; 1;2;3;4;5;6;10
      0.264692471308; 0;4;5;6;7;9;10
      0.264652205233; 0;1;2;3;6;9;10
      0.264636257171; 1;2;3;4;5;7;8;10
      0.264619773561; 0;2;3;5;6
      0.264617941731; 1;5;7;8;9;10
      0.264617401610; 1;2;3;4;6;9;10
      0.264508170318; 2;3;5;6;7;9;10
      0.264470483922; 0;3;4;5;6;7;9
      0.264448647938; 0;1;4;5;6;8;10
      0.264289466993; 0;1;2;4;5;8
      0.264224462230; 1;2;8
      0.264173953308; 1;4;5;6
      0.264166774672; 0;1;2;3;4;6;7;8;9
      0.264166141773; 0;2;4;5;6;7;8
      0.263995780696; 1;3;4;5;6;9;10
      0.263955336694; 1;3;6;7;8;9;10
      0.263946673804; 0;1;5;6;9
      0.263868871050; 0;4;5;6;7;8;9
      0.263772210971; 0;3;6;7;8;9;10
      0.263647729577; 0;1;2;4;5;6;8;10
      0.263632490584; 0;2;4;5;9;10
      0.263605375245; 0;2;5;6
      0.263486921611; 0;3;4;5;6;10
      0.263455246304; 0;1;5;6
      0.263246337598; 0;1;3;4;5;8;9
      0.263219480491; 1;2;3;4;5;6;9
      0.263158412222; 0;1;2;4;5;6;9
      0.263139534884; 5;9
      0.263120066648; 2;5;6;8;9
      0.263110412801; 1;2;3;4;5;6;7
      0.262988124481; 2;3;4;5;7;8;9;10
      0.262934286258; 0;2;3;4;5;6;8;9
      0.262919830846; 1;2;3;7;8;9;10
      0.262903582206; 1;2;4;5
      0.262843740381; 0;1;5;6;8;9
      0.262805592340; 1;5;7
      0.262802094810; 0;2;3;5;6;7;10
      0.262776972382; 0;1;4;5;6;7;8;10
      0.262769378771; 0;1;3;4;5;8;10
      0.262720633354; 2;4;5;7;8;9;10
      0.262700031466; 0;1;3;4;5;6;10
      0.262656709256; 0;1;3;4;5;7;8;10
      0.262604545736; 1;3;4;5;6;7;8;9
      0.262601312312; 2;4;5;6;7;8;9
      0.262599849381; 0;2;3;4;6;7;8;9
      0.262545042167; 0;1;2;3;5;6
      0.262536485257; 1;2;4;5;7;9;10
      0.262513369050; 0;2;3;5;7;8;9
      0.262480751913; 1;2;3;5;6;8
      0.262480620155; 3;5
      0.262464227036; 2;3;4;6;7;9;10
      0.262461106520; 0;1;2;8;9;10
      0.262379904173; 0;2;5;6;9;10
      0.262376031000; 1;3;5;7;8;10
      0.262338550119; 0;2;3;5;6;8
      0.262289495144; 2;3;4;5;7;8;9
      0.262187848327; 0;1;2;3;5
      0.262170180224; 0;1;2;3;5;7
      0.262146054498; 1;2;3;5;8;10
      0.262015573636; 0;4;5;6;8;9;10
      0.261935182851; 3;4;5;6;7;8;9;10
      0.261893807164; 1;2;3;5;7;8;10
      0.261860285469; 1;2;3;4;6;7;8;9;10
      0.261830820342; 0;1;2;5;8
      0.261814738193; 0;1;2;3;4;7;8;10
      0.261783235874; 1;2;3;4;5;6;9;10
      0.261714040834; 1;2;3;5;7;8
      0.261696388960; 1;3;5;6;8;9
      0.261642959032; 0;1;2;5;6;9;10
      0.261622720020; 0;2;3;4;6;7;8;10
      0.261413012640; 0;1;2;3;4;6;7;10
      0.261365005150; 5;6;8
      0.261338100189; 0;1;6;7;8;9;10
      0.261309406938; 0;2;3;4;5;6;10
      0.261288180784; 1;2;4;5;6;7;8;10
      0.261235488097; 0;3;4;5;6;8;9;10
      0.261155444685; 0;1;5;10
      0.261056440520; 1;2;3;5;6
      0.261014304667; 0;1;4;5;6;7;8;9
      0.260989311615; 0;1;3;4;5;9;10
      0.260892371213; 0;2;3;4;5;6;8;9;10
      0.260890376685; 0;1;2;5;7;9
      0.260649156208; 0;3;4;5;6;7;8;9;10
      0.260608030757; 0;1;2;3;4;8;9;10
      0.260553633633; 0;1;2;6;7;9;10
      0.260428940548; 0;1;2;3;6;8;9
      0.260426235854; 2;3;4;5;6;7;9
      0.260316562834; 0;1;3;4;5;7;10
      0.260197101843; 1;2;3;6;7;8;9
      0.260076175933; 2;4;5;6;7;8
      0.259995958015; 0;2;5;6;8;9;10
      0.259974414704; 0;2;3;4;6;7;10
      0.259921393292; 0;1;2;6;7;8;9
      0.259823646638; 0;1;2;3
      0.259782664463; 0;2;4;5;7;8;9
      0.259781119141; 0;2;4;6;8;9;10
      0.259779610352; 1;2;3;4;5;7;8;9;10
      0.259738406919; 0;1;4;5;7;8;9;10
      0.259680735887; 2;3;4;6;7;8;9
      0.259609170375; 0;2;3;4;6;9;10
      0.259524512800; 2;4;5;6;7;8;9;10
      0.259492637023; 1;2;3;4;5;6;7;8;9
      0.259475374108; 2;3;4;5;6;7;9;10
      0.259284253214; 1;5;6;9
      0.259244702293; 0;2;3;4;5;6;9
      0.259239769248; 0;1;2;3;4;5;6;8;9
      0.259178163957; 0;2;4;5;6;7;9
      0.259125631741; 1;2;3;5;6;7;8
      0.259070024957; 0;2;3;4;6;8;10
      0.259048101657; 1;2;3;4;6;8;10
      0.259010774024; 2;3;4;6;7;8;9;10
      0.258909416203; 0;2;4;5;6;7
      0.258893407588; 0;1;3;5;6;7
      0.258884169969; 1;2;3;4;5;9;10
      0.258809527765; 0;2;4;5;8;9;10
      0.258725602645; 0;1;2;3;4;6;7;8
      0.258706327264; 0;1;4
      0.258590641916; 0;2;5;6;7
      0.258580497052; 1;2;3;4;5;8;9
      0.258557163001; 0;3;4;5;7;9;10
      0.258540051680; 5;8
      0.258481848356; 0;1;3;5;6;8;9
      0.258475955284; 0;1;2;3;4;6;7;8;10
      0.258472246235; 0;2;3;7;8;9;10
      0.258411121247; 0;2;5;6;7;9
      0.258397932817; 2;6
      0.258388834591; 3;4;5;6;7;9;10
      0.258387329725; 1;2;7
      0.258161311123; 0;3;5;6;7;9
      0.258025842011; 1;2;3;4;5;6;7;8;10
      0.257961010661; 1;4;5;6;7;8;9;10
      0.257954819221; 0;2;3;5;7;9;10
      0.257864087445; 0;1;3;5;7;8
      0.257820064180; 1;3;4;5;6;8;9
      0.257790875943; 0;2;5;9
      0.257755821633; 2;3;5;6;7;8
      0.257690893844; 0;1;2;3;5;7;8
      0.257679046012; 1;4;5;6;8;9;10
      0.257666178460; 0;1;2;5;6
      0.257631927477; 1;2;3;4;5;6;8;9
      0.257586241956; 0;3;4;5;6;8;10
      0.257572297852; 1;2;3;5;7;9;10
      0.257570717395; 1;5;6;7;8;10
      0.257543731613; 1;3;4;5;6;7;9;10
      0.257502150210; 0;1;2;5;6;8;10
      0.257426003583; 2;5;6;8
      0.257405241418; 1;2;4;5;6;8;9
      0.257390180879; 1;9
      0.257355008392; 2;3;4;5;6;8;9
      0.257243874988; 0;1;5
      0.257137139406; 1;2;4;5;6;7;8;9
      0.257111370747; 0;1;2;3;4;6;8;9;10
      0.257085947870; 1;3;4;5;7;8;9;10
      0.257031662285; 1;2;3;5;8;9;10
      0.256864077137; 0;2;5;6;10
      0.256860150865; 1;2;5;6;7;8;10
      0.256846053060; 0;1;2;5;6;8;9
      0.256792443951; 0;1;2;4;5;7;9
      0.256739858934; 0;2;3;5;7;8
      0.256731046889; 0;1;3;4;5;6;7;10
      0.256666666667; 5;7
      0.256664682251; 0;2;3;4;5;6;7;9
      0.256656703470; 0;3;4;5;6;7;8;9
      0.256620997749; 3;5;6;7;8;9;10
      0.256613409895; 2;3;4;5;6;8;9;10
      0.256589147287; 0;5
      0.256542794346; 1;2;3;5;6;7;10
      0.256489365892; 0;2;5;7;8;9
      0.256454427854; 1;2;4;5;6;7;9;10
      0.256362945194; 1;2;5;6;7
      0.256343669251; 1;7
      0.256341685661; 0;1;2;3;4;5;9
      0.256222141554; 1;2;5;7
      0.256203202385; 1;4;5;6;7;8;9
      0.256191664226; 0;2;3;6;7;9;10
      0.256149870801; 4;5
      0.256042415682; 0;1;4;5;6;8;9;10
      0.255986635065; 0;2;5;6;7;10
      0.255900883008; 1;3;4;5;6;7;10
      0.255899659466; 1;2;5;6;8;9;10
      0.255892277546; 0;1;3;4;5;6;8;10
      0.255889083452; 0;1;2;3;6;8;10
      0.255836628231; 0;1;2;4;5;6;7;9
      0.255735214510; 0;2;3;6;8;9;10
      0.255631050267; 0;1;2;4;5;6;7;8;9
      0.255622696454; 0;2;4;6;7;8;9;10
      0.255620801328; 0;2;4;5;6;7;10
      0.255610823931; 2;5;6;7
      0.255485361538; 2;5;6;9
      0.255466867850; 0;2;3;4;5;8;9
      0.255460786256; 0;1;2;5;9;10
      0.255391898666; 1;2;5;6;9
      0.255295092338; 0;1;2;4;5;6;9;10
      0.255264912413; 0;2;3;5
      0.255236377062; 2;3;4;5;6;9;10
      0.255114786073; 0;1;2;4;5;6;8;9
      0.255098140371; 1;2;4;5;6;7;8;9;10
      0.255065839696; 0;1;3;4;5;6;9;10
      0.255026529241; 0;2;4;6;7;9;10
      0.254986493158; 0;2;5;7;8;9;10
      0.254870152483; 1;2;5;6;7;9;10
      0.254823943894; 0;1;3;4;5;8;9;10
      0.254803377235; 0;2;5;7
      0.254740216998; 0;1;2;6;7;8;9;10
      0.254727746689; 0;1;2;3;4;7;8;9;10
      0.254643965520; 0;2;3;4;5;6;8
      0.254625321758; 0;1;2;4;7;9;10
      0.254586846314; 0;2;4;5;6;8;9;10
      0.254533149925; 0;1;3;6;8;9;10
      0.254515895295; 0;2;4;5;7;9;10
      0.254363418485; 1;2;4;5;6;8;9;10
      0.254322338263; 1;2;3;5;7;8;9
      0.254295765128; 1;2;3;4;5;6;7;9
      0.254282529175; 0;1;2;4;5;6;7;8;10
      0.254255532904; 0;2;5;6;9
      0.254202817559; 1;2;3;5;7;10
      0.254121053999; 0;1;5;6;7;8;10
      0.254113051345; 0;1;3;5;8;10
      0.254109428963; 0;1;2;5;7;10
      0.254004517345; 0;1;2;3;6;7;8
      0.253987734512; 0;2;3;4;6;8;9;10
      0.253917974689; 0;1;2;3;8;9;10
      0.253842804775; 0;1;2;4;5;6;7;9;10
      0.253808019500; 0;1;2;4;5;6;10
      0.253804560614; 0;1;3;5;8;9;10
      0.253576187349; 2;3;4;5;6;8;10
      0.253478538375; 1;2;3;5;6;7
      0.253433322808; 0;2;4;5;6;7;8;9
      0.253371062459; 0;3;4;5;6;7;10
      0.253174548320; 1;2;3;5
      0.253161626259; 0;1;3;4;5;6;7;9;10
      0.253016748194; 2;5;6;7;8;9;10
      0.252942729591; 0;1;2;3;4;7;8;9
      0.252771620536; 0;1;3;5;6
      0.252762038170; 1;2;3;6;7;8;9;10
      0.252700935750; 0;1;2;4;5;6;7;8
      0.252665264528; 0;1;2;4;7;8;9;10
      0.252646628141; 0;2;3;4;5;7;8;10
      0.252625254685; 0;1;2;3;4;5;10
      0.252585704470; 1;3;4;5;6;7;8;9;10
      0.252501937339; 1;5;6;8
      0.252487735812; 0;2;3;4;5;6;7;10
      0.252442314753; 0;1;2;3;5;6;7
      0.252429814185; 1;2;3;4;5;8;9;10
      0.252287240101; 0;1;3;5;6;10
      0.252168448802; 0;1;2;3;7;8;10
      0.252060228531; 1;5;6;10
      0.252047680897; 0;2;3;5;6;7
      0.251992520885; 0;2;3;4;5;6;8;10
      0.251967118117; 0;1;2;3;6;7;9
      0.251868984280; 0;1;4;5;7;8;9
      0.251764357735; 1;2;5;8
      0.251719434807; 0;1;3;5;7;8;10
      0.251715542532; 0;1;2;5;6;7
      0.251675149337; 0;1;3;5;6;8;10
      0.251664732554; 1;2;5;9
      0.251563552357; 2;3;4;5;6;7;8;9
      0.251393276331; 0;3;5;7;8;9;10
      0.251367489548; 0;2;4;5;6;9;10
      0.251356989856; 1;2;3;4;5;7;9;10
      0.251316165802; 0;2;3;4;5;8;9;10
      0.251308349133; 0;2;4;5;6;7;8;10
      0.251212918922; 0;1;2;3;6;7;8;9
      0.251147028217; 0;1;2;3;4;5;7;9
      0.251016665505; 1;2;5;10
      0.250958930772; 0;1;2;3;4;6;7;8;9;10
      0.250954710228; 1;2;3;5;6;7;9;10
      0.250850902603; 0;2;4;5;6;7;8;9;10
      0.250789362368; 0;1;2;3;5;9;10
      0.250780003847; 0;1;2;3;5;8;9
      0.250595680087; 0;1;3;4;5;6;7;9
      0.250420559965; 0;1;2;4;5;6;8
      0.250396318108; 0;2;3;4;5;6;7;9;10
      0.250312523711; 0;1;2;7;8;9
      0.250202401138; 1;2;3;4;5;6;7;9;10
      0.250170747205; 0;1;3;4;5;7;9;10
      0.250144389369; 0;1;3;4;5;6;8
      0.249981854989; 0;3;4;5;6;7;9;10
      0.249924247476; 0;2;3;4;5;7;10
      0.249901638373; 0;1;3;5;6;7;8
      0.249899351037; 0;1;3;5;6;7;9
      0.249863725746; 0;1;3;5;7;9;10
      0.249645775674; 1;2;3;4;5;7;8;9
      0.249582131190; 1;2;3;5;6;8;9;10
      0.249565000250; 0;1;2;4;8;9;10
      0.249374930788; 1;2;5;6;7;8;9
      0.249305670167; 0;2;4;5;6;7;9;10
      0.249262712417; 2;3;5;6
      0.249251803138; 0;2;3;4;5;6;7;8;10
      0.249097784665; 2;4;5;6;8;9;10
      0.249064620962; 0;2;3;4;6;7;8;9;10
      0.248971421989; 1;4;5
      0.248928270035; 0;3;5;6;8;9;10
      0.248924481253; 0;1;2;3;5;6;8
      0.248912101142; 2;5;6;10
      0.248892981134; 0;2;5;6;7;9;10
      0.248859926413; 2;3;5;6;7;8;10
      0.248753710570; 0;1;2;3;4;5;6
      0.248686003303; 0;2;4;5;7;8;10
      0.248643552173; 0;2;3;4;5;8;10
      0.248613809564; 0;1;2;4;5;7;8
      0.248486315955; 0;1;2;3;4;5;6;10
      0.248477335265; 0;2;3;6;7;8;9;10
      0.248423114446; 0;2;3;5;7;8;10
      0.248316764223; 1;2;3;5;6;7;8;9
      0.248298933585; 0;2;3;5;6;7;9
      0.248252984565; 0;2;3;6;7;8;10
      0.248216024372; 0;1;3;5;6;7;10
      0.248197083306; 0;1;2;5;6;7;8
      0.248035829056; 0;1;3;4;5;7;8;9
      0.248006890582; 0;1;3;4;5;6;7;8;9
      0.247968840498; 0;1;2;3;4;5;8;10
      0.247916074281; 0;1;2;4;5;9;10
      0.247914931140; 0;1;2;4;5;7;9;10
      0.247768451927; 0;2;3;4;5;6;7;8;9
      0.247750595012; 5;6;10
      0.247720764611; 0;1;2;3;4;5;6;9;10
      0.247699156283; 0;2;3;4;5;6;7
      0.247660793986; 1;3;5;6
      0.247530857375; 0;1;2;4;5;7;10
      0.247345763410; 0;2;5;10
      0.247122461652; 0;2;3;5;6;7;8
      0.247078785819; 0;1;2;3;6;7;8;10
      0.247037181718; 2;3;5;6;8;9;10
      0.246994863341; 0;1;2;3;4;5;6;7;8
      0.246941596227; 0;1;5;7;8;9;10
      0.246894811527; 0;1;2;3;5;6;9
      0.246894404129; 0;1;4;5;6;7;8;9;10
      0.246777412374; 0;1;2;3;5;6;7;8
      0.246690519106; 0;1;2;4;5;6;7
      0.246581502005; 0;2;3;4;6;7;9;10
      0.246522653658; 0;1;2;3;7;9;10
      0.246471708004; 0;1;2;3;6;8;9;10
      0.246384968391; 0;1;5;7
      0.246380351366; 0;1;2;3;4;5;6;9
      0.246312826526; 0;3;5;6;7;9;10
      0.246267203033; 0;1;2;3;4;5;9;10
      0.246236914215; 0;2;4;5;7;8;9;10
      0.246201458539; 1;2;3;4;5;6;8;10
      0.246114492766; 0;2;5;6;7;8;9
      0.246088175922; 0;1;2;3;4;5;8
      0.246064810835; 0;1;2;3;4;5;6;8
      0.246003024863; 1;2;4;5;7;8;9;10
      0.245974318048; 0;1;4;5;8;9;10
      0.245657554391; 0;1;2;3;4;5;6;8;10
      0.245637667637; 1;2;3;5;6;7;9
      0.245551415552; 0;1;2;3;4;5;8;9
      0.245529813246; 0;1;2;3;4;5;8;9;10
      0.245509464487; 0;2;5;8
      0.245507693689; 0;1;2;5;6;7;10
      0.245298623179; 0;1;2;3;5;6;9;10
      0.244728682171; 1;2
      0.244721041555; 0;1;5;6;8
      0.244701439781; 0;2;3;5;6;8;9
      0.244437920477; 0;2;3;6;7;8;9
      0.244256819208; 0;1;3;4;5;6;9
      0.244185713511; 1;2;5;6
      0.244074087082; 0;1;2;7;8;9;10
      0.244044578894; 0;1;2;5;7;9;10
      0.244000491404; 0;1;2;5;6;7;9
      0.243987999671; 0;2;5;6;7;8;10
      0.243986827050; 0;1;2;3;4;5;6;7;10
      0.243890082735; 0;2;3;5;6;7;8;9
      0.243793214717; 2;3;5;6;7;8;9;10
      0.243464831181; 1;3;5;6;8;9;10
      0.243440310451; 1;3;5;6;7;8;9
      0.243430790584; 0;1;3;4;5;6;8;9;10
      0.243354748444; 0;1;4;5;6;7;8
      0.243335475639; 0;1;2;5;7;8;9
      0.243206303387; 0;1;3;5
      0.243142830816; 0;2;6;7;8;9;10
      0.242962937036; 0;3;5;6;7;8;9
      0.242918731337; 1;3;5;6;7;8;9;10
      0.242828552936; 0;1;2;3;5;7;9
      0.242702432786; 1;5;6;7;8;9;10
      0.242682688081; 1;3;5;6;7;8;10
      0.242640161277; 0;1;2;3;4;5;6;8;9;10
      0.242584348706; 0;3;5;6;7;8;10
      0.242569968746; 0;1;2;4;5;8;9;10
      0.242564416197; 1;2;3;4;5;6;7;8;9;10
      0.242464875115; 0;1;2;6;8;9;10
      0.242427109714; 0;1;2;3;6;7;9;10
      0.242325616836; 2;3;4;5;6;7;8;9;10
      0.242051199156; 0;2;3;5;6;9;10
      0.242035556345; 2;3;5;6;7;8;9
      0.241805106201; 0;1;2;3;4;5;7;8
      0.241574992126; 0;4;5;6;7;8;10
      0.241509487115; 2;3;4;5;6;7;8;10
      0.241503597511; 0;2;3;5;8;9;10
      0.241498136932; 1;2;5;7;8;9;10
      0.241266544631; 0;1;2;5;6;7;8;10
      0.241240857254; 0;4;5;6;7;8;9;10
      0.241090595750; 0;1;2;5;8;9;10
      0.240944174355; 0;5;6;7;8;9;10
      0.240847630527; 0;1;5;6;7;9;10
      0.240768215853; 1;2;3;4;5;6;8;9;10
      0.240756442208; 1;2;3;5;6;9;10
      0.240750684428; 0;2;3;4;5;7;8;9;10
      0.240707864370; 1;3;4;5;6;8;9;10
      0.240621402759; 0;1;2;3;7;8;9
      0.240415426813; 0;1;2;3;5;6;8;10
      0.240229838757; 0;3;4;5;6;9;10
      0.240212167118; 0;1;3;5;7;8;9
      0.240105337582; 0;2;4;5;6;8;10
      0.239910697598; 0;2;3;5;6;8;10
      0.239900574318; 0;1;2;3;6;7;8;9;10
      0.239868523703; 0;1;2;3;4;5;7;8;10
      0.239834351016; 0;1;2;3;5;7;8;9
      0.239255647819; 0;1;3;5;6;7;8;9;10
      0.239126295926; 0;1;2;3;7;8;9;10
      0.238996282827; 0;2;3;4;5;7;9;10
      0.238788008113; 0;1;2;4;5;8;10
      0.238665737363; 0;5;8
      0.238548347598; 0;1;2;3;5;8;10
      0.238350119601; 0;1;2;4;6;7;8;9;10
      0.237998921153; 0;1;2;5;6;7;9;10
      0.237861701700; 0;2;3;4;5;6;9;10
      0.237574710132; 0;1;2;5;6;10
      0.237383598388; 0;1;2;3;5;6;7;9
      0.237329140888; 0;1;3;4;5;6;7;8;10
      0.237304981238; 0;3;4;5;7;8;9
      0.237220842387; 0;1;2;4;5;6;8;9;10
      0.237195224428; 0;2;3;4;5;6;7;8
      0.237164538939; 0;1;2;3;4;5;7;10
      0.237125367567; 0;3;5;6;7;8;9;10
      0.236976071193; 1;3;5;6;7;9;10
      0.236975923026; 0;1;2;4;5;7;8;10
      0.236646105412; 0;1;3;5;6;9;10
      0.236567731633; 0;1;2;3;5;6;7;10
      0.236276536154; 0;1;2;3;4;5;7;8;9;10
      0.236220244516; 0;1;2;3;4;5;7;8;9
      0.236072963681; 0;2;3;4;5;6;7;8;9;10
      0.235985628228; 0;2;3;5;6;8;9;10
      0.235824702494; 1;2;3;5;6;7;8;10
      0.235761231584; 0;3;4;5;6;7;8;10
      0.235514097478; 0;1;3;5;6;7;8;10
      0.235463503038; 0;1;2;4;5;7;8;9;10
      0.234888867356; 0;1;5;6;8;9;10
      0.234872188662; 0;2;3;5;6;7;9;10
      0.234545966878; 0;2;3;5;6;7;8;9;10
      0.234405196504; 0;1;5;6;7;8;9
      0.234385477469; 0;1;2;5;6;7;8;9
      0.233977169488; 1;2;3;5;6;7;8;9;10
      0.233863223778; 0;1;2;5;7;8;10
      0.233861131944; 0;2;5;6;7;8;9;10
      0.233292459161; 0;1;2;3;4;5;6;7;9
      0.232843877024; 0;1;2;5;6;8;9;10
      0.232445663896; 0;1;2;4;5;7;8;9
      0.232040265178; 1;2;5;6;7;8;9;10
      0.231858646174; 0;1;5;6;7;8;9;10
      0.231707907191; 0;1;3;4;5;7;8;9;10
      0.231467327153; 0;1;2;5;7;8;9;10
      0.230614563756; 0;1;2;3;4;5;6;7;8;10
      0.230533756688; 0;1;2;3;5;7;8;10
      0.230319361852; 0;1;3;6;7;8;9;10
      0.230109311746; 0;1;2;4;5;6;7;8;9;10
      0.229837012769; 0;1;3;5;7;8;9;10
      0.229674788792; 0;2;3;4;5;7;8;9
      0.229542922105; 1;2;3;5;7;8;9;10
      0.227702868144; 0;1;2;3;4;5;7;9;10
      0.227358661941; 0;1;2;3;5;6;7;8;9
      0.226570003937; 0;2;3;5;7;8;9;10
      0.226502719506; 0;1;2;3;4;5;6;7;9;10
      0.226401150817; 0;1;3;4;5;6;7;8;9;10
      0.226204854589; 0;1;2;3;5;7;8;9;10
      0.225469818604; 0;1;2;3;5;6;7;8;10
      0.225315242446; 0;1;3;5;6;7;8;9
      0.225296343672; 0;1;2;3;5;7;10
      0.223897375268; 0;2;3;5;6;7;8;10
      0.223848195928; 0;1;2;5;6;7;8;9;10
      0.223616996279; 0;1;2;3;5;6;7;9;10
      0.223091656152; 0;1;3;5;6;7;9;10
      0.222747324119; 0;1;2;3;5;6;7;8;9;10
      0.222471144901; 0;1;2;3;5;6;8;9
      0.221999368959; 0;1;2;3;4;5;6;7;8;9
      0.221695596708; 0;1;3;5;6;8;9;10
      0.221518497765; 0;1;2;3;5;7;9;10
      0.221465389346; 0;1;2;3;5;6;8;9;10
      0.219758871629; 0;1;2;3;5;8;9;10
      0.218348319269; 0;1;2;3;4;5;6;7;8;9;10
