      0.475556529360; 3;10
      0.379987744561; 3;9;10
      0.365605735014; 3;7;10
      0.356488070378; 0;3;10
      0.342084650732; 3;5;10
      0.339676657685; 2;3;10
      0.337546108750; 3;6;10
      0.336830291272; 3;8;10
      0.334063553655; 1;3;10
      0.317735596510; 3;4;10
      0.292709194107; 9;10
      0.275945077417; 7;9
      0.274166771003; 7;10
      0.268565585744; 0;1
      0.264275225286; 3;6;7;10
      0.255312344953; 3;5;9;10
      0.253740161946; 3;5;7;10
      0.253543466466; 3;9
      0.250550269187; 3;7
      0.249520215382; 0;3;9;10
      0.246291468838; 3;7;9;10
      0.243385392181; 3;8;9;10
      0.243131645461; 2;3;9;10
      0.242597892971; 3;6;8;10
      0.239468928676; 2;4
      0.237939561452; 0;3;6;10
      0.236677691280; 1;3;9;10
      0.236649945201; 3;7;8;10
      0.236277915562; 1;3;7;10
      0.235974733848; 0;1;3;10
      0.234704760657; 2;3;5;10
      0.231889163203; 0;3;8;10
      0.231694114402; 3;7;9
      0.230668855854; 0;3;7;10
      0.229951800571; 3;4;8;10
      0.227411058180; 1;3;6;10
      0.227402100245; 2;3;4;10
      0.227140464605; 3;4;7;10
      0.226372725312; 3;4;9;10
      0.225957567866; 0;3;5;10
      0.224888213196; 2;3;8;10
      0.224762504350; 0;2;3;10
      0.224122070414; 3;6;9;10
      0.223377053860; 2;3;7;10
      0.223141454893; 3;5;6;10
      0.221385764203; 1;2;3;10
      0.221211245696; 3;4;6;10
      0.219030090564; 2;5
      0.218510309129; 0;3;6;9;10
      0.216344492336; 7;9;10
      0.214829606955; 1;3;4;10
      0.213924571767; 0;3;4;10
      0.213905032266; 0;1;3
      0.213862317130; 7;8;9
      0.213671462751; 3;5;8;10
      0.212009211678; 2;3;6;10
      0.209680204590; 2;4;7
      0.208554696294; 3;5;9
      0.208181889180; 3;6;8;9;10
      0.207955421596; 1;3;8;10
      0.207247452123; 0;1;3;7;10
      0.207235283903; 1;3;5;10
      0.207083385501; 0;7
      0.206965902926; 8;9
      0.206549774304; 3;4;7
      0.204834312762; 3;4;7;8;10
      0.202405960790; 0;3;4;7;10
      0.202286629790; 3;5;6;7;10
      0.201750726200; 3;5;8;9;10
      0.200502597032; 3;5;7;9;10
      0.200339061232; 3;7;8
      0.200219076943; 0;3;6;7;10
      0.200203168818; 2;3;6;9;10
      0.200028379450; 0;3
      0.199236836646; 0;1;3;9;10
      0.198044324724; 0;2;3;5;10
      0.197731056665; 0;1;2;3;10
      0.197720661064; 0;1;10
      0.197249861174; 6;7;9
      0.197236968407; 7;8
      0.197155272370; 2;3;4;9;10
      0.196376247186; 0;3;5;9;10
      0.196218259506; 0;3;5;8;10
      0.196152658585; 0;3;7;9;10
      0.195691023732; 2;3;8;9;10
      0.195583833502; 3;4;5;9;10
      0.194785808963; 3;6;7
      0.194704381976; 5;7;9
      0.194335519486; 0;3;5;6;10
      0.194202159123; 0;3;7;8;10
      0.193746071366; 3;7;8;9;10
      0.193619981495; 2;4;7;9
      0.193535707264; 8;9;10
      0.193205115701; 0;3;7
      0.192911824755; 2;4;9
      0.192156202081; 1;7;9
      0.191850797116; 0;3;5;7;10
      0.190568063162; 0;1;3;6;10
      0.190487430037; 0;7;8
      0.190451329652; 0;1;7
      0.190340856686; 3;8;9
      0.190297676757; 7;8;10
      0.190169289503; 2;3;7
      0.190151853158; 2;3;4;7
      0.189937112115; 1;3;7;8;10
      0.189932737248; 0;7;9
      0.189927136726; 3;4;5;7;10
      0.189803463005; 0;8;9
      0.189632918429; 2;3;4;7;10
      0.189413418196; 1;3;5;6;10
      0.189347717906; 2;3;5;7;10
      0.189056828294; 0;9;10
      0.188708377156; 3;5;7
      0.188630636419; 3;4;5;10
      0.188597354442; 1;3;6;9;10
      0.187981196403; 0;1;9
      0.187626244799; 0;1;3;8;10
      0.187315851321; 3;4;8;9;10
      0.187091105584; 0;3;4;9;10
      0.186892863126; 2;3;6;7;10
      0.186582949012; 0;1;2
      0.186533861303; 3;6;7;8;10
      0.186459497365; 2;3;5;9;10
      0.186418467114; 1;3;7
      0.186414383639; 1;3;5;9;10
      0.186331368306; 2;7;9
      0.185446071975; 2;3;7;9;10
      0.184528879100; 2;4;5
      0.184408882204; 0;3;8
      0.184334333331; 1;3;7;9;10
      0.184270477374; 3;4;6;7;10
      0.184150285881; 8;10
      0.184104093407; 0;2;3;9;10
      0.183927198518; 0;3;8;9;10
      0.183854410996; 0;7;8;9
      0.183687546854; 3;7;8;9
      0.183686926068; 1;2;3;4;10
      0.183612600085; 1;2;3;5;10
      0.183065599700; 1;3;6;7;10
      0.182881384017; 2;3;4;9
      0.182867339019; 0;2;4;7
      0.182712040057; 0;3;4;5;10
      0.182591169113; 0;1;3;4;10
      0.182174009663; 3;4;6;9;10
      0.182162263678; 0;10
      0.182090980363; 1;2;3;7;10
      0.181982194440; 3;4;7;9;10
      0.181904704028; 0;3;8;9
      0.181696014698; 2;3;4;8;10
      0.181509521129; 0;2;3;6;10
      0.181315853409; 3;4;5;8;10
      0.181012290337; 3;5;7;8;10
      0.180865846790; 1;3;4;7;10
      0.180796123581; 0;1;8
      0.180693050340; 0;3;9
      0.180599953230; 2;4;10
      0.180564648983; 1;3;8;9;10
      0.180273398414; 2;3;9
      0.180105507847; 2;3;5;9
      0.179994007661; 0;1;8;9
      0.179480082182; 0;1;3;8
      0.179384638961; 1;3;5;7;10
      0.179225380551; 0;3;7;8;9;10
      0.178966024482; 2;4;8
      0.178810571198; 0;1;2;4
      0.178649525933; 0;3;6
      0.178610048984; 0;7;10
      0.178481684838; 1;3;6;8;10
      0.177875275029; 2;4;7;10
      0.177529639646; 0;3;6;8;10
      0.177269071422; 1;3;7;9
      0.177219010674; 2;3;4;7;9
      0.177002795964; 0;2;3;7;10
      0.176560667224; 3;4;7;9
      0.176360902236; 0;1;3;5;8;10
      0.176325487250; 2;3
      0.176272694232; 3;6;9
      0.176073017417; 2;5;7;9
      0.176051653297; 3;6;7;9;10
      0.176041176337; 0;2;7
      0.175987379695; 0;2;4
      0.175678601342; 1;3;4;9;10
      0.175482188140; 0;2;3;4;7;10
      0.175440714894; 2;7;9;10
      0.175185981138; 0;7;9;10
      0.175171997627; 1;2;4
      0.175107734698; 0;1;3;6;7;10
      0.175057931818; 0;2;3;8;10
      0.174741909498; 0;3;5;7;9
      0.174617648489; 2;3;4;5;10
      0.174578320294; 0;1;3;7;8;10
      0.174551215791; 5;7;10
      0.174468236712; 0;1;4
      0.173905044265; 2;9;10
      0.173624303026; 0;1;3;5;7;10
      0.173622025565; 5;8;9
      0.173621003284; 2;3;5;8;10
      0.173553665500; 0;3;4;8;9;10
      0.173251049815; 2;3;4;6;10
      0.173188323753; 1;3;9
      0.173130715897; 2;3;5;7;9;10
      0.173118285944; 6;7;8;9
      0.173080973142; 0;3;6;7;8;10
      0.172970775812; 0;2;3;7;8;10
      0.172920624305; 5;9;10
      0.172841894483; 3;5;7;9
      0.172822898358; 6;7;10
      0.172692443264; 0;1;3;5;10
      0.172629555815; 0;3;5;6;7;10
      0.172596407441; 2;3;4;7;9;10
      0.172564016038; 1;3;5;7;9
      0.172499454645; 0;3;4;8;10
      0.171863310171; 1;3;5;8;10
      0.171811517635; 2;4;8;9
      0.171717068782; 5;7;9;10
      0.171677497446; 2;7;10
      0.171545722169; 3;6;7;9
      0.171517843928; 1;2;3;9;10
      0.171360865398; 0;1;7;8
      0.171281360042; 0;6;10
      0.171203173601; 0;2;3;4;10
      0.171196895430; 2;3;5
      0.170621897242; 2;3;6;7
      0.170589490492; 2;3;7;9
      0.170463807496; 5;7;8;9
      0.170299157191; 0;3;7;9
      0.170215925106; 1;2;3;8;10
      0.169929444104; 3;4;8;9
      0.169909072705; 2;3;7;8
      0.169839411981; 0;2;3;6;7;10
      0.169789699320; 2;4;6
      0.169647866930; 0;3;7;8
      0.169618715674; 4;9;10
      0.169509602377; 0;1;2;5
      0.169372579926; 0;3;4;6;10
      0.169099087532; 2;3;5;6;10
      0.169028428164; 2;5;7;10
      0.168838901273; 0;3;6;9
      0.168764936323; 1;7;9;10
      0.168745451488; 3;4;6;7;8;10
      0.168664591388; 0;1;3;8;9;10
      0.168524631604; 0;3;5;7;9;10
      0.168376596238; 6;8;9
      0.168366570815; 2;3;4;8;9;10
      0.168178575769; 3;4;9
      0.168152171768; 0;2;3;5;9;10
      0.167968782605; 0;9
      0.167955670025; 0;1;6
      0.167681092710; 0;3;5;6;9;10
      0.167556719365; 0;1;2;3;7;10
      0.167224589138; 3;5;6;9;10
      0.167103525191; 3;4;7;8
      0.167095264399; 3;4;5;6;10
      0.167076158977; 0;1;2;3;8;10
      0.166938276427; 0;1;3;9
      0.166930405186; 0;1;4;5
      0.166904271336; 2;3;4;5;7
      0.166875581216; 3;4;6;7;9;10
      0.166530163183; 0;7;8;10
      0.166526666318; 1;3;5;6;7;10
      0.166319463005; 1;9;10
      0.166276211081; 0;2;7;8
      0.166126225354; 0;1;3;5;6;10
      0.166099257450; 1;3;4;6;10
      0.166022498865; 2;3;4;5;7;10
      0.166011558728; 3;5;7;8;9;10
      0.165928382716; 3;4;6;8;10
      0.165865460392; 0;8;9;10
      0.165863205954; 1;2;3;6;10
      0.165839108461; 0;1;2;4;9
      0.165804326962; 0;1;3;4;7;10
      0.165733746259; 1;3;4;8;10
      0.165619330309; 4;7;8;9
      0.165612406513; 0;1;3;7
      0.165556855003; 0;3;5;7;8;10
      0.165492068771; 2;3;4;7;8;10
      0.165444762060; 1;2;4;7
      0.165381029093; 0;2;3;5;8;10
      0.165265178837; 0;7;8;9;10
      0.165254314849; 0;1;7;9
      0.165172900631; 1;7;10
      0.165100599719; 0;2;3;4;7
      0.165033711814; 2;3;7;8;10
      0.165015132016; 0;1;2;3
      0.164924900468; 3;5;8;9
      0.164915919434; 0;1;3;5;9
      0.164912583338; 0;3;4;5;8;10
      0.164892607436; 2;3;6;8;10
      0.164833126428; 1;2;3;7;9;10
      0.164805240497; 2;5;9
      0.164707030615; 0;4;7;8;9
      0.164484830169; 0;1;3;4;8;10
      0.164323341619; 2;3;5;7
      0.164120075096; 0;6;7;8
      0.164040283950; 0;1;9;10
      0.163964699805; 0;2;3;4;9;10
      0.163920681861; 2;4;5;7;9
      0.163907152048; 0;3;6;8;9;10
      0.163906150345; 3;4;6;8;9;10
      0.163893574849; 0;1;2;3;4
      0.163867079082; 0;3;6;7;9
      0.163817632269; 0;1;7;10
      0.163803966202; 1;3;4;7;9;10
      0.163783237639; 5;8;9;10
      0.163727167525; 2;3;4;6;9;10
      0.163681336322; 6;9;10
      0.163639469659; 3;4;5;7;9;10
      0.163574681818; 0;3;4;9
      0.163465380784; 0;1;3;7;9;10
      0.163372997414; 2;4;7;8;9
      0.163351539061; 0;3;5;6;7
      0.163335500678; 0;2;4;7;9
      0.163301611015; 0;3;5;7
      0.163140185727; 0;3;6;7
      0.163128364034; 3;5;7;8;9
      0.163036664547; 0;3;4;7;8;10
      0.163026807448; 0;2;4;9
      0.163017253098; 1;7;8
      0.162895748763; 1;3;7;8
      0.162895314052; 0;1;3;6;9;10
      0.162772251167; 6;7;9;10
      0.162760634633; 1;3;7;8;9
      0.162735094651; 1;3;7;8;9;10
      0.162627039563; 2;3;4
      0.162596118916; 0;2;3;4;8
      0.162585129794; 0;2;3;4;5;10
      0.162569960502; 0;3;4;7;8;9;10
      0.162460817270; 3;4;5;7;8;10
      0.162328617276; 0;3;6;7;9;10
      0.162325470991; 4;7;10
      0.162286116701; 0;2;3;4;7;8;10
      0.162204167781; 3;5;6;7;8;10
      0.162163420569; 4;7;9;10
      0.162123370993; 0;1;2;3;6;10
      0.162038245679; 0;3;7;8;9
      0.161986741289; 0;3;5;6;8;9;10
      0.161965691998; 2;3;4;5;9;10
      0.161923935846; 2;4;7;8
      0.161912744074; 0;3;4;5;7;10
      0.161781819657; 2;4;5;7
      0.161781494600; 2;4;5;7;8
      0.161744714245; 3;4;5;7
      0.161697753768; 2;3;8;9
      0.161659916346; 3;4;5;9
      0.161656158523; 0;2;3;7;9;10
      0.161647170356; 2;3;4;6;7;9
      0.161615286124; 0;3;5;6;7;8;10
      0.161614629859; 1;3;6;7;8;10
      0.161605935082; 0;2;4;7;10
      0.161245928954; 3;6;7;8;9
      0.161211294480; 0;2;3;5
      0.161178555589; 0;1;4;7
      0.161089524234; 0;2;3
      0.161033227307; 0;2;3;5;7;10
      0.160991679214; 0;2;4;5;7;8
      0.160986055781; 2;4;6;7
      0.160973158345; 0;3;4;5;9;10
      0.160924973196; 1;2;3;4;9;10
      0.160859483282; 1;5;7;9
      0.160853377246; 0;1;5;7;9
      0.160832777686; 1;2;4;5
      0.160827014899; 2;4;5;8
      0.160777539026; 0;1;3;6;9
      0.160777445824; 2;4;7;9;10
      0.160657704769; 2;3;4;6;7;10
      0.160650316293; 0;3;5
      0.160635170116; 0;5;7;8
      0.160574805754; 2;7;8
      0.160533100422; 3;4;5;7;9
      0.160528299379; 2;5;8;9
      0.160451333170; 0;3;4;6;8;10
      0.160445365716; 2;6;7;9
      0.160409608845; 3;4;7;8;9;10
      0.160402594903; 2;3;5;6;7;10
      0.160280628560; 1;3;4;7;8;10
      0.160147674282; 0;3;5;6
      0.160110248296; 2;4;5;9
      0.160061784008; 0;2;3;5;6;10
      0.160029247644; 0;2;3;7
      0.159922062873; 0;3;5;9
      0.159895746817; 2;4;5;10
      0.159780012655; 1;2;4;7;9
      0.159710381752; 0;1;2;7
      0.159571330304; 0;1;3;6
      0.159548912054; 2;3;5;7;8;10
      0.159521073561; 0;1;2;3;4;10
      0.159459673810; 3;5;6;7;9;10
      0.159436686007; 4;6;7;9
      0.159388656157; 0;1;6;7
      0.159342765553; 0;1;2;4;7
      0.159293669258; 0;1;2;3;4;7
      0.159255140847; 4;5;7;10
      0.159193340073; 0;3;4;6
      0.159137931420; 0;3;6;8
      0.159111951520; 1;3;5;7
      0.159068491786; 0;6;9;10
      0.159011162697; 0;2;4;8;9
      0.158949849403; 3;6;7;8
      0.158782522715; 0;1;4;7;8
      0.158730089162; 1;3;4;5;10
      0.158725556581; 0;1;2;3;9;10
      0.158705375333; 0;1;3;5;9;10
      0.158637184082; 0;8;10
      0.158596978972; 1;3;6;7
      0.158415266811; 0;1;3;7;8;9;10
      0.158407532621; 2;3;4;5;8;10
      0.158336532079; 7;8;9;10
      0.158295665508; 0;1;2;9
      0.158273260841; 4;5;7;9
      0.158227011018; 0;1;3;4;7;9;10
      0.158187916475; 0;2;3;8;9;10
      0.158063974702; 0;2;3;6;8;10
      0.158039945767; 0;2;3;4;7;9;10
      0.158026681563; 0;1;2;4;5;7
      0.157963024851; 1;2;5
      0.157949272996; 0;1;2;3;6;9;10
      0.157948379647; 4;8;9;10
      0.157773760863; 0;1;3;8;9
      0.157757905648; 1;2;3;5;7;10
      0.157657070883; 0;1;2;4;7;9
      0.157577011942; 0;1;7;9;10
      0.157531987220; 2;5;7;8;9
      0.157446362205; 3;4;7;8;9
      0.157397262228; 2;7;8;9
      0.157368894562; 0;2;3;4;8;10
      0.157359320222; 1;3;4;5;7;10
      0.157358213166; 5;7;8;9;10
      0.157343497057; 3;6;7;8;9;10
      0.157343286372; 0;5;8;9
      0.157209583595; 0;5;7;9;10
      0.157167542410; 0;1;3;6;8;10
      0.157153744581; 0;2;3;4;7;8
      0.157128499451; 0;1;3;6;7;8;10
      0.157115200328; 0;2;5;7;9
      0.157067395613; 0;3;5;6;7;9;10
      0.157046079326; 3;4;5;6;7;10
      0.157033127473; 1;2;3;7;8;10
      0.156931343387; 0;1;3;4
      0.156902935751; 2;3;5;7;8;9;10
      0.156882751133; 0;3;4;7;9;10
      0.156876981585; 0;1;2;6
      0.156839086024; 2;5;7
      0.156822316034; 0;2;3;5;7;9
      0.156798942210; 0;2;7;9;10
      0.156783777512; 5;7;8
      0.156774758983; 3;8
      0.156759417615; 0;5;7;9
      0.156698234569; 0;3;4;6;7;10
      0.156556400541; 2;5;7;9;10
      0.156547798248; 0;1;3;4;7
      0.156532594234; 0;1;6;10
      0.156530408351; 0;1;2;3;5;10
      0.156509851113; 2;3;4;5;9
      0.156420495067; 0;2;5;10
      0.156414353529; 0;2;7;10
      0.156398625418; 2;5;8
      0.156376741283; 2;4;9;10
      0.156373176225; 1;2;3;7
      0.156369351680; 0;2;3;4;5;7
      0.156289590820; 2;3;6;7;8;9;10
      0.156252243768; 1;3;4;6;7;10
      0.156204477163; 0;1;3;5
      0.156072005595; 2;3;7;8;9;10
      0.156012643076; 0;2;3;5;7
      0.155986575183; 3;4;5;7;8
      0.155980050358; 2;3;4;7;8;9;10
      0.155968900604; 0;5;6;7;9
      0.155967543729; 2;4;7;8;10
      0.155908888693; 0;3;4;6;9;10
      0.155857113756; 3;5;6;7;8;9;10
      0.155766051692; 0;1;7;8;9;10
      0.155757111014; 3;5;7;8
      0.155747531417; 2;3;4;8;9
      0.155729199078; 0;3;4;5;6;9;10
      0.155691411756; 0;3;4;8
      0.155656134791; 2;3;4;5;6;7;10
      0.155622285553; 0;2;3;6;9;10
      0.155591276441; 0;1;7;8;10
      0.155587795490; 0;3;4;8;9
      0.155570609093; 0;3;6;7;8;9;10
      0.155330718961; 0;2;4;7;8
      0.155316694921; 0;4;7;10
      0.155298399665; 4;7;9
      0.155237496143; 2;4;8;9;10
      0.155102637741; 0;1;2;3;7
      0.155077985983; 3;5;6;8;9;10
      0.154979649111; 0;1;3;5;7;9;10
      0.154977850385; 0;2;5;7
      0.154893075279; 1;3;6;8;9;10
      0.154879086003; 0;2;3;4
      0.154858723925; 0;1;3;7;9
      0.154856106233; 2;5;10
      0.154685019007; 0;2;3;5;8;9
      0.154605460327; 0;5;7;10
      0.154575615921; 1;7;8;9
      0.154536947281; 1;2;3;4;7;9;10
      0.154414512215; 3;5;6;8;10
      0.154379299621; 0;3;4;6;7;8;10
      0.154342421232; 2;3;4;7;8
      0.154334281866; 2;4;6;9
      0.154300738700; 1;3
      0.154228331844; 0;6;7;9
      0.154194987693; 2;3;4;5;7;9
      0.154137564216; 0;2;3;6;7;8;10
      0.154100440987; 0;5;10
      0.154093048206; 4;5;7;9;10
      0.154090405588; 0;2;9;10
      0.154053774605; 2;5;6
      0.154038440887; 1;3;4;5;9;10
      0.153939843470; 0;2;6;7;9
      0.153934919012; 2;4;5;7;10
      0.153930388531; 3;4;5;7;8;9;10
      0.153882384019; 2;3;5;7;9
      0.153864243705; 2;3;5;6;8;10
      0.153761545074; 0;1;2;3;8;9;10
      0.153746266815; 3;4;5;8;9;10
      0.153728195376; 1;2;3;5;7;8;10
      0.153676600807; 0;1;3;5;6;7;10
      0.153631326250; 1;3;6;7;9;10
      0.153610413959; 1;3;5;6;7;9;10
      0.153584154836; 0;2;3;4;6;10
      0.153556486066; 0;3;4;7
      0.153526994966; 0;1;2;3;5;8;10
      0.153505186839; 0;2;4;5;7
      0.153498427858; 0;3;6;8;9
      0.153482336185; 0;3;5;8;9;10
      0.153471023412; 0;2;7;9
      0.153382001135; 0;1;2;9;10
      0.153379602195; 0;1;3;6;7;9;10
      0.153318765924; 0;1;3;4;7;8;10
      0.153248732813; 0;6;7;10
      0.153234704735; 0;3;4;5;7;8;10
      0.153230427559; 2;3;4;5;7;8
      0.153224166266; 2;3;4;6;7;8;10
      0.153212506423; 0;1;3;4;9;10
      0.153164156347; 2;7;8;10
      0.153140202595; 0;1;8;10
      0.153100043558; 3;4;6;7
      0.153065102337; 4;6;7;10
      0.152966687442; 1;3;4;7
      0.152965649471; 1;2;3;4;7
      0.152929962287; 0;3;4;5;6;10
      0.152923697996; 1;3;5;7;8;9;10
      0.152880397146; 0;3;4;6;7
      0.152789882580; 0;1;2;3;4;9
      0.152776330416; 0;1;3;7;8
      0.152729271960; 1;3;4;8;9;10
      0.152717384120; 2;5;9;10
      0.152590431391; 5;6;7;8;9
      0.152472973601; 0;2;4;10
      0.152453341924; 1;2;6
      0.152359788932; 0;6;7
      0.152308520358; 1;3;5;7;9;10
      0.152300670599; 2;3;6;7;9;10
      0.152297963312; 0;4;8;9
      0.152268340261; 2;3;4;6
      0.152268282707; 4;5;9;10
      0.152247634176; 0;3;6;7;8
      0.152229607692; 0;1;2;3;5;7;10
      0.152209231498; 1;3;5;8;9;10
      0.152189060911; 0;6;7;9;10
      0.152186207576; 0;6;8;9;10
      0.152180266905; 3;4;6;7;8;9;10
      0.152125868168; 2;8;9
      0.152104738874; 0;2;5
      0.152013921700; 2;3;4;5;8;9;10
      0.151945241301; 2;3;5;8;9;10
      0.151936031002; 1;2;3;5;6;10
      0.151893061775; 1;3;5;7;8;9
      0.151878677852; 1;2
      0.151809568650; 0;3;5;7;8
      0.151774656100; 2;3;7;8;9
      0.151680445777; 0;2;7;8;9
      0.151646913533; 0;4;7;8
      0.151562295891; 2;4;8;10
      0.151503054404; 0;2;3;5;7;8;10
      0.151482991359; 0;1;3;4;5;10
      0.151474173185; 0;1;4;10
      0.151334427665; 0;2;5;7;10
      0.151319106648; 1;2;3;4;9
      0.151308763511; 0;1;3;4;9
      0.151306154046; 0;3;5;6;8;10
      0.151249847772; 1;2;3;5;7
      0.151240258901; 0;3;4;5;8;9;10
      0.151144085673; 0;2;3;4;6;7;10
      0.151126198581; 2;3;5;8
      0.151124201507; 0;2;9
      0.151023791812; 0;2;3;5;8
      0.150900389164; 1;2;4;5;7;9
      0.150854560049; 0;1;2;5;7
      0.150849290788; 0;3;4;5;6;7;10
      0.150800078563; 1;3;5;6;7;8;9;10
      0.150733797552; 0;1;2;3;5
      0.150717331287; 0;1;3;5;7;8;9;10
      0.150696741295; 0;2;3;4;5;7;9;10
      0.150695301915; 0;2;3;6;7;8;9;10
      0.150683428042; 1;3;5;6;9;10
      0.150633544626; 0;1;3;4;5;9;10
      0.150605067117; 0;1;5
      0.150604504656; 1;2;3;6;9;10
      0.150586412525; 1;8;9;10
      0.150586309103; 0;1;3;4;6;10
      0.150560129842; 0;1;2;3;8;9
      0.150537835162; 0;2;4;6;7
      0.150494257535; 2;3;4;5
      0.150428320025; 5;6;7;9
      0.150428035982; 0;2;4;5;7;9
      0.150419764722; 0;1;5;9
      0.150250788360; 0;1;2;3;9
      0.150156455545; 0;1;3;5;6
      0.150136149107; 0;4;5;7
      0.150111446889; 2;3;4;6;7
      0.150073525671; 0;1;3;4;8
      0.150052137947; 0;2;3;4;7;9
      0.150018490762; 2;3;5;6;9;10
      0.150015878331; 0;3;5;6;9
      0.149925657759; 3;4;5;6;8;10
      0.149781583727; 0;1;3;5;6;8;10
      0.149606315018; 0;1;2;5;10
      0.149585427720; 2;3;4;6;9
      0.149576719908; 3;4;5;6;7
      0.149548145485; 0;1;3;4;7;8
      0.149544879737; 0;1;2;8;9
      0.149532526542; 0;3;4;5;6;7;9;10
      0.149521411157; 0;1;2;3;4;5;10
      0.149506537436; 0;5;7
      0.149493506932; 0;2;3;4;9
      0.149457639736; 0;1;2;3;4;7;10
      0.149432244680; 0;1;4;6
      0.149411745354; 2;5;7;8
      0.149385246671; 2;4;7;8;9;10
      0.149345669251; 0;3;5;6;7;9
      0.149310058679; 1;2;4;5;7
      0.149259445131; 1;7;8;10
      0.149158019717; 1;2;3;4;5;10
      0.149145592046; 0;2;4;9;10
      0.149114981871; 1;2;3;5
      0.149080177253; 0;1;3;5;7
      0.149040294020; 0;1;3;5;7;8
      0.149018532005; 0;1;2;3;5;8
      0.149017697364; 1;2;3;8;9;10
      0.148974442354; 0;3;4;6;8;9;10
      0.148936360364; 6;7;8;10
      0.148929694221; 2;7;8;9;10
      0.148880036288; 0;2;4;5
      0.148831697239; 2;3;4;8
      0.148803782756; 4;5;7
      0.148741841943; 0;2;3;5;7;9;10
      0.148714167602; 1;2;3;9
      0.148695183922; 2;3;4;7;8;9
      0.148657848378; 0;1;3;4;8;9;10
      0.148656288591; 0;1;2;3;6;7;10
      0.148633022151; 0;1;2;4;5
      0.148597619774; 1;2;3;5;7;9;10
      0.148596189209; 2;4;5;7;9;10
      0.148571544725; 1;2;4;9
      0.148521791439; 3;4;8
      0.148488396397; 1;2;3;4;6;10
      0.148458048902; 0;2;3;5;8;9;10
      0.148394168356; 2;3;6;7;9
      0.148306164011; 0;1;3;6;7;9
      0.148276558083; 0;3;5;6;8
      0.148256967066; 0;1;7;8;9
      0.148243196603; 3;5;6;7
      0.148233618080; 0;1;3;5;8;9
      0.148219009600; 1;3;4;5;6;7;9;10
      0.148205424461; 2;3;4;5;6;10
      0.148197919798; 2;4;5;8;9
      0.148188470555; 0;3;4;6;7;9
      0.148162633801; 1;2;4;9;10
      0.148122031720; 0;1;2;3;4;6
      0.148103883958; 2;3;6;8;9;10
      0.148088693645; 0;2;4;7;8;9
      0.148038508465; 1;3;8;9
      0.148015998871; 0;1;3;4;5;8
      0.147979123529; 0;2;3;6;7;9;10
      0.147906130064; 1;2;4;5;8
      0.147893930011; 1;3;5;7;8;10
      0.147866533116; 2;7
      0.147819953248; 2;6;9;10
      0.147819917718; 2;3;8
      0.147787354580; 4;5;6;7;9
      0.147733887869; 0;1;3;4;5;7
      0.147733423759; 0;3;5;8;9
      0.147642481957; 0;1;4;7;10
      0.147640116231; 0;2;8;9
      0.147618481415; 0;2;3;5;6;7;10
      0.147603110144; 0;4;5;7;9
      0.147557261990; 0;2;3;4;8;9
      0.147551574092; 0;3;4;7;9
      0.147551274399; 2;3;4;5;6;9;10
      0.147538817436; 0;1;5;10
      0.147477767165; 2;6;7
      0.147473778010; 0;2;3;4;5
      0.147453788623; 0;5;7;8;10
      0.147440561199; 1;2;3;4;7;8;10
      0.147423643963; 0;3;5;8
      0.147409333876; 0;2;4;5;7;9;10
      0.147402179970; 0;1;2;3;5;6
      0.147400290302; 0;2;3;8
      0.147337608971; 0;1;3;6;7
      0.147262238336; 0;4;7
      0.147240821018; 1;2;3;5;9;10
      0.147214635588; 3;4;5;6;9;10
      0.147207158038; 0;1;3;5;6;8;9
      0.147200874545; 1;2;3;4;7;10
      0.147165830622; 0;2;3;6
      0.147155075699; 0;1;4;5;7;9
      0.147129424195; 0;2;3;7;8;9;10
      0.147125290396; 1;2;4;7;8;9
      0.147092827578; 2;3;4;5;8;9
      0.147062500274; 2;3;5;7;8;9
      0.147047657209; 1;2;3;5;9
      0.147032387674; 2;3;6;7;8;10
      0.147003512397; 0;2;6;7
      0.146928463360; 1;2;4;6;7
      0.146870916705; 0;1;5;7;8;9
      0.146842832940; 0;3;6;7;8;9
      0.146836548028; 1;3;4;6;7;9;10
      0.146811381556; 0;1;2;3;5;7;9;10
      0.146776180658; 0;3;4;5;9
      0.146775897841; 0;1;2;3;7;8
      0.146763052248; 1;2;3;6;7
      0.146720556395; 1;2;7;9
      0.146674542669; 1;2;5;7;9
      0.146660934751; 0;2;3;5;7;8;9;10
      0.146648366617; 0;6;7;8;9
      0.146592996732; 1;6;7;9
      0.146553104264; 0;1;3;6;8;9;10
      0.146472689781; 0;3;4;5;7
      0.146454828104; 0;1;2;3;5;9
      0.146429933117; 3;4;5;6;7;8;10
      0.146407944494; 0;2;3;4;7;8;9
      0.146404877335; 0;1;3;4;5
      0.146404385621; 0;1;3;4;8;9
      0.146348538610; 2;3;6;7;8
      0.146336200616; 2;3;4;5;7;8;9
      0.146323977137; 3;4;5;6;7;9;10
      0.146322104966; 2;5;7;8;10
      0.146303270303; 1;3;6;7;9
      0.146264711144; 0;3;5;7;8;9;10
      0.146260918688; 0;1;5;7
      0.146239993604; 4;5;7;8;9
      0.146230202490; 4;7;8
      0.146226985920; 0;2;5;7;8;10
      0.146225035035; 2;5;6;7;10
      0.146211318082; 1;2;3;6;7;10
      0.146137264722; 2;9
      0.146130729982; 1;3;4;5;8;10
      0.146068837458; 2;3;4;6;8;10
      0.146049094276; 2;4;6;7;9
      0.146047463684; 0;1;3;6;7;8;9;10
      0.146029799880; 0;3;5;7;8;9
      0.145954528254; 0;1;2;3;8
      0.145941852249; 0;2;3;4;5;8;9;10
      0.145941847461; 0;1;3;4;6;8;10
      0.145895544748; 0;1;2;3;4;5
      0.145884073987; 2;3;5;7;8
      0.145823876434; 1;2;3;5;8;10
      0.145763764820; 1;3;4;6;9;10
      0.145761496971; 0;1;2;3;4;8;10
      0.145757986850; 2;6;7;8;9;10
      0.145654838791; 0;1;2;3;4;8;9;10
      0.145605300406; 0;5;9;10
      0.145600614984; 1;2;3;4;5;9;10
      0.145598175384; 2;3;5;6;7
      0.145591689947; 0;2;3;4;5;9
      0.145578525515; 0;1;2;4;10
      0.145564849881; 0;3;5;6;7;8;9
      0.145563267557; 0;2;4;8
      0.145562994685; 0;5;8;9;10
      0.145526472468; 4;5;7;8
      0.145464404081; 2;4;6;9;10
      0.145445647190; 0;1;2;4;7;10
      0.145445198360; 0;5;7;8;9
      0.145440747190; 0;1;2;7;8;9
      0.145439362903; 0;1;4;8;9
      0.145426228092; 0;2;3;7;8
      0.145388149308; 0;2;3;7;8;9
      0.145361714698; 0;3;4;5;6;7
      0.145330687802; 0;1;3;7;8;9
      0.145279488968; 1;3;4;5;9
      0.145277263346; 1;3;4;7;8;9
      0.145271130993; 1;2;3;4;8;9;10
      0.145198821814; 1;2;7;10
      0.145176296413; 0;4;7;9;10
      0.145153944825; 2;3;4;5;7;8;10
      0.145144084416; 0;1;3;5;6;7;8;9;10
      0.145106364059; 2;4;6;7;8
      0.145084721794; 0;1;5;8;9
      0.145075279557; 0;1;2;3;7;8;10
      0.145049081970; 3;6;8;9
      0.145041862237; 0;1;3;5;8;9;10
      0.145026794052; 3;4;6;8;9
      0.145013672602; 0;4;8;9;10
      0.144992367110; 1;5;7;8;9
      0.144923933228; 0;1;2;3;5;6;9;10
      0.144918154743; 0;1;3;5;6;8
      0.144906536858; 1;2;3;5;7;9
      0.144905811235; 0;1;2;3;4;9;10
      0.144886744750; 1;4;5;7
      0.144870403702; 0;3;4;5;6
      0.144817175200; 3;4;6;7;8
      0.144808775286; 0;2;3;4;5;7;9
      0.144808599744; 1;3;5;7;8
      0.144793781511; 0;3;4;7;8
      0.144771331036; 0;2;3;4;7;8;9;10
      0.144678101950; 1;5;7;10
      0.144674030472; 0;1;2;5;7;9
      0.144661406531; 2;8;10
      0.144657153033; 2;3;5;6;7;8
      0.144651580579; 0;2;3;4;8;9;10
      0.144618431900; 0;1;2;3;6
      0.144606982442; 1;3;4;5;7
      0.144604450441; 0;1;2;3;5;9;10
      0.144563485057; 0;4;7;8;10
      0.144547361459; 2;4;6;7;10
      0.144515097724; 0;1;3;5;6;7
      0.144486750220; 0;1;2;3;5;6;10
      0.144473059520; 0;5;9
      0.144472065429; 0;2;3;8;9
      0.144461057050; 0;1;2;3;4;5;9
      0.144451307074; 0;4;6;7
      0.144447080445; 6;7;8;9;10
      0.144445845324; 1;3;4;6;8;10
      0.144433017023; 1;2;5;9
      0.144357907124; 1;2;3;6;7;8;10
      0.144231758580; 0;2;3;4;5;9;10
      0.144199315872; 0;4;10
      0.144170966034; 0;2;10
      0.144163113303; 2;3;4;6;7;9;10
      0.144157706762; 0;1;2;3;4;7;8
      0.144124509684; 0;1;4;5;7
      0.144086986130; 0;2;3;5;6;9;10
      0.144076622304; 2;3;5;6;7;8;10
      0.144074022011; 0;2;5;7;8
      0.144069763590; 0;1;2;3;7;9;10
      0.144059282700; 1;3;5;6;7;8;10
      0.144029029364; 0;1;2;3;5;8;9;10
      0.144017057866; 1;2;3;4;7;9
      0.143933299897; 0;1;2;5;9
      0.143871989253; 0;5;6;7;8
      0.143819271786; 0;2;4;5;9
      0.143813236135; 0;2;3;4;6;7;8
      0.143809263712; 1;2;4;7;10
      0.143794574074; 1;2;3;4;5
      0.143782056622; 0;1;2;4;8
      0.143766442333; 0;1;2;3;4;7;9;10
      0.143759677205; 1;2;7;8
      0.143716357428; 4;7;8;10
      0.143710404407; 5;7
      0.143676919989; 1;3;4;5;7;8;10
      0.143675480289; 2;3;6;7;8;9
      0.143629639386; 0;2;3;4;5;7;10
      0.143626898981; 1;2;3;5;6;9;10
      0.143617744584; 1;3;4;5;8;9;10
      0.143598357409; 0;1;3;4;5;8;10
      0.143584607373; 2;5;6;7;9
      0.143571973067; 0;1;3;4;5;7;10
      0.143519745057; 0;1;3;5;6;7;9;10
      0.143442637841; 0;2;3;4;6
      0.143429154509; 0;1;3;5;6;7;9
      0.143388497904; 0;2;5;9;10
      0.143345483907; 4;8;9
      0.143329705389; 0;2;5;7;8;9
      0.143255943363; 3;5;6;7;9
      0.143255146441; 1;6;7;8;9
      0.143225019771; 0;1;2;3;6;7;9;10
      0.143197048038; 0;1;6;7;10
      0.143175322979; 6;7;8
      0.143165022494; 0;1;3;5;6;9;10
      0.143160613772; 1;2;3;4;7;8
      0.143137616115; 0;3;4;6;8;9
      0.143087256633; 6;8;9;10
      0.143060306368; 2;6;7;10
      0.143039119816; 1;2;3;4;8;10
      0.143025382917; 0;5;6;9
      0.143007884641; 0;1;4;6;7
      0.142949840221; 0;1;3;6;8
      0.142880774373; 0;2;5;9
      0.142868572942; 0;1;2;4;7;8
      0.142862029065; 0;1;3;5;7;8;10
      0.142859090743; 5;7;8;10
      0.142835955997; 1;6;7;8
      0.142815664967; 0;2;3;4;6;7
      0.142751424086; 0;3;4;6;8
      0.142705679855; 0;2;3;9
      0.142689673750; 2;3;5;6;9
      0.142689234674; 1;2;3;7;8
      0.142680088282; 2;3;5;6;7;9;10
      0.142664955553; 4;5
      0.142659441511; 0;2;3;6;7
      0.142597329369; 0;1;3;4;5;7;8;9;10
      0.142553555900; 3;5;6;9
      0.142536888888; 1;3;4;7;9
      0.142466011098; 1;2;4;8
      0.142451932645; 1;2;3;5;7;8;9;10
      0.142450379228; 1;4;7;8;9
      0.142447596617; 1;3;6;7;8;9;10
      0.142362669220; 0;2;3;6;8
      0.142348052331; 0;1;4;7;9
      0.142296393005; 2;5;8;10
      0.142241928249; 0;1;3;4;5;7;8;9
      0.142193337115; 0;3;4;5;7;9;10
      0.142180339497; 0;1;2;7;8;10
      0.142166745613; 4;5;8;10
      0.142165748258; 1;5;6;7;9
      0.142164067018; 0;1;3;4;6
      0.142156986001; 2;4;5;7;8;9
      0.142085317103; 1;2;3;4;5;7;8
      0.142017636587; 4;5;7;8;10
      0.142014644075; 1;2;3;5;6;7
      0.141956821281; 1;2;3;4
      0.141949003722; 2;6;7;8;9
      0.141943417578; 2;4;6;8;9
      0.141938477157; 3;4;5;7;8;9
      0.141927838455; 1;6;7;9;10
      0.141914904202; 0;4;8;10
      0.141898533944; 0;3;4;6;7;8;9;10
      0.141884676465; 5;6;8;9
      0.141874943167; 0;4;5;7;8;9
      0.141845795850; 0;1;3;4;5;8;9
      0.141839945787; 1;2;9;10
      0.141831778164; 2;6;7;9;10
      0.141824810706; 0;1;2;4;5;10
      0.141814349650; 2;3;4;6;7;8
      0.141777263015; 2;3;4;5;7;8;9;10
      0.141773739623; 0;1;2;5;7;9;10
      0.141702313069; 0;2;3;5;6
      0.141666199833; 1;3;5;6;7;9
      0.141581587581; 0;3;4;5;7;8
      0.141569843024; 1;2;3;6;7;9;10
      0.141515593062; 2;4;5;8;10
      0.141482972218; 0;1;3;4;5;6;7;10
      0.141470632751; 2;8;9;10
      0.141462028772; 1;3;4;5;6;10
      0.141439688892; 1;4;7;10
      0.141432196294; 0;2;3;5;9
      0.141412762080; 0;1;4;9;10
      0.141404087530; 2;3;4;5;6;7
      0.141391449010; 0;2;7;8;10
      0.141390411566; 0;2;3;4;5;7;8;10
      0.141387010739; 2;3;4;5;6;7;9
      0.141357760561; 2;3;6;9
      0.141340991122; 1;3;5;6;8;10
      0.141339843541; 0;5;8;10
      0.141330532631; 2;3;5;6;8;9;10
      0.141312796072; 0;2;3;4;5;8;10
      0.141228527677; 1;3;4;8;9
      0.141192238331; 0;2;5;6;7
      0.141183902845; 0;1;3;5;7;8;9
      0.141182981360; 0;1;2;3;4;8;9
      0.141135690770; 1;2;3;4;5;7;10
      0.141101391963; 2;3;4;5;7;9;10
      0.141067002439; 3;5;6;7;8;9
      0.141003599075; 2;3;5;6
      0.140992622009; 0;4;7;9
      0.140931721650; 0;1;4;7;8;10
      0.140881089508; 2;3;5;6;7;8;9;10
      0.140845228722; 1;4;7;9
      0.140842909139; 1;2;3;5;7;8
      0.140812934736; 0;2;3;4;6;9;10
      0.140774779435; 0;1;2;4;9;10
      0.140771219733; 0;2;3;7;9
      0.140655929411; 0;3;4;5;8
      0.140627197103; 0;3;5;6;8;9
      0.140601822263; 1;6;7;8;10
      0.140583493415; 0;1;2;3;6;7
      0.140563133374; 1;3;5;9
      0.140562298462; 1;2;3;6;8;10
      0.140545072121; 0;1;6;8;9
      0.140538801358; 0;1;2;3;4;8
      0.140514794975; 1;3;8
      0.140449967895; 0;1;4;5;7;8
      0.140434669811; 0;5;7;8;9;10
      0.140410660853; 0;1;2;3;4;5;7;9
      0.140389958078; 1;3;4;6;7;8;9;10
      0.140366947823; 0;3;4;5;7;9
      0.140361249409; 0;1;3;4;5;6;7;8;10
      0.140311824722; 0;1;2;3;6;7;9
      0.140264345733; 5;6;9;10
      0.140263239052; 0;2;3;5;6;7;8;10
      0.140155033831; 1;3;5;6;7
      0.140154889237; 1;5;6;7;8;9
      0.140116996649; 0;3;4;6;9
      0.140069801993; 0;1;3;4;6;7;9;10
      0.140045466769; 1;3;6;7;8
      0.140029655774; 3;4;6;9
      0.140016812741; 1;2;3;7;9
      0.139993201236; 4;6;7;8;9
      0.139985470812; 1;2;5;7
      0.139874540568; 0;3;4;6;7;9;10
      0.139872806024; 2;3;6;8;9
      0.139848911001; 0;4;5;7;8
      0.139842647997; 2;5;7;8;9;10
      0.139790236359; 0;2;8;9;10
      0.139787222444; 1;2;3;4;6;8;10
      0.139777159739; 0;1;2;3;4;6;7;10
      0.139777039407; 0;1;2;3;4;5;7;10
      0.139769833803; 0;3;4;5
      0.139759069670; 0;1;5;6
      0.139758259776; 0;1;2;3;4;5;6;7;10
      0.139750551610; 0;1;3;4;5;8;9;10
      0.139739970015; 0;1;2;8;10
      0.139715668898; 0;2;3;4;5;7;8
      0.139710584310; 3;4;5;6;8;9;10
      0.139706440109; 1;2;3;4;6;9;10
      0.139703305625; 1;2;3;7;8;9;10
      0.139697193207; 1;2;3;4;6;7;9;10
      0.139682895530; 3;4;5;8;9
      0.139676663149; 0;1;6;7;9
      0.139669914132; 0;2;6;7;9;10
      0.139667954428; 0;1;2;4;5;7;9
      0.139633469889; 0;1;2;6;10
      0.139620256266; 0;1;2;3;5;7;8
      0.139612825421; 0;1;2;4;8;9
      0.139563525704; 0;1;3;4;6;8;9;10
      0.139516368504; 1;5;7;9;10
      0.139512966155; 1;2;3;5;8;9
      0.139435277164; 1;3;6
      0.139422213988; 0;1;3;4;6;7;10
      0.139371838653; 0;1;2;4;6
      0.139312746925; 4;6;8;9
      0.139291213041; 1;2;4;7;8
      0.139247259335; 0;1;2;3;4;7;9
      0.139224504073; 0;2;4;8;9;10
      0.139223933421; 0;1;6;9
      0.139222148440; 1;3;4;5;6;7
      0.139185836014; 0;1;2;5;6
      0.139032599491; 0;2;3;4;5;6;10
      0.139017469356; 0;1;2;3;5;8;9
      0.138981067775; 1;4;5;7;9
      0.138955981364; 0;1;2;3;5;7;8;9
      0.138951809632; 0;2;3;5;6;7;8;9
      0.138946022380; 0;1;2;7;10
      0.138936817374; 0;1;2;3;5;7
      0.138916209599; 0;2;4;6;9
      0.138897533907; 0;1;2;3;4;6;7
      0.138895277793; 0;1;2;7;9
      0.138874619446; 0;1;3;5;8
      0.138858893764; 2;5;6;7;8;9
      0.138836806946; 3;5;6;7;8
      0.138786220357; 1;2;3;4;6;7;10
      0.138770385040; 1;3;5;6;7;8
      0.138734842893; 0;1;6;8
      0.138734602100; 0;1;2;5;7;10
      0.138705578438; 3;4;6;7;8;9
      0.138704074056; 3;4;6;7;9
      0.138669891379; 0;1;2;3;7;8;9
      0.138663901646; 0;1;3;4;6;7
      0.138627517006; 0;1;6;8;9;10
      0.138570013355; 1;2;4;7;9;10
      0.138534229544; 0;3;4;5;8;9
      0.138524356521; 0;1;2;3;5;7;9
      0.138521120414; 4;6;7;9;10
      0.138513702118; 0;1;5;7;8;9;10
      0.138469010441; 0;1;3;5;6;8;9;10
      0.138412349225; 3;5;6;8;9
      0.138409034972; 1;2;3;5;6;7;10
      0.138408580436; 1;5;9;10
      0.138399739781; 1;2;3;7;8;9
      0.138346310930; 4;8;10
      0.138343721933; 1;2;3;4;7;8;9;10
      0.138341688554; 2;4;5;8;9;10
      0.138323357240; 1;2;3;6;7;9
      0.138307893376; 1;6;7;10
      0.138287071597; 2;3;5;8;9
      0.138214046100; 0;2;3;5;6;7;9;10
      0.138210379047; 0;3;4;7;8;9
      0.138194090024; 1;2;5;10
      0.138174537715; 2;3;5;6;7;9
      0.138170439193; 3;4;5;6;9
      0.138145716052; 0;4;5;7;9;10
      0.138057677059; 1;7
      0.137943247942; 0;2;3;4;6;8;10
      0.137896034485; 0;2;3;6;7;8
      0.137854399499; 3;4;5;6;7;9
      0.137801267882; 0;1;2;3;4;5;7;9;10
      0.137795488547; 0;2;5;7;9;10
      0.137776202813; 1;7;8;9;10
      0.137766675383; 2;3;4;6;7;8;9
      0.137763705306; 2;4;5;9;10
      0.137744874812; 1;2;7;8;9
      0.137743314156; 0;2;6;7;10
      0.137718899476; 0;1;4;9
      0.137718315142; 0;1;8;9;10
      0.137612453767; 0;3;4;5;7;8;9;10
      0.137597643925; 1;2;3;4;8;9
      0.137544458315; 0;1;2;3;4;5;7
      0.137526527722; 1;2;4;10
      0.137507713538; 0;1;2;4;5;9
      0.137498863985; 0;5;6;7;9;10
      0.137484707626; 2;4;5;6
      0.137463924168; 1;2;5;9;10
      0.137440043550; 1;3;4;5;6;9;10
      0.137432910774; 0;2;5;7;8;9;10
      0.137427234258; 0;1;3;6;7;8
      0.137419029453; 1;2;3;4;6;7
      0.137386563211; 1;3;4;5;7;9;10
      0.137368904673; 4;6;8;9;10
      0.137320604191; 0;2;3;4;6;9
      0.137316517816; 1;2;4;6;7;9;10
      0.137310581979; 0;3;4;5;7;8;9
      0.137282875620; 1;2;7;9;10
      0.137278902453; 1;3;4;6;7;8;10
      0.137203550543; 0;2;4;6;7;9
      0.137138104436; 1;2;3;4;5;7
      0.137137506801; 1;3;4;5;6;7;10
      0.137115465205; 0;1;3;4;5;7;9
      0.137062341731; 1;2;5;7;8
      0.137044989565; 2;4;6;7;8;9
      0.137036846269; 1;3;4;7;8;9;10
      0.137031188748; 0;4;6;7;8;9
      0.137019929588; 1;4;8;9
      0.137010422396; 1;3;4;6;7
      0.137009394695; 1;2;4;5;9
      0.137000577757; 1;2;3;4;5;7;9
      0.136994563994; 0;2;3;5;6;7;8;9;10
      0.136992311052; 2;5;6;9
      0.136968078838; 1;2;3;5;6;7;9
      0.136940236217; 2;10
      0.136934061870; 4;6;7;8
      0.136909480375; 0;1;5;6;7;9
      0.136907590494; 4;5;8
      0.136900612198; 0;1;3;5;7;9
      0.136877687510; 2;3;4;5;8
      0.136874620867; 0;1;3;5;6;7;8
      0.136871815416; 0;1;3;4;7;8;9
      0.136868721591; 0;2;4;8;10
      0.136863596372; 3;6;8
      0.136832372094; 0;3;4;5;6;7;8
      0.136827545269; 0;2;4;6;7;9;10
      0.136818343885; 0;1;4;5;7;8;9
      0.136766707484; 0;2;6;7;8
      0.136758847612; 0;5;6;7
      0.136738081381; 1;5;7;8;9;10
      0.136735671729; 0;1;3;4;5;6;10
      0.136729723877; 2;3;5;6;7;8;9
      0.136721989986; 1;2;3;5;6;7;9;10
      0.136716691036; 0;2;6;10
      0.136698494638; 0;1;5;7;10
      0.136645989296; 0;1;5;6;9;10
      0.136640817488; 4;7;8;9;10
      0.136637725913; 0;2;3;6;8;9;10
      0.136598164226; 0;1;2;10
      0.136573035105; 0;1;2;3;5;6;9
      0.136554901077; 1;2;3;5;7;8;9
      0.136547168505; 0;2;3;5;6;7;9
      0.136544509099; 0;1;2;3;4;6;8;9
      0.136484950349; 0;1;3;4;7;9
      0.136438540881; 1;3;5;6;8;9;10
      0.136436321172; 0;1;3;6;8;9
      0.136423779362; 1;2;3;5;6;7;8;10
      0.136331683580; 0;1;2;3;5;6;8;10
      0.136315106260; 0;1;2;3;6;8;10
      0.136265985707; 0;1;3;4;5;9
      0.136234761263; 0;1;4;5;10
      0.136228198664; 0;1;2;3;6;8;9;10
      0.136207662944; 0;1;6;7;8;10
      0.136202745997; 0;2;4;7;8;9;10
      0.136198904095; 0;3;5;6;7;8;9;10
      0.136180976019; 0;1;3;4;5;7;8;10
      0.136158781258; 1;2;5;7;9;10
      0.136155210550; 5;9
      0.136149820007; 1;2;5;6
      0.136134108944; 0;1;2;3;6;7;8;10
      0.136115023975; 0;1;2;3;5;7;8;9;10
      0.136086357594; 1;2;3;4;5;8;9
      0.136056019801; 2;6;7;8
      0.136033764109; 0;4;6;7;8
      0.136003175427; 0;2;3;5;7;8;9
      0.135989642976; 0;4;5;7;10
      0.135922592649; 2;6;7;8;10
      0.135898662868; 0;1;5;6;7;8
      0.135865420838; 0;1;3;5;6;7;8;9
      0.135855747204; 1;2;3;4;7;8;9
      0.135818271879; 0;1;5;6;9
      0.135806675853; 0;2;4;5;6;7;9
      0.135784476566; 2;4;6;7;9;10
      0.135761079354; 0;2;6;7;8;9
      0.135740456807; 1;2;4;6
      0.135698227210; 0;1;3;4;6;9
      0.135687799149; 1;8;9
      0.135684041741; 1;3;5;6;7;8;9
      0.135678489421; 0;2;3;6;7;8;9
      0.135668819270; 1;2;3;5;6;9
      0.135648663756; 2;4;5;6;9
      0.135628133352; 0;1;3;4;6;9;10
      0.135600527576; 0;2;3;4;5;6;9;10
      0.135583019788; 0;3;4;5;6;7;8;10
      0.135569344701; 1;2;5;6;9
      0.135556963182; 2;3;4;6;8;9;10
      0.135548236670; 4;5;7;8;9;10
      0.135521459467; 1;2;3
      0.135501935106; 1;2;3;4;8
      0.135486288469; 0;1;3;5;6;9
      0.135444447287; 0;1;2;3;5;6;7;10
      0.135412911398; 0;1;2;3;5;6;8;9
      0.135412783285; 1;3;4;5;7;8;9;10
      0.135407532476; 0;5;6;7;8;9
      0.135407232956; 0;2;3;4;5;6;7
      0.135406292569; 1;3;4;5;6;7;8
      0.135400907341; 1;2;5;7;10
      0.135352076308; 0;3;4;5;6;8;10
      0.135341935050; 0;1;4;5;9
      0.135328788069; 0;1;2;5;7;8;9
      0.135324405061; 1;2;5;6;7
      0.135298522542; 1;2;3;4;6;7;8;10
      0.135287971280; 0;1;3;4;7;8;9;10
      0.135281181116; 0;1;2;4;7;9;10
      0.135277579179; 0;1;6;8;10
      0.135276743021; 0;1;2;4;7;8;10
      0.135246747526; 0;1;2;3;6;9
      0.135245662937; 1;2;4;8;9;10
      0.135221193245; 0;1;2;7;8
      0.135202734134; 0;1;3;5;6;7;8;10
      0.135127356348; 1;3;4;6;7;8;9
      0.135123871723; 0;1;4;5;6
      0.135078412349; 0;1;4;5;8;9
      0.135072615299; 2;4;5;6;7
      0.135038669832; 2;4;5;7;8;9;10
      0.134995174640; 0;1;5;9;10
      0.134984982788; 1;4;7;9;10
      0.134975321406; 0;2;4;5;10
      0.134970153188; 1;2;5;8;9
      0.134959279702; 0;1;2;3;4;5;8
      0.134951631646; 1;2;3;6;9
      0.134889727034; 2;4;6;10
      0.134877494578; 0;4;6;10
      0.134848327621; 0;2;6;7;8;10
      0.134836957661; 0;1;2;3;7;8;9;10
      0.134822466991; 0;1;3;4;6;7;8;9
      0.134736569457; 2;4;5;6;7;8
      0.134721684024; 1;2;5;7;8;9
      0.134674302143; 0;2;3;5;6;7
      0.134670633443; 4;5;8;9
      0.134664817463; 0;1;2;4;6;9
      0.134657949329; 0;6;8;10
      0.134657146010; 0;2;3;4;5;6;7;9;10
      0.134647971646; 0;1;2;4;5;7;8
      0.134637805193; 0;2;8;10
      0.134635499946; 0;1;2;3;4;7;8;10
      0.134619261776; 2;3;4;5;6;8;9;10
      0.134617590272; 1;2;3;4;5;7;8;10
      0.134597250655; 0;1;5;7;8
      0.134555031541; 1;2;3;4;5;6;9;10
      0.134526592607; 0;1;2;6;7
      0.134507799615; 0;2;5;8;9
      0.134472332183; 0;1;6;7;8;9
      0.134396199616; 2;3;4;6;7;8;9;10
      0.134388496962; 0;1;2;4;5;8;9
      0.134369571947; 0;2;3;4;6;7;9;10
      0.134318678023; 0;2;3;4;6;7;9
      0.134284766543; 0;1;2;3;4;6;9;10
      0.134272454749; 1;2;3;5;8;9;10
      0.134253136494; 0;3;4
      0.134234582394; 0;4;6;7;9;10
      0.134209416995; 0;1;2;3;4;5;7;8;10
      0.134142220293; 0;1;2;3;6;7;8;9;10
      0.134139056738; 0;2;3;4;5;6;7;10
      0.134138762145; 0;5;6;7;8;10
      0.134122717030; 0;1;6;9;10
      0.134053087626; 2;3;4;5;6;8;10
      0.134026639421; 1;2;3;4;5;7;8;9
      0.134017695183; 0;1;2;5;6;7
      0.134013221094; 0;3;4;6;7;8
      0.134011171895; 1;3;5;6;9
      0.134008721354; 0;1;2;4;8;9;10
      0.133988645037; 0;1;3;6;7;8;9
      0.133986629422; 0;2;3;4;5;8
      0.133973278851; 1;2;4;8;10
      0.133958450608; 5;6;7;8;10
      0.133942777616; 0;2;4;6;7;10
      0.133921431420; 1;2;6;7;9
      0.133907164828; 0;1;2;5;7;8
      0.133890176450; 0;2;3;5;6;8;10
      0.133878844583; 0;2;3;6;9
      0.133837135440; 0;2;6;8;9;10
      0.133836935096; 0;2;3;4;5;6;8;9;10
      0.133826896463; 1;2;3;5;6;7;8;9;10
      0.133814420657; 1;4;7;8
      0.133781729037; 1;3;5;8;9
      0.133777117150; 0;1;4;5;7;10
      0.133773063728; 0;1;2;5;7;8;10
      0.133762287273; 0;1;3;4;5;7;8
      0.133719435217; 1;3;4;9
      0.133713447968; 1;5;6;7;9;10
      0.133653508735; 1;3;6;9
      0.133616150386; 0;2;4;6
      0.133599588036; 1;2;3;4;6;7;9
      0.133589247106; 0;2;3;4;6;8;9;10
      0.133582083667; 0;1;5;7;9;10
      0.133572714047; 4;6;7;8;10
      0.133570072175; 0;2;3;4;5;7;8;9;10
      0.133562580748; 1;2;5;6;7;8
      0.133528164442; 0;2;3;4;6;8;9
      0.133523714967; 0;1;4;8
      0.133518991020; 0;3;4;5;6;7;9
      0.133508865894; 0;4;5;6;7;8;9;10
      0.133495335492; 2;5;6;7
      0.133444595241; 0;1;6;7;9;10
      0.133404297832; 0;3;4;6;7;8;9
      0.133378072832; 0;1;2;3;4;6;8
      0.133373971627; 1;2;3;4;5;8
      0.133358611616; 1;6;9;10
      0.133344395695; 1;2;3;6;8;9;10
      0.133328648063; 2;4;6;8;10
      0.133321599173; 0;4;7;8;9;10
      0.133285652819; 0;1;6;7;8;9;10
      0.133248770918; 0;1;2;7;8;9;10
      0.133236589470; 0;1;2;3;5;6;7;9;10
      0.133226644881; 0;1;2;3;4;7;8;9;10
      0.133207652440; 2;3;4;5;6;7;8;10
      0.133207048314; 4;5;8;9;10
      0.133206402508; 1;2;3;5;6;8;10
      0.133181599403; 0;1;2;3;4;6;10
      0.133181124048; 0;1;2;4;6;8
      0.133179385424; 0;2;6
      0.133161049517; 1;2;4;6;7;9
      0.133152134983; 0;1;4;5;7;9;10
      0.133111564711; 0;1;2;3;6;8;9
      0.133103538045; 0;1;2;3;4;5;8;9;10
      0.133099927203; 1;2;7;8;10
      0.133059630838; 0;2;4;7;9;10
      0.133036831965; 1;3;4;6;9
      0.132998443489; 1;2;3;4;6
      0.132992921724; 0;2;4;5;7;8;9
      0.132974459942; 1;2;4;8;9
      0.132950505003; 2;4;5;7;8;10
      0.132944273105; 2;5;8;9;10
      0.132932172631; 0;1;3;4;6;7;8;10
      0.132901263846; 0;1;2;6;7;9
      0.132880272014; 0;1;2;5;8
      0.132873100799; 0;1;4;6;7;8;9
      0.132863694735; 0;2;4;5;7;8;10
      0.132807971156; 1;2;3;4;5;8;10
      0.132803726746; 0;1;2;4;7;8;9
      0.132793990525; 1;2;3;4;5;6;7
      0.132791696685; 0;1;2;5;8;9
      0.132785167963; 1;2;3;4;6;9
      0.132741820184; 0;2;4;5;8;9
      0.132734460985; 0;1;5;8;10
      0.132690859022; 1;3;4;6;8;9;10
      0.132667587700; 2;5;6;7;9;10
      0.132659243790; 0;2;4;5;8
      0.132633118857; 0;1;5;8
      0.132625753736; 0;2;4;6;7;8
      0.132602127039; 1;3;6;8;9
      0.132600502518; 1;2;7;8;9;10
      0.132594152492; 0;5;6;10
      0.132593634665; 0;1;2;4;6;7;10
      0.132570003732; 0;1;3;4;5;6;7;9;10
      0.132569652232; 0;2;7;8;9;10
      0.132441823803; 2;4;6;7;8;10
      0.132429801083; 0;2;5;6;7;9;10
      0.132422731621; 0;1;4;7;9;10
      0.132405862904; 0;2;3;4;5;6
      0.132357457308; 0;1;2;6;7;10
      0.132338906645; 0;1;3;4;6;8
      0.132329981565; 1;2;3;4;5;7;8;9;10
      0.132281258478; 0;1;2;3;4;5;7;8;9
      0.132221144097; 4;6;9;10
      0.132162419180; 1;2;3;6;8;9
      0.132143446089; 1;2;4;5;7;8;9
      0.132127738995; 0;2;6;7;8;9;10
      0.132122187471; 0;1;4;6;9;10
      0.132122038976; 0;1;2;6;7;9;10
      0.132119801815; 1;2;3;5;8
      0.132112795332; 0;6;7;8;9;10
      0.132098475765; 5;6;7;9;10
      0.132094348599; 0;1;2;3;4;5;6;10
      0.132018714847; 0;1;2;4;5;9;10
      0.132016513707; 0;2;4;6;8
      0.132012603240; 0;1;2;5;9;10
      0.132001407987; 1;2;4;5;10
      0.131974504231; 0;1;2;7;9;10
      0.131970092441; 0;2;3;5;7;8
      0.131959228753; 1;2;10
      0.131878643686; 1;2;5;7;8;10
      0.131867647556; 1;3;4;7;8
      0.131858262734; 0;2;3;6;7;9
      0.131856410761; 4;6;7;8;9;10
      0.131832738897; 0;1;5;6;10
      0.131759567131; 2;4;5;6;7;9;10
      0.131755347501; 0;1;3;4;6;7;8
      0.131753817579; 0;1;3;4;5;7;9;10
      0.131741691549; 1;3;4;5;8;9
      0.131722763566; 1;6;7
      0.131658004714; 1;2;5;6;7;8;9
      0.131654862673; 0;1;4;6;7;9;10
      0.131654832494; 1;2;4;7;8;10
      0.131628073420; 2;3;4;5;6;7;9;10
      0.131625875662; 0;4;6;7;9
      0.131623322121; 0;1;2;5;6;10
      0.131604331488; 1;2;5;8
      0.131574345250; 1;2;6;7;8;9
      0.131545008900; 0;2;3;5;6;9
      0.131509070183; 4;5;6;7;8
      0.131469151178; 0;2;4;6;9;10
      0.131443235643; 0;2;6;8;9
      0.131436090023; 5;6;7;10
      0.131431196359; 1;2;4;6;9
      0.131420652419; 0;2;5;6;7;8;9
      0.131390083412; 1;2;3;4;5;6;10
      0.131385955225; 0;1;2;3;4;5;6;7
      0.131383907944; 2;5;6;10
      0.131376773989; 1;3;4;5;6;7;9
      0.131317274816; 0;2;5;6
      0.131279590083; 1;2;4;5;7;8
      0.131274280882; 0;1;2;3;4;6;8;10
      0.131261445861; 1;2;4;5;6;7;9
      0.131248270559; 1;2;3;4;5;6;7;9
      0.131236607310; 0;1;5;6;7
      0.131218458368; 1;2;3;5;6;8;9;10
      0.131183940994; 0;4;5;6;7;8;10
      0.131173806227; 1;3;4;5;6;7;8;10
      0.131149992661; 2;4;5;6;7;9
      0.131149467047; 4;5;6;7;8;9
      0.131138085717; 0;1;2;3;4;5;8;9
      0.131120457636; 0;1;2;4;5;7;10
      0.131052239816; 0;1;4;7;8;9
      0.131041491653; 1;4;5;7;8;9
      0.131020064495; 0;4;9;10
      0.131002923541; 0;1;4;6;7;8;10
      0.130986243535; 1;3;6;7;8;9
      0.130974125016; 1;2;5;6;7;9
      0.130937062798; 2;5;6;9;10
      0.130927206849; 0;1;2;8;9;10
      0.130910928723; 1;2;3;4;5;8;9;10
      0.130896064904; 0;6;7;8;10
      0.130877137396; 1;2;3;6;7;8;9;10
      0.130868476788; 1;2;8;9;10
      0.130839897595; 2;5;6;7;8
      0.130768201939; 0;5;6;7;8;9;10
      0.130744676463; 0;2;3;4;6;7;8;9;10
      0.130737660792; 0;2;5;8;9;10
      0.130678450691; 0;1;5;7;8;10
      0.130667893116; 0;4;5;6;7;9
      0.130625652510; 0;1;4;7;8;9;10
      0.130579738218; 3;4;5;8
      0.130495931772; 1;2;3;4;5;9
      0.130473253196; 0;4;5;6;7
      0.130454579561; 0;1;2;4;5;8
      0.130413855857; 0;1;2;3;4;5;8;10
      0.130373424135; 0;1;2;3;5;6;7;8;9;10
      0.130365281281; 0;1;2;3;5;6;7;9
      0.130364076800; 0;4;5;6;7;8;9
      0.130359751430; 0;2;3;4;5;6;8;9
      0.130357076770; 0;2;3;5;6;8
      0.130279426757; 0;1;2;3;5;7;8;10
      0.130277191004; 2;4;5;6;8;9
      0.130241176826; 0;2;3;4;6;7;8;9
      0.130205896044; 0;2;3;4;5;7;8;9
      0.130164677805; 0;1;2;6;8;9
      0.130159421670; 0;2;4;5;7;8;9;10
      0.130153396985; 1;5;7
      0.130146892549; 0;1;5;6;7;8;9
      0.130134693784; 2;6;8;9;10
      0.130120466229; 0;1;2;3;4;7;8;9
      0.130094490284; 2;5;6;8;9
      0.130089589794; 1;8;10
      0.130066395523; 1;5;7;8;10
      0.130042284370; 1;3;4;5;6;7;8;9;10
      0.130018487037; 0;1;2;3;4;5;9;10
      0.129992810297; 0;1;4;6;7;9
      0.129974672587; 0;1;3;4;5;6;8;9
      0.129922273795; 2;6;10
      0.129828041276; 0;2;3;4;5;6;9
      0.129819685816; 1;5;7;8
      0.129803106918; 1;2;4;5;7;8;10
      0.129762048137; 1;3;4;6;7;8
      0.129728415154; 0;4;6;7;10
      0.129673495731; 0;1;4;5;9;10
      0.129660691667; 0;1;2;6;7;8;9
      0.129644468143; 1;2;3;4;6;7;8
      0.129604878026; 2;4;6;8
      0.129604256490; 1;2;3;6;7;8
      0.129592404732; 0;1;2;5;6;7;8
      0.129569662673; 0;1;2;6;7;8;9;10
      0.129510276267; 0;4;5;7;8;10
      0.129478072320; 0;2;4;5;6;7
      0.129470834246; 0;2;4;5;6
      0.129448911656; 0;1;3;4;6;8;9
      0.129344842565; 0;1;2;3;4;5;6;7;8;10
      0.129318441104; 0;1;2;3;7;9
      0.129315984005; 0;1;4;8;10
      0.129262684412; 0;3;4;5;6;7;8;9
      0.129249275515; 3;4;5;6;7;8
      0.129246585332; 2;3;5;6;8;9
      0.129214350932; 0;2;4;5;7;10
      0.129209946801; 1;2;4;5;7;9;10
      0.129200231830; 0;1;2;3;4;5;6;9
      0.129186110642; 2;3;4;6;8;9
      0.129172872439; 0;4;6;9;10
      0.129170407860; 0;3;5;6;7;8
      0.129162382605; 0;1;2;6;7;8
      0.129162212601; 1;2;4;5;6;7;10
      0.129146088950; 0;1;2;3;5;6;7
      0.129137291500; 0;1;2;3;5;6;7;8;10
      0.129110036175; 1;3;4;5;7;8;9
      0.129107967622; 1;3;5;8
      0.129101066478; 1;2;8;9
      0.129079968419; 1;3;4;6;7;9
      0.129077581316; 1;2;3;4;5;6
      0.129077103231; 1;2;3;4;5;6;8;10
      0.129068467939; 0;2;3;4;6;7;8;10
      0.129019730133; 0;2;4;6;10
      0.129017046563; 1;2;3;4;6;8
      0.128984097246; 0;2;3;5;6;8;9
      0.128892108153; 0;1;2;3;4;5;6;7;9;10
      0.128884733666; 0;1;2;5;6;7;8;9
      0.128866825772; 1;2;6;7;8
      0.128784231838; 0;2;4;5;6;8
      0.128756700132; 1;2;3;4;6;7;8;9;10
      0.128733776965; 0;2;4;5;6;7;10
      0.128693759151; 0;1;4;6;7;10
      0.128689209522; 0;1;4;6;8;9
      0.128647144091; 2;4;5;6;7;8;9
      0.128644968780; 0;1;2;4;5;7;8;10
      0.128495233002; 1;3;4;5;6;9
      0.128411975942; 2;5;6;7;8;10
      0.128394666124; 1;6;8;9
      0.128392793476; 0;6;8;9
      0.128386851186; 3;4;6;8
      0.128366689511; 0;1;4;5;6;7
      0.128365237460; 0;1;2;3;4;6;7;8;9
      0.128358021007; 0;1;6;7;8
      0.128355384419; 0;1;2;3;4;6;7;9;10
      0.128352297263; 0;1;2;4;6;7;9
      0.128339335569; 1;2;6;7;9;10
      0.128330412237; 1;2;4;5;6;7
      0.128323033905; 1;4;5;7;8
      0.128311690372; 2;4;6;8;9;10
      0.128307266212; 0;4;6;7;8;9;10
      0.128288533287; 3;4;5;6;8;9
      0.128273034648; 0;1;3;4;5;6
      0.128241428568; 4;5;9
      0.128231438316; 0;4;5;7;8;9;10
      0.128210596781; 1;3;4;5;7;8
      0.128201448873; 0;4;5;6;7;8
      0.128137730212; 0;2;3;4;5;8;9
      0.128069334688; 0;1;3;4;5;6;8
      0.128042654223; 0;2;4;6;7;8;9
      0.128034574118; 2;3;4;5;6;9
      0.127989147728; 0;4;6;7;8;10
      0.127979706974; 1;3;4;5;7;9
      0.127927301963; 0;1;3;4;5;6;8;10
      0.127924379303; 0;2;5;6;7;9
      0.127875997096; 0;2;3;4;5;6;7;8;10
      0.127855115275; 2;3;4;5;6
      0.127815010576; 1;3;4;5;6;8;10
      0.127740071826; 0;1;4;5;6;8
      0.127731825694; 0;1;2;3;6;8
      0.127663442805; 0;1;5;8;9;10
      0.127652473881; 0;1;4;8;9;10
      0.127643403779; 1;2;3;4;5;6;7;10
      0.127627293078; 1;2;4;5;7;10
      0.127620239756; 0;1;2;3;4;5;7;8
      0.127619503662; 0;6;9
      0.127563128895; 0;1;2;3;5;6;8
      0.127548853456; 1;2;3;5;6
      0.127521957939; 0;2;5;6;7;8;10
      0.127500803860; 0;3;4;5;6;9
      0.127499033025; 0;1;2;5;6;7;9
      0.127454344925; 5;6;8;9;10
      0.127414860508; 1;5;8;9;10
      0.127396033010; 0;1;5;6;8;9;10
      0.127391167278; 2;3;4;5;6;7;8;9;10
      0.127374841540; 1;2;3;4;5;6;7;8;10
      0.127362742296; 0;1;2;4;5;7;9;10
      0.127345319651; 1;2;3;4;5;6;8;9;10
      0.127333278061; 5;6;7;8;9;10
      0.127276426133; 1;2;7
      0.127268049709; 0;1;2;3;5;6;7;8;9
      0.127241033339; 0;1;2;4;6;7
      0.127203703276; 0;1;5;6;8
      0.127173780498; 1;5;6;7;8
      0.127145782346; 1;4;8;9;10
      0.127073022665; 1;2;9
      0.127065261061; 1;2;3;8
      0.127042355820; 1;2;3;6;8
      0.127028673797; 1;2;3;5;6;8;9
      0.127020618071; 0;2;4;7;8;10
      0.126994665333; 0;1;2;3;6;7;8
      0.126940160637; 2;4;5;6;7;10
      0.126910549789; 0;4;5;6;7;10
      0.126891504961; 1;4;6;7;8
      0.126881769186; 1;2;3;6
      0.126877850367; 1;2;3;8;9
      0.126805459195; 0;1;2;3;6;7;8;9
      0.126795476446; 0;2;4;5;9;10
      0.126777450137; 0;1;3;4;5;6;7
      0.126762433669; 1;2;5;6;7;10
      0.126696996494; 1;4;6;7;9
      0.126677522472; 1;4;5;7;9;10
      0.126666687297; 0;4;6;8;9
      0.126646590639; 1;3;5;6;8;9
      0.126638798732; 2;4;6;7;8;9;10
      0.126636112780; 0;2;4;5;6;9
      0.126626664726; 2;5;6;7;8;9;10
      0.126626581534; 1;2;4;6;8;9
      0.126619895385; 0;2;5;8;10
      0.126615838268; 1;2;3;5;6;7;8;9
      0.126582331244; 0;1;2;3;4;6;9
      0.126572825454; 1;3;4;8
      0.126548813602; 0;2;3;4;5;6;7;9
      0.126496295221; 0;1;3;4;5;6;9
      0.126464718909; 1;2;3;4;5;6;7;9;10
      0.126360738150; 0;1;2;4;8;10
      0.126307000009; 1;2;5;7;8;9;10
      0.126304333285; 0;2;3;4;5;6;7;8
      0.126215364264; 0;4;5;10
      0.126213165801; 0;2;4;5;8;10
      0.126163761169; 0;5;6;9;10
      0.126156089301; 1;3;4;6;8;9
      0.126147970470; 6;8;10
      0.126139031985; 0;1;2;3;4;5;6;8;10
      0.126130630341; 2;5;6;8;9;10
      0.126118348168; 0;1;2;3;5;6;8;9;10
      0.126114505397; 0;4;5;6;7;9;10
      0.126094607014; 1;2;4;7;8;9;10
      0.126089863330; 2;3;4;5;6;8;9
      0.126075381971; 0;1;2;6;7;8;10
      0.126019792401; 0;1;2;3;4;5;7;8;9;10
      0.126013023324; 1;3;4;5;6;8;9;10
      0.126008547888; 0;4;5;6;9;10
      0.125989524644; 3;6
      0.125968794266; 4;5;6;8
      0.125941129637; 1;2;3;4;6;8;9;10
      0.125940073959; 0;3;4;5;6;8;9;10
      0.125890121436; 1;2;4;6;7;8;9
      0.125853214300; 4;6;7
      0.125847878744; 1;2;4;5;8;9;10
      0.125829682521; 0;2;5;6;7;8;9;10
      0.125754282272; 0;4;5;6;9
      0.125739359878; 1;2;6;7;8;9;10
      0.125733753329; 0;1;2;4;5;7;8;9
      0.125688610746; 0;1;2;3;4;5;6
      0.125679629583; 2;4;5;6;9;10
      0.125658235792; 0;1;2;5;8;10
      0.125641911885; 5;8;10
      0.125610891982; 2;3;6
      0.125597368928; 0;1;2;6;9
      0.125571094512; 3;4;5;6;7;8;9
      0.125539068094; 2;4;5;6;8;9;10
      0.125529829895; 2;4;5;6;8;10
      0.125526289553; 1;2;4;5;8;9
      0.125520011686; 2;6
      0.125422683942; 1;2;6;7;10
      0.125404998342; 0;1;2;4;5;6
      0.125374045887; 0;2;3;4;5;6;8;10
      0.125307614833; 2;3;4;6;8
      0.125274541974; 0;2;6;9
      0.125256129023; 0;4;5;9
      0.125175595150; 1;4;5;7;10
      0.125095353824; 0;1;2;8
      0.124971545336; 1;4;5;7;8;9;10
      0.124957341162; 1;6;10
      0.124937717715; 0;1;4;5;8
      0.124935941090; 1;2;4;6;7;8
      0.124933525156; 1;2;5;6;10
      0.124896399911; 4;5;6;9;10
      0.124796154487; 1;6;8;9;10
      0.124794431441; 1;3;5;6;8
      0.124770298890; 1;2;3;4;5;7;9;10
      0.124749795008; 0;1;2;3;4;5;6;8
      0.124735612974; 1;3;4;5;8
      0.124726432319; 0;1;4;5;6;9
      0.124663624211; 0;1;4;5;8;9;10
      0.124621558267; 0;4;5;9;10
      0.124617619457; 0;1;2;4;6;8;9;10
      0.124615310482; 1;2;3;4;5;6;7;8
      0.124566906492; 1;4;9;10
      0.124553158515; 1;2;4;5;6
      0.124536144735; 0;1;2;3;5;6;7;8
      0.124504613050; 1;2;5;6;8
      0.124464663780; 0;1;2;3;4;6;7;8;10
      0.124458129787; 0;1;2;4;5;6;7
      0.124425291248; 0;1;2;3;4;5;6;8;9;10
      0.124363996675; 0;2;4;6;7;8;9;10
      0.124307822505; 1;2;5;6;8;9
      0.124231446125; 4;5;6;7;8;9;10
      0.124225847025; 1;5;8;9
      0.124224843480; 0;1;4;6;9
      0.124180294234; 0;5;6;8;9;10
      0.124158035117; 1;2;5;8;9;10
      0.124107103924; 0;1;2;4;6;7;8
      0.124077649160; 0;1;2;4;5;6;7;10
      0.124065923698; 0;2;4;5;6;7;8;9
      0.124058216964; 3;4;5;6;7;8;9;10
      0.124051160116; 1;2;4;6;8;9;10
      0.124016648710; 1;2;6;9;10
      0.123956161853; 0;1;2;5;6;8;9
      0.123939236091; 1;2;4;6;7;10
      0.123894262821; 0;2;6;8;10
      0.123887171411; 0;1;3;4;5;6;7;8
      0.123874896078; 0;2;5;6;7;10
      0.123842426261; 1;4;5;6;7
      0.123835347106; 1;3;4;5;6;8;9
      0.123758494945; 5;6;7;8
      0.123711073184; 1;2;4;5;7;8;9;10
      0.123683013402; 1;2;3;4;5;6;7;8;9
      0.123661575059; 1;10
      0.123640798760; 4;5;6
      0.123620542455; 0;1;5;6;7;9;10
      0.123599827737; 0;1;2;5;6;9
      0.123576295215; 0;1;2;4;5;6;7;9
      0.123497526281; 0;1;2;3;4;6;7;8;9;10
      0.123438129195; 1;2;5;8;10
      0.123420186591; 0;1;2;3;4;6;7;8
      0.123400013886; 0;1;4;6;7;8
      0.123397771113; 1;2;4;6;8
      0.123381588059; 5;6;9
      0.123362449125; 0;1;3;4;6;7;8;9;10
      0.123356569231; 1;2;6;9
      0.123347042268; 4;5;6;7;9;10
      0.123314320311; 0;1;2;4;5;6;7;8;10
      0.123313766956; 2;4;5;6;7;8;9;10
      0.123302756422; 0;1;4;5;7;8;10
      0.123261302150; 0;1;2;3;4;5;6;7;8
      0.123219564140; 0;1;2;4;6;7;8;9;10
      0.123181815690; 0;1;2;3;4;5;6;9;10
      0.123175847141; 0;1;2;4;6;9;10
      0.123159805396; 0;1;4;5;6;7;9
      0.123126173358; 0;3;4;5;6;7;8;9;10
      0.123106424742; 0;4;6;8;9;10
      0.123057288476; 1;2;4;5;6;7;8;9;10
      0.123024804312; 0;1;2;4;5;6;7;8
      0.123022988037; 0;1;2;4;7;8;9;10
      0.123022411960; 1;2;3;4;6;8;9
      0.123020500947; 2;3;4;5;6;8
      0.122953698316; 1;2;3;4;6;7;8;9
      0.122913159195; 2;3;4;5;6;7;8
      0.122907223542; 1;3;4;6
      0.122882612241; 0;2;3;4;5;6;7;8;9
      0.122878990505; 3;5;8
      0.122859447017; 1;2;3;4;5;6;8
      0.122846929159; 2;3;5;6;8
      0.122776593997; 0;2;5;6;8;9
      0.122734303123; 4;5;6;8;9;10
      0.122700284831; 0;2;4;5;6;7;8;9;10
      0.122686308545; 0;1;2;3;4;5;6;7;8;9;10
      0.122685940292; 0;1;3;4;6;7;9
      0.122637727989; 0;4;5;8;9;10
      0.122623468218; 4;6;8
      0.122606062121; 4;5;6;8;9
      0.122587591565; 0;2;4;5;6;9;10
      0.122571297914; 1;4;7;8;9;10
      0.122543307089; 1;2;6;7;8;10
      0.122524521042; 0;2;3;6;8;9
      0.122512770166; 0;2;3;4;6;8
      0.122509623257; 0;1;2;4;6;10
      0.122478888109; 0;2;4;5;6;8;9
      0.122313895740; 1;3;4;5
      0.122248997797; 0;2;5;6;10
      0.122199498358; 0;1;2;4;5;6;7;9;10
      0.122158829883; 0;1;4;6;10
      0.121969409045; 0;1;3;4;5;6;7;8;9;10
      0.121957226514; 0;2;5;6;9;10
      0.121820599420; 1;2;6;8;9
      0.121814612973; 0;1;2;4;5;6;8;9
      0.121812527148; 1;2;3;4;5;6;9
      0.121810533793; 0;4;5;8;9
      0.121707899837; 4;5;6;7;10
      0.121706427442; 1;4;6;7;8;9
      0.121653509547; 1;2;3;4;5;6;7;8;9;10
      0.121648051733; 0;1;2;6;9;10
      0.121640373866; 0;2;4;5;6;7;8;10
      0.121600687860; 0;5;6;7;10
      0.121583615041; 5;8
      0.121578148429; 2;6;8;9
      0.121575329867; 1;4;5;8;9;10
      0.121559124197; 0;1;5;6;7;8;10
      0.121553955680; 0;1;5;6;8;9
      0.121515691615; 1;2;3;6;7;8;9
      0.121488470631; 0;1;2;3;4;6;7;9
      0.121435977410; 1;2;4;5;6;7;9;10
      0.121417770798; 0;4;6;8;10
      0.121410278744; 0;1;2;4;6;8;9
      0.121410216531; 0;2;5;6;9
      0.121401359694; 1;2;4;6;9;10
      0.121387777211; 4;6;8;10
      0.121353657623; 1;6;9
      0.121331006278; 0;2;3;5;6;7;8
      0.121315802444; 0;2;3;4;5;6;7;8;9;10
      0.121255670299; 0;1;5;6;7;8;9;10
      0.121211209690; 0;1;2;4;5;6;8
      0.121205820434; 0;5;6
      0.121087830967; 0;2;4;6;7;8;10
      0.121043606109; 1;3;6;8
      0.121006782417; 0;2;4;5;8;9;10
      0.120840338540; 0;2;4;6;8;9;10
      0.120809796292; 0;2;4;6;8;10
      0.120769662609; 0;2;6;9;10
      0.120717077075; 0;1;2;5;7;8;9;10
      0.120670611750; 1;2;3;5;6;7;8
      0.120636243021; 0;3;4;5;6;8;9
      0.120629445109; 0;1;2;6;8
      0.120587798120; 1;3;5;6
      0.120583130594; 0;4;5;6;10
      0.120546866536; 1;3;4;5;6;7;8;9
      0.120384870714; 2;3;4;5;6;7;8;9
      0.120268241361; 4;6;10
      0.120178188103; 0;4;9
      0.120127121410; 0;1;3;4;5;6;7;9
      0.120056509604; 1;2;4;6;10
      0.120028180632; 2;5;6;8
      0.120024580994; 1;4;7
      0.119997308419; 0;1;2;3;4;6;8;9;10
      0.119978067438; 0;4;6;9
      0.119956859398; 0;1;2;4;6;7;8;9
      0.119940678749; 1;2;4;5;6;8
      0.119905087624; 0;1;2;5;6;9;10
      0.119857466923; 0;2;4;5;6;10
      0.119813946213; 0;4;5;8
      0.119771243483; 1;4;7;8;10
      0.119745088521; 1;4;6;7;9;10
      0.119696656741; 1;2;6;10
      0.119686201033; 0;1;2;4;5;6;8;10
      0.119650070918; 0;1;2;4;5;7;8;9;10
      0.119609415773; 0;1;4;5;6;7;9;10
      0.119601978525; 4;5;6;8;10
      0.119599064308; 1;5;6;7;8;9;10
      0.119516267790; 0;1;4;5;6;7;8;9
      0.119482164564; 1;2;5;6;8;9;10
      0.119471018019; 0;1;2;6;8;10
      0.119418433903; 0;1;2;5;6;7;8;9;10
      0.119376086770; 1;4;5;6;9;10
      0.119281364251; 1;2;5;6;7;8;10
      0.119242429500; 0;2;4;5;6;7;9;10
      0.119236518958; 1;2;4;6;7;8;9;10
      0.119227370393; 1;2;6;7
      0.119170416398; 0;4;5;8;10
      0.119097618695; 1;2;5;6;7;8;9;10
      0.119002218299; 0;1;4;6;8
      0.118931880229; 0;1;2;4;6;7;9;10
      0.118816901536; 0;1;2;4;6;7;8;10
      0.118776449276; 2;6;9
      0.118767593104; 1;4;6;8;9;10
      0.118748239124; 1;5;6;9
      0.118724912563; 0;1;2;4;6;8;10
      0.118716068612; 0;2;4;5;6;7;8
      0.118689503791; 0;1;4;5;7;8;9;10
      0.118660149267; 0;2;5;6;7;8
      0.118649514973; 0;1;3;4;5;6;9;10
      0.118505596378; 0;1;2;3;4;5;6;7;9
      0.118460999639; 1;2;4;6;8;10
      0.118319114835; 0;1;2;6;8;9;10
      0.118303148790; 0;1;4;5;6;8;9
      0.118293997551; 0;1;2;4;5;6;10
      0.118138952026; 1;2;6;8
      0.118120633911; 1;2;4;5;6;8;9
      0.118071164499; 0;1;4;5;8;10
      0.118070350329; 0;1;2;5;6;8
      0.118058990453; 1;3;5
      0.118056050890; 1;2;4;5;8;10
      0.118006885200; 1;2;4;5;6;7;8
      0.118001831850; 2;6;8;10
      0.117916753036; 1;2;6;8;9;10
      0.117858162274; 0;1;4;5;6;7;8
      0.117856372898; 0;1;4;5;6;7;10
      0.117853413191; 0;1;3;4;5;6;7;8;9
      0.117756501150; 1;2;3;4;5;6;8;9
      0.117693268332; 1;2;5;6;7;9;10
      0.117652478574; 1;4;6;9;10
      0.117638077331; 0;2;3;5;6;8;9;10
      0.117623342401; 0;1;2;5;6;7;9;10
      0.117611515969; 0;1;3;4;5;6;8;9;10
      0.117580799044; 0;3;4;5;6;8
      0.117550423322; 1;4;6;7
      0.117520357640; 4;5;6;7
      0.117324056441; 1;2;3;5;6;8
      0.117198946275; 0;1;5;6;7;10
      0.117196912906; 1;4;5
      0.117164078094; 0;1;2;4;5;8;9;10
      0.117138492558; 1;2;4;5;9;10
      0.117128653277; 1;2;4;5;6;8;10
      0.117026085105; 1;2;4;6;7;8;10
      0.116949153883; 1;2;8;10
      0.116921951959; 0;2;3;4;5;6;8
      0.116869341496; 0;1;2;3;4;5;6;7;8;9
      0.116775382252; 2;4;5;6;7;8;10
      0.116760396692; 2;4;5;6;10
      0.116592290084; 4;5;6;7;8;10
      0.116569006249; 0;5;6;8;9
      0.116470038305; 1;4;6;7;10
      0.116395140600; 1;6;7;8;9;10
      0.116391398981; 1;2;4;5;6;9
      0.116389784334; 4;5;6;9
      0.116262000169; 0;2;4;6;8;9
      0.116232652633; 0;1;2;4;5;8;10
      0.116151604851; 0;2;5;6;8;10
      0.116090755821; 1;3;4
      0.115932419507; 1;2;4;5;6;7;8;9
      0.115895029652; 0;1;4;5;6;7;8;10
      0.115804586213; 0;1;2;5;6;7;10
      0.115723401285; 1;4;6;9
      0.115710675527; 0;1;2;5;6;7;8;10
      0.115674092037; 0;1;2;4;5;6;7;8;9
      0.115644960159; 0;1;2;4;5;6;9
      0.115634571274; 2;5;6;8;10
      0.115467025098; 1;5;6;7;10
      0.115420611771; 1;4;5;8;9
      0.115383556816; 0;1;2;3;4;5;6;8;9
      0.115375919011; 1;2;4;5;6;10
      0.115229367523; 0;2;6;8
      0.115195439701; 0;2;5;6;8
      0.115149396871; 1;3;4;6;8
      0.115134629239; 0;1;4;6;7;8;9;10
      0.115039939881; 0;2;5;8
      0.114877659068; 1;4;5;8;10
      0.114815390531; 0;1;2;5;8;9;10
      0.114376914850; 0;1;4;6;8;10
      0.114265346818; 0;5;6;8;10
      0.114249958094; 0;1;2;5;6;8;9;10
      0.114192172097; 1;4;5;6;7;9
      0.114120097553; 1;4;5;6;9
      0.114085616814; 0;4;6;8
      0.114042416279; 4;6;9
      0.114029232827; 0;1;2;4;5;6;7;8;9;10
      0.113999484457; 0;4;5;6;8;9;10
      0.113901895590; 0;4;5;6;8;9
      0.113734674522; 0;1;2;4;5;6;9;10
      0.113725495833; 0;1;4;5;6;10
      0.113635076729; 4;5;10
      0.113547098017; 1;4;5;6;8
      0.113495736595; 3;4;6
      0.113471930557; 1;4;5;6;7;8
      0.113466820983; 3;4;5;6
      0.113445599099; 3;5
      0.113436196029; 5;6;7
      0.113399598705; 1;4;5;6;7;9;10
      0.113396093169; 0;1;2;5;6;8;10
      0.113365755361; 1;4;5;9;10
      0.113360795971; 1;5;6;8;9
      0.113278726388; 3;4;5;6;8
      0.113258211260; 0;2
      0.113218020123; 1;2;5;6;8;10
      0.113020935455; 1;4;5;6;7;8;9
      0.112875069514; 1;2;6;8;10
      0.112754773274; 1;5;6;9;10
      0.112726442487; 1;4;5;7;8;10
      0.112617860914; 1;4;6;7;8;10
      0.112590826658; 0;2;4;5;6;8;9;10
      0.112498933532; 1;2;4;5;6;7;8;10
      0.112393495614; 1;4;6;7;8;9;10
      0.112331335156; 3;5;6
      0.112188952325; 2;4;5;6;8
      0.112153499437; 4;6
      0.112152004277; 1;5;6;7
      0.112056216576; 1;2;4;5;6;9;10
      0.111773463115; 0;1;4;5;6;8;10
      0.111765014897; 1;3;4;5;6
      0.111724260289; 1;4;6
      0.111687369795; 1;4;6;8;9
      0.111609421827; 0;1;2;4;5;6;8;9;10
      0.111597222927; 0;1;4;6;8;9;10
      0.111581165154; 2;3;6;8
      0.111490011983; 1;2;8
      0.111412552011; 0;4;5;6;8;10
      0.111367130974; 1;6;8;10
      0.111343839706; 0;4;5
      0.111316562696; 1;4;8
      0.111201327157; 6;9
      0.111131540749; 0;1;4;5;6;8;9;10
      0.111090946194; 1;4;5;9
      0.110924349796; 0;1;5;6;8;10
      0.110791911857; 0;5
      0.110667660075; 0;1;4;5;6;9;10
      0.110638956915; 1;4;8;10
      0.110632658215; 1;4;5;6;7;8;9;10
      0.110546420964; 0;4;5;6
      0.110521884333; 1;4;6;10
      0.110502670808; 1;4;6;8;10
      0.110484235901; 0;6;8
      0.110405391217; 1;5;9
      0.110337830342; 1;2;4;5;6;8;9;10
      0.110205825622; 4;5;6;10
      0.110202617765; 1;4;5;6;7;10
      0.110178622125; 1;4;5;6
      0.109999908931; 1;5;6;7;8;10
      0.109794023522; 1;2;5;6;9;10
      0.109611536638; 0;4;6
      0.109504117693; 1;5;6;8;9;10
      0.109461673880; 0;5;8
      0.109405110154; 1;4;6;8
      0.109309443053; 0;4;5;6;8
      0.109273152642; 0;2;4;5;6;8;10
      0.109254626498; 1;4;5;6;7;8;10
      0.109101910713; 0;2;5;6;8;9;10
      0.109052209841; 5;6
      0.109019317955; 1;4;5;6;8;9;10
      0.108916615029; 1;4;5;6;8;9
      0.108529297924; 0;1;4;5;6;7;8;9;10
      0.108372825930; 0;5;6;8
      0.108336195766; 3;4;5
      0.107669621895; 1;6;8
      0.107635115396; 3;4
      0.107524080942; 1;3;4;5;6;8
      0.106959620496; 3;5;6;8
      0.106316103241; 1;4;10
      0.106243004358; 1;4;5;6;8;10
      0.105637802953; 5;6;8;10
      0.105236564602; 1;5;8;10
      0.104998121948; 1;4
      0.104458640449; 5;6;8
      0.104366261842; 0;6
      0.104240223697; 1;6
      0.104163432244; 2;8
      0.104057231640; 1;4;5;8
      0.103759442427; 4;8
      0.102885534869; 5;6;10
      0.102654280588; 1;4;5;10
      0.101727599118; 1;4;9
      0.101666040649; 0;4
      0.101580686090; 2;6;8
      0.101392888444; 1;9
      0.101314844956; 6;8
      0.100512290806; 4;10
      0.100045938858; 1;5;6;10
      0.099723926380; 0;8
      0.099195457132; 1;5;6;8
      0.099074590952; 1;4;5;6;10
      0.099069320980; 6;7
      0.098155335754; 1;5
      0.097865381155; 1;5;10
      0.097339635241; 6;10
      0.096870107210; 0;4;8
      0.096541694889; 0;2;8
      0.094751803368; 1;5;6;8;10
      0.094324349663; 1;5;8
      0.094038646133; 5;10
      0.093287493944; 1;5;6
      0.093286382037; 4;9
      0.092998205417; 1;8
      0.086143942239; 4;7
