ps_Pass,Passprozente,ps_Zweikampf,Zweikampfprozente,ps_Fouls,ps_Gefoult,ps_Laufweite,ps_Abseits,ps_Assists,ps_Fusstore,ps_Kopftore,classes,test
39.5845824411135,76,20.0428265524625,55.0,1.00214132762313,1.34903640256959,10.9522483940043,0.0770877944325482,0.0770877944325482,0.0,0.0,Aussenverteidiger,Aussenverteidiger
38.967032967033,81,13.6483516483516,55.0,0.593406593406593,0.791208791208791,10.7010989010989,0.593406593406593,0.0,0.593406593406593,0.0,Fluegelspieler,Fluegelspieler
44.9260273972603,77,23.2767123287671,55.0,1.18356164383562,1.77534246575342,11.2157260273973,0.0,0.0493150684931507,0.0,0.0,Aussenverteidiger,Aussenverteidiger
37.3029772329247,82,21.4886164623468,55.0,2.15411558669002,1.62872154115587,10.8819614711033,0.10507880910683,0.262697022767075,0.0,0.0,Aussenverteidiger,Aussenverteidiger
40.3097667638484,74,14.7922740524781,55.0,1.2463556851312,0.688775510204082,9.78684402332362,0.131195335276968,0.032798833819242,0.032798833819242,0.131195335276968,Innenverteidiger,Aussenverteidiger
73.28125,92,16.25,55.0,1.09375,1.25,10.4,0.0,0.15625,0.3125,0.0,Aussenverteidiger,Aussenverteidiger
41.0810810810811,83,20.8108108108108,55.0,2.16216216216216,2.08494208494208,11.3501930501931,0.0,0.231660231660232,0.0,0.0,Defensives Mittelfeld,Defensives Mittelfeld
37.0631364562118,71,14.3340122199593,55.0,0.696537678207739,1.20977596741344,10.6562932790224,0.0,0.0733197556008147,0.0,0.0,Aussenverteidiger,Aussenverteidiger
31.2328767123288,78,24.7945205479452,55.0,1.23287671232877,1.36986301369863,10.9616438356164,0.136986301369863,0.0,0.273972602739726,0.0,Fluegelspieler,Aussenverteidiger
30.9183673469388,66,18.4438775510204,55.0,1.53061224489796,1.91326530612245,9.95127551020408,0.076530612244898,0.153061224489796,0.076530612244898,0.0,Aussenverteidiger,Aussenverteidiger
37.2941176470588,70,20.0,55.0,1.01960784313725,0.862745098039216,10.8117647058824,0.0,0.0,0.0392156862745098,0.0,Aussenverteidiger,Aussenverteidiger
44.7337278106509,77,19.3491124260355,55.0,1.18343195266272,1.59763313609467,10.4153846153846,0.0591715976331361,0.177514792899408,0.0,0.0,Aussenverteidiger,Aussenverteidiger
41.1333333333333,78,15.5,55.0,0.9,1.03333333333333,10.146,0.0333333333333333,0.0,0.0,0.0,Aussenverteidiger,Aussenverteidiger
118.253164556962,90,23.2860759493671,55.0,1.68607594936709,1.73164556962025,11.7255189873418,0.0,0.136708860759494,0.0911392405063291,0.0,Defensives Mittelfeld,Defensives Mittelfeld
50.4021289178001,87,16.2329982259018,55.0,1.11768184506209,1.01123595505618,10.6115907746895,0.0532229450029568,0.0532229450029568,0.0,0.0,Innenverteidiger,Aussenverteidiger
46.0650887573965,87,13.8461538461538,55.0,0.798816568047337,0.399408284023669,11.469674556213,0.133136094674556,0.0,0.0,0.0,Innenverteidiger,Defensives Mittelfeld
37.0099923136049,70,22.413528055342,55.0,2.00614911606457,3.1129900076864,10.8076095311299,0.0,0.207532667179093,0.0,0.0,Zentrales Mittelfeld,Aussenverteidiger
59.9882720875684,89,20.0899139953088,55.0,0.4573885848319,1.79437060203284,10.981196247068,0.0703674745895231,0.0,0.0351837372947615,0.0,Aussenverteidiger,Aussenverteidiger
53.3704292527822,80,31.0492845786964,55.0,2.00317965023847,1.4308426073132,12.3066772655008,0.0,0.0,0.0,0.0,Defensives Mittelfeld,Defensives Mittelfeld
53.70664437944,89,13.8027580442959,55.0,0.789803593815295,0.300877559548684,9.72699540325951,0.0376096949435855,0.0376096949435855,0.0,0.0,Innenverteidiger,Aussenverteidiger
45.4128440366973,84,11.8510523475445,55.0,1.21424716675661,0.679978413383702,10.8917970858068,0.0971397733405289,0.0485698866702644,0.0,0.0,Aussenverteidiger,Aussenverteidiger
39.8304498269896,74,16.5051903114187,55.0,0.685121107266436,0.934256055363322,10.5947750865052,0.0,0.280276816608997,0.0,0.0,Aussenverteidiger,Aussenverteidiger
47.1481942714819,86,20.0249066002491,55.0,1.60647571606476,0.74719800747198,11.141095890411,0.186799501867995,0.074719800747198,0.074719800747198,0.037359900373599,Defensives Mittelfeld,Aussenverteidiger
91.2295081967213,87,21.1967213114754,55.0,2.26229508196721,1.0327868852459,10.9347540983607,0.0983606557377049,0.147540983606557,0.147540983606557,0.0491803278688525,Zentrales Mittelfeld,Aussenverteidiger
91.0769230769231,92,12.9230769230769,55.0,1.12820512820513,1.17948717948718,10.4779487179487,0.0512820512820513,0.153846153846154,0.0,0.0,Aussenverteidiger,Aussenverteidiger
32.36884802596,59,28.4261763115197,55.0,2.28772309356409,1.11952406706328,10.657382368848,0.0973499188750676,0.0,0.0973499188750676,0.0486749594375338,Aussenverteidiger,Aussenverteidiger
44.9111257406188,85,19.670836076366,55.0,0.592495062541146,1.42198815009875,9.70862409479921,0.533245556287031,0.355497037524687,0.296247531270573,0.0,Fluegelspieler,Fluegelspieler
37.6609442060086,79,18.8111587982833,55.0,0.927038626609442,1.42918454935622,11.1619313304721,0.0,0.11587982832618,0.0386266094420601,0.0,Aussenverteidiger,Aussenverteidiger
42.5631768953069,73,23.8483754512635,55.0,0.714801444043321,1.29963898916968,11.8494584837545,0.0,0.129963898916968,0.0,0.0,Aussenverteidiger,Defensives Mittelfeld
59.5454545454546,81,23.4090909090909,55.0,2.5,1.36363636363636,11.6590909090909,0.0,0.227272727272727,0.0,0.0,Defensives Mittelfeld,Defensives Mittelfeld
44.6190028222013,75,25.653809971778,55.0,1.52398871119473,2.2859830667921,11.2809031044215,0.0,0.0423330197554092,0.0846660395108184,0.0,Zentrales Mittelfeld,Aussenverteidiger
39.4754464285714,62,24.4587053571429,55.0,2.109375,0.904017857142857,10.0747767857143,0.0502232142857143,0.251116071428571,0.0,0.0,Aussenverteidiger,Aussenverteidiger
30.1519756838906,74,20.8206686930091,55.0,1.27659574468085,1.45896656534954,10.9468085106383,0.121580547112462,0.060790273556231,0.0303951367781155,0.0,Aussenverteidiger,Aussenverteidiger
32.3863636363636,77,18.5227272727273,55.0,1.02272727272727,0.795454545454545,10.4420454545455,0.113636363636364,0.113636363636364,0.0,0.0,Aussenverteidiger,Aussenverteidiger
50.6666666666667,82,15.2549019607843,55.0,0.588235294117647,0.470588235294118,10.5278431372549,0.0784313725490196,0.0392156862745098,0.0784313725490196,0.0,Aussenverteidiger,Aussenverteidiger
71.9706840390879,87,19.4218241042345,55.0,1.46579804560261,1.46579804560261,10.9260586319218,0.0,0.219869706840391,0.146579804560261,0.0,Defensives Mittelfeld,Aussenverteidiger
30.6681514476615,71,20.3452115812918,55.0,1.60356347438753,1.80400890868597,8.86770601336303,0.10022271714922,0.0,0.10022271714922,0.0,Aussenverteidiger,Aussenverteidiger
52.5849433710859,81,15.5896069287142,55.0,1.55896069287142,1.49900066622252,10.6608927381746,0.0,0.0599600266489007,0.0,0.0,Defensives Mittelfeld,Aussenverteidiger
60.0098199672668,77,18.3535188216039,55.0,0.648117839607201,1.82651391162029,10.8450736497545,0.0,0.0294599018003273,0.0294599018003273,0.0,Defensives Mittelfeld,Aussenverteidiger
38.7882352941177,79,15.1058823529412,55.0,1.2,0.811764705882353,9.74470588235294,0.0,0.0,0.0,0.0,Innenverteidiger,Aussenverteidiger
71.1617858857417,87,15.16562650024,55.0,1.59865578492559,0.777724435909746,9.45928948631781,0.043206913106097,0.0,0.043206913106097,0.0,Innenverteidiger,Aussenverteidiger
38.7185354691076,69,22.1739130434783,55.0,1.85354691075515,1.57894736842105,10.5878718535469,0.205949656750572,0.205949656750572,0.0,0.068649885583524,Aussenverteidiger,Aussenverteidiger
80.8365200764818,90,10.9273422562142,55.0,0.430210325047801,0.817399617590822,10.4085086042065,0.0860420650095602,0.12906309751434,0.0430210325047801,0.0,Aussenverteidiger,Aussenverteidiger
37.3333333333333,80,12.6969696969697,55.0,1.09090909090909,1.21212121212121,10.1151515151515,0.0,0.151515151515152,0.0606060606060606,0.0,Aussenverteidiger,Aussenverteidiger
56.0130391173521,89,15.3009027081244,55.0,0.541624874623872,0.67703109327984,10.6537612838516,0.0902708124373119,0.135406218655968,0.045135406218656,0.0,Aussenverteidiger,Aussenverteidiger
76.2901554404145,84,31.8963730569948,55.0,1.39896373056995,2.14507772020725,11.4267357512953,0.466321243523316,0.746113989637306,0.466321243523316,0.0,Fluegelspieler,Fluegelspieler
38.015873015873,83,26.5873015873016,55.0,2.06349206349206,3.25396825396825,11.0099206349206,0.317460317460317,0.0793650793650794,0.0793650793650794,0.0396825396825397,Zentrales Mittelfeld,Fluegelspieler
38.2457786116323,77,16.8011257035647,55.0,0.844277673545966,1.26641651031895,11.3006566604128,0.0844277673545966,0.0844277673545966,0.0,0.0,Aussenverteidiger,Aussenverteidiger
41.5997051234795,75,12.0420199041651,55.0,0.72981938813122,0.796166605234058,11.1808330261703,0.0663472171028382,0.0331736085514191,0.0331736085514191,0.0,Aussenverteidiger,Aussenverteidiger
39.4214876033058,72,33.2231404958678,55.0,1.85950413223141,2.85123966942149,12.4636363636364,0.0,0.0,0.0,0.0,Defensives Mittelfeld,Defensives Mittelfeld
44.5151359671627,86,14.9153412006157,56.0,0.969728065674705,0.507952796305798,11.1708055413032,0.0461775269368907,0.0,0.0461775269368907,0.0,Innenverteidiger,Innenverteidiger
42.6280623608018,77,17.1046770601336,56.0,1.53674832962138,0.868596881959911,10.0155902004454,0.200445434298441,0.0,0.0334075723830735,0.0334075723830735,Innenverteidiger,Innenverteidiger
35.1935483870968,76,21.2258064516129,56.0,1.51612903225806,2.54838709677419,10.9535483870968,0.0,0.0645161290322581,0.032258064516129,0.0,Aussenverteidiger,Aussenverteidiger
35.397489539749,79,22.1861924686192,56.0,0.972803347280335,1.69456066945607,10.6292887029289,0.0313807531380753,0.0627615062761506,0.0,0.0,Aussenverteidiger,Innenverteidiger
46.1666666666667,81,24.3333333333333,56.0,1.91666666666667,1.66666666666667,10.5241666666667,0.0833333333333333,0.166666666666667,0.0833333333333333,0.0,Innenverteidiger,Aussenverteidiger
41.6906170752325,86,18.3727810650888,56.0,1.44547759932375,1.10312764158918,10.2176246830093,0.0760777683854607,0.0380388841927303,0.0380388841927303,0.0760777683854607,Innenverteidiger,Innenverteidiger
39.4195250659631,79,14.8416886543536,56.0,2.13720316622691,1.06860158311346,10.0199208443272,0.0,0.0,0.0,0.118733509234829,Innenverteidiger,Innenverteidiger
47.6363636363636,86,13.4545454545455,56.0,0.909090909090909,2.0,12.2763636363636,0.0,0.181818181818182,0.0,0.0,Defensives Mittelfeld,Innenverteidiger
83.3333333333333,88,25.5191256830601,56.0,1.91256830601093,1.85792349726776,11.3016393442623,0.109289617486339,0.218579234972678,0.109289617486339,0.0,Zentrales Mittelfeld,Zentrales Mittelfeld
51.7322834645669,77,19.9842519685039,56.0,0.519685039370079,2.59842519685039,10.4574803149606,0.425196850393701,0.236220472440945,0.047244094488189,0.0,Fluegelspieler,Aussenverteidiger
45.9664745940283,84,18.433734939759,56.0,1.5557883708748,1.36720796228392,10.5567312729178,0.0,0.0,0.0,0.0,Innenverteidiger,Innenverteidiger
43.580814717477,83,10.5256241787122,56.0,0.650459921156373,0.413929040735874,11.0749671484888,0.0,0.0,0.0,0.0,Defensives Mittelfeld,Aussenverteidiger
52.4043367346939,86,18.0803571428571,56.0,1.03316326530612,1.14795918367347,12.1098214285714,0.0573979591836735,0.0573979591836735,0.0,0.0,Defensives Mittelfeld,Innenverteidiger
31.697247706422,72,20.2293577981651,56.0,1.69724770642202,1.92660550458716,10.8399082568807,0.0,0.091743119266055,0.0,0.0,Aussenverteidiger,Aussenverteidiger
28.8220858895706,72,21.1472392638037,56.0,1.15950920245399,1.32515337423313,10.2903680981595,0.220858895705521,0.0,0.0,0.0,Aussenverteidiger,Aussenverteidiger
34.9840255591054,73,21.3738019169329,56.0,1.43769968051118,0.575079872204473,9.38913738019169,0.0,0.0,0.0,0.0,Innenverteidiger,Innenverteidiger
55.5463451394122,86,24.076865109269,56.0,1.42426525998493,0.881688018085908,12.3321024868124,0.0,0.0,0.0678221552373775,0.0,Defensives Mittelfeld,Defensives Mittelfeld
42.3506323593546,82,12.0889664195377,56.0,1.53074574792848,0.470998691670301,9.64919319668556,0.0392498909725251,0.0,0.0392498909725251,0.0392498909725251,Innenverteidiger,Innenverteidiger
45.6774193548387,81,25.2903225806452,56.0,1.70967741935484,1.38709677419355,12.1990322580645,0.0,0.193548387096774,0.0645161290322581,0.032258064516129,Mittelfeld Aussen,Defensives Mittelfeld
46.3528831936915,71,32.4248398225727,56.0,1.46377525874815,2.35091177920158,12.324100542139,0.0,0.0887136520453425,0.0443568260226713,0.0,Defensives Mittelfeld,Defensives Mittelfeld
55.5915317559153,83,14.906600249066,56.0,1.34495641344956,0.616438356164384,10.2255915317559,0.0,0.0560398505603985,0.0,0.0,Innenverteidiger,Innenverteidiger
44.3478260869565,76,18.6622073578595,56.0,0.702341137123746,1.20401337792642,12.1324414715719,0.100334448160535,0.0,0.0,0.100334448160535,Offensives Mittelfeld,Aussenverteidiger
52.3928571428572,82,25.7678571428571,56.0,0.535714285714286,1.5,10.2353571428571,0.428571428571429,0.428571428571429,0.642857142857143,0.160714285714286,Fluegelspieler,Aussenverteidiger
29.9170697995854,78,16.3579820317899,56.0,0.746371803731859,1.11955770559779,11.0344851416724,0.124395300621977,0.0,0.0,0.0,Aussenverteidiger,Aussenverteidiger
35.9350180505415,72,19.202166064982,56.0,0.844765342960289,1.26714801444043,10.7151985559567,0.0324909747292419,0.0649819494584838,0.0649819494584838,0.0,Aussenverteidiger,Aussenverteidiger
50.4340962904499,77,21.310181531176,56.0,0.923441199684294,2.1310181531176,11.8775848460931,0.0,0.0710339384372534,0.0,0.0,Defensives Mittelfeld,Defensives Mittelfeld
62.4957555178268,87,12.427843803056,56.0,0.916808149405773,0.356536502546689,10.5142614601019,0.0509337860780985,0.0509337860780985,0.0509337860780985,0.0,Innenverteidiger,Innenverteidiger
49.3410326086957,84,19.8709239130435,56.0,0.672554347826087,0.611413043478261,10.6453125,0.0,0.0611413043478261,0.183423913043478,0.0,Aussenverteidiger,Innenverteidiger
47.6903713027061,82,27.7533039647577,56.0,1.30270610446822,1.24606670862177,11.7787287602266,0.0566393958464443,0.169918187539333,0.0,0.0566393958464443,Defensives Mittelfeld,Defensives Mittelfeld
49.2388201712655,79,12.930542340628,56.0,0.941960038058991,0.599429115128449,9.75742150333016,0.0,0.0,0.0428163653663178,0.0428163653663178,Innenverteidiger,Innenverteidiger
44.0562080536913,85,25.1803691275168,56.0,1.32130872483221,1.9253355704698,12.7453439597315,0.075503355704698,0.151006711409396,0.113255033557047,0.037751677852349,Defensives Mittelfeld,Defensives Mittelfeld
67.1164772727273,92,9.58806818181818,56.0,1.27840909090909,0.639204545454545,10.3487215909091,0.0,0.0,0.0,0.0,Innenverteidiger,Innenverteidiger
41.3927451858486,86,14.7514554411106,56.0,1.53157187639946,0.765785938199731,9.96650246305419,0.0,0.0403045230631438,0.0,0.0403045230631438,Innenverteidiger,Innenverteidiger
41.0869565217391,71,19.304347826087,56.0,1.69565217391304,0.956521739130435,11.2682608695652,0.217391304347826,0.217391304347826,0.0869565217391304,0.0434782608695652,Mittelfeld Aussen,Aussenverteidiger
43.724971666037,78,17.1703815640348,56.0,1.49603324518323,0.544012089157537,10.8108802417832,0.0,0.0,0.0340007555723461,0.0,Innenverteidiger,Innenverteidiger
50.4752851711027,82,19.8479087452472,56.0,1.02661596958175,0.855513307984791,11.7085551330799,0.0,0.171102661596958,0.0,0.0,Aussenverteidiger,Aussenverteidiger
42.3832923832924,81,20.2702702702703,56.0,1.14250614250614,0.958230958230958,10.6522113022113,0.0,0.0368550368550369,0.0,0.0,Innenverteidiger,Innenverteidiger
60.4477611940299,93,17.27078891258,56.0,0.959488272921109,0.767590618336887,11.481236673774,0.0,0.191897654584222,0.0,0.0,Innenverteidiger,Innenverteidiger
58.1,82,19.2,56.0,1.7,0.8,11.695,0.0,0.0,0.2,0.0,Defensives Mittelfeld,Aussenverteidiger
32.2602739726027,62,22.1917808219178,56.0,1.23287671232877,2.46575342465753,10.5,0.0,0.0,0.0,0.0,Aussenverteidiger,Aussenverteidiger
45.2205882352941,94,13.6764705882353,56.0,1.21323529411765,0.772058823529412,9.52224264705882,0.0551470588235294,0.0551470588235294,0.0,0.0,Innenverteidiger,Innenverteidiger
41.5904821540388,81,20.0062617407639,56.0,1.57795867251096,0.788979336255479,10.4567939887289,0.0,0.0,0.0563556668753914,0.0,Innenverteidiger,Innenverteidiger
84.7930743243243,84,24.8184121621622,56.0,2.66047297297297,1.86233108108108,11.4035472972973,0.0,0.0380067567567568,0.0,0.0760135135135135,Defensives Mittelfeld,Zentrales Mittelfeld
56.6817155756208,80,23.9729119638826,56.0,2.03160270880361,1.21896162528217,11.5080135440181,0.0,0.0,0.0,0.0,Defensives Mittelfeld,Defensives Mittelfeld
50.672268907563,78,16.2605042016807,56.0,1.70168067226891,0.567226890756303,10.7177521008403,0.0,0.0,0.0,0.0,Innenverteidiger,Innenverteidiger
35.4448398576512,73,22.491103202847,56.0,1.56583629893238,2.77580071174377,11.0957295373665,0.0355871886120997,0.106761565836299,0.0355871886120997,0.0,Zentrales Mittelfeld,Defensives Mittelfeld
58.9585666293393,91,10.8846584546473,56.0,1.00783874580067,0.403135498320269,9.71153415453527,0.0,0.0,0.0,0.0,Innenverteidiger,Innenverteidiger
44.8917153661052,81,15.7167411481609,56.0,1.73255414231695,0.866277071158474,10.6091096596769,0.0,0.0,0.0,0.0309384668270884,Innenverteidiger,Innenverteidiger
57.4532085561497,85,18.2286096256685,56.0,1.86497326203209,1.02272727272727,11.9647058823529,0.120320855614973,0.0601604278074866,0.0,0.0,Defensives Mittelfeld,Innenverteidiger
40.0954653937947,78,15.0715990453461,56.0,0.894988066825776,0.787589498806683,11.1125298329356,0.0,0.143198090692124,0.035799522673031,0.0,Aussenverteidiger,Aussenverteidiger
38.2266435986159,80,12.7681660899654,56.0,0.934256055363322,0.155709342560554,10.1164359861592,0.0,0.0778546712802768,0.0,0.0,Innenverteidiger,Innenverteidiger
46.4047362755651,84,28.8697524219591,56.0,2.47039827771798,2.3735199138859,12.1175457481163,0.0968783638320775,0.0484391819160388,0.0,0.0,Defensives Mittelfeld,Defensives Mittelfeld
40.749063670412,80,19.1011235955056,56.0,0.674157303370787,1.01123595505618,11.2067415730337,0.0374531835205993,0.0,0.0,0.0,Aussenverteidiger,Aussenverteidiger
38.8860759493671,73,22.1012658227848,56.0,1.9746835443038,1.44303797468354,10.8767088607595,0.0,0.0759493670886076,0.0,0.0,Defensives Mittelfeld,Defensives Mittelfeld
61.6904024767802,93,17.9442724458204,56.0,0.835913312693499,1.1702786377709,10.4048916408669,0.0,0.0557275541795666,0.0557275541795666,0.0,Defensives Mittelfeld,Innenverteidiger
36.4637789395071,81,14.8543689320388,56.0,0.638536221060493,0.772964899178492,10.4054518297237,0.134428678117999,0.134428678117999,0.100821508588499,0.0,Aussenverteidiger,Aussenverteidiger
45.3090659340659,80,16.8131868131868,56.0,1.29807692307692,0.370879120879121,10.757967032967,0.0,0.0,0.0,0.0,Innenverteidiger,Innenverteidiger
55.3068862275449,85,18.5254491017964,56.0,1.2125748502994,0.909431137724551,11.0603667664671,0.0,0.0336826347305389,0.0336826347305389,0.0673652694610779,Defensives Mittelfeld,Innenverteidiger
37.4510717614166,85,19.6272134203169,56.0,0.964585274930102,1.13233923578751,11.2130941286114,0.0419384902143523,0.0838769804287046,0.0,0.0419384902143523,Aussenverteidiger,Innenverteidiger
33.0688935281837,78,23.2985386221294,56.0,1.31524008350731,3.19415448851775,11.6229645093946,0.187891440501044,0.0,0.0,0.0,Defensives Mittelfeld,Defensives Mittelfeld
44.7688356164384,69,21.0744863013699,56.0,1.15582191780822,1.19434931506849,10.3804366438356,0.038527397260274,0.038527397260274,0.0,0.038527397260274,Aussenverteidiger,Aussenverteidiger
38.6440677966102,82,12.7118644067797,57.0,0.508474576271186,0.338983050847458,11.3949152542373,0.169491525423729,0.0,0.0,0.0,Mittelfeld Aussen,Aussenverteidiger
28.6883942766296,73,16.0254372019078,57.0,0.643879173290938,1.57392686804452,11.0926073131956,0.786963434022258,0.14308426073132,0.214626391096979,0.0,Mittelfeld Aussen,Aussenverteidiger
46.9045120671564,81,18.6358866736621,57.0,0.661070304302204,1.44805876180483,11.4664218258132,0.0314795383001049,0.12591815320042,0.0,0.0,Aussenverteidiger,Aussenverteidiger
47.4612244897959,86,16.1265306122449,57.0,2.05714285714286,0.514285714285714,9.97567346938776,0.036734693877551,0.036734693877551,0.0,0.036734693877551,Innenverteidiger,Innenverteidiger
47.3555070883315,83,23.2606324972737,57.0,1.66848418756816,1.32497273718648,11.9468375136314,0.0981461286804798,0.14721919302072,0.0981461286804798,0.0,Defensives Mittelfeld,Defensives Mittelfeld
32.4616292798111,71,17.4793388429752,57.0,0.90318772136954,0.850059031877214,10.1188902007084,0.0,0.0531286894923259,0.0,0.0,Innenverteidiger,Innenverteidiger
24.75,65,25.125,57.0,1.0,0.875,11.41875,0.125,0.375,0.0,0.0,Fluegelspieler,Defensives Mittelfeld
42.0264317180617,79,20.6167400881057,57.0,1.18942731277533,0.39647577092511,11.0240088105727,0.198237885462555,0.0,0.0,0.0,Aussenverteidiger,Aussenverteidiger
34.3957219251337,68,15.5614973262032,57.0,0.898395721925134,1.31550802139037,9.84705882352941,0.0641711229946524,0.0320855614973262,0.0,0.0,Aussenverteidiger,Innenverteidiger
39.7002820874471,68,18.8187588152327,57.0,0.793370944992948,1.7771509167842,10.7019393511989,0.0317348377997179,0.0634696755994358,0.0,0.0,Aussenverteidiger,Aussenverteidiger
51.3980028530671,84,14.7218259629101,57.0,1.32667617689016,0.385164051355207,9.65178316690442,0.0,0.0,0.0427960057061341,0.0,Innenverteidiger,Innenverteidiger
82.4935842600513,91,13.1650983746792,57.0,0.500427715996578,0.731394354148845,11.2696321642429,0.0,0.115483319076133,0.0384944396920445,0.0,Defensives Mittelfeld,Innenverteidiger
35.8466933867735,63,20.5160320641283,57.0,1.17234468937876,1.84869739478958,10.8392284569138,0.0,0.0450901803607215,0.0450901803607215,0.0,Aussenverteidiger,Aussenverteidiger
45.3482972136223,71,21.8730650154799,57.0,1.04489164086687,0.835913312693499,10.4454334365325,0.0,0.0696594427244582,0.0696594427244582,0.0,Aussenverteidiger,Aussenverteidiger
50.0,86,14.3,57.0,0.8,0.8,10.517,0.1,0.0,0.0,0.1,Innenverteidiger,Innenverteidiger
41.2363636363636,80,11.9863636363636,57.0,0.572727272727273,0.736363636363636,10.8842727272727,0.0409090909090909,0.0818181818181818,0.0,0.0,Aussenverteidiger,Aussenverteidiger
89.3487698986976,90,16.2373371924747,57.0,1.17221418234443,1.47612156295224,11.0626628075253,0.0,0.173661360347323,0.0868306801736614,0.0,Offensives Mittelfeld,Innenverteidiger
41.5161290322581,87,15.4838709677419,57.0,0.870967741935484,1.09677419354839,10.0087096774194,0.0967741935483871,0.032258064516129,0.0,0.0,Aussenverteidiger,Innenverteidiger
54.2941176470588,77,22.0588235294118,57.0,0.794117647058824,1.94117647058824,11.1279411764706,0.0,0.0882352941176471,0.0,0.0,Defensives Mittelfeld,Defensives Mittelfeld
40.9726195341234,82,17.2864732325296,57.0,1.10339190845934,0.735594605639559,10.5278299959134,0.0735594605639559,0.0,0.0,0.0367797302819779,Innenverteidiger,Innenverteidiger
37.9563399907106,79,18.1003251277288,57.0,1.0868555503948,0.794240594519275,11.0027403622852,0.0,0.0,0.0418021365536461,0.0,Innenverteidiger,Aussenverteidiger
50.7620889748549,82,13.9961315280464,57.0,0.940038684719536,1.00967117988395,10.1552030947776,0.034816247582205,0.0696324951644101,0.0,0.034816247582205,Innenverteidiger,Innenverteidiger
44.46735395189,80,12.6460481099656,57.0,0.687285223367698,1.09965635738832,11.3199312714777,0.0,0.0687285223367698,0.0343642611683849,0.0,Aussenverteidiger,Aussenverteidiger
32.7924664976458,76,18.1564650488953,57.0,1.14089098152843,0.814922129663166,11.470191959435,0.0651937703730532,0.0651937703730532,0.0,0.0,Aussenverteidiger,Aussenverteidiger
35.2781371280724,81,25.1487710219922,57.0,1.63001293661061,2.38680465717982,10.8465717981889,0.0,0.116429495472186,0.0582147477360931,0.0,Aussenverteidiger,Defensives Mittelfeld
55.6846321922797,88,16.1580480699199,57.0,0.852148579752367,1.31099781500364,10.6551347414421,0.0,0.032774945375091,0.0,0.032774945375091,Innenverteidiger,Innenverteidiger
42.7047913446677,84,13.4930448222566,57.0,0.973724884080371,0.695517774343122,12.1729520865533,0.0,0.0,0.0,0.0,Defensives Mittelfeld,Innenverteidiger
30.3057155516172,64,23.8059370846256,57.0,1.116526362428,2.55206025697829,11.2569782897652,0.0,0.0797518830305716,0.0,0.0,Mittelfeld Aussen,Defensives Mittelfeld
70.2043269230769,87,9.62740384615385,57.0,0.865384615384615,0.108173076923077,9.37319711538462,0.0,0.108173076923077,0.0,0.0,Innenverteidiger,Innenverteidiger
45.5555555555556,79,11.1111111111111,57.0,0.222222222222222,0.555555555555556,10.9866666666667,0.0,0.0,0.0,0.0,Aussenverteidiger,Aussenverteidiger
41.5162840363054,82,11.8206086492258,57.0,0.912973838761345,0.816871329418046,9.433902829685,0.0,0.192205018686599,0.0,0.0480512546716498,Aussenverteidiger,Aussenverteidiger
57.8888888888889,90,12.2222222222222,57.0,0.444444444444444,0.333333333333333,10.4122222222222,0.111111111111111,0.0,0.0,0.111111111111111,Innenverteidiger,Innenverteidiger
29.1404011461318,69,17.9226361031519,57.0,0.773638968481375,1.28939828080229,11.3957020057307,0.0,0.0,0.0,0.0,Aussenverteidiger,Aussenverteidiger
31.3333333333333,64,26.1111111111111,57.0,1.0,1.88888888888889,10.5744444444444,0.0,0.0,0.0,0.0,Mittelfeld Aussen,Aussenverteidiger
37.7169421487603,71,19.2768595041322,57.0,1.2396694214876,1.82851239669422,11.0910123966942,0.0929752066115702,0.18595041322314,0.0,0.0,Aussenverteidiger,Aussenverteidiger
48.5288399222294,81,21.2313674659754,57.0,2.39144523655217,1.2248865845755,11.3681140635126,0.0583279325988334,0.0583279325988334,0.0,0.0,Defensives Mittelfeld,Defensives Mittelfeld
31.0149082568807,71,16.8233944954128,57.0,2.01261467889908,0.77408256880734,9.50728211009174,0.0,0.051605504587156,0.051605504587156,0.103211009174312,Innenverteidiger,Innenverteidiger
42.2578372666432,79,15.2166255723846,57.0,0.634026065516027,1.01444170482564,11.1737583656217,0.126805213103205,0.0317013032758013,0.0317013032758013,0.0,Aussenverteidiger,Aussenverteidiger
72.3836231071228,89,15.1430173864274,57.0,1.51430173864274,1.06001121704992,10.3931575995513,0.0,0.100953449242849,0.0,0.0,Aussenverteidiger,Innenverteidiger
54.6262487082329,85,19.8415432311402,57.0,1.24009645194626,0.89906992766104,11.2166724078539,0.0310024112986566,0.0310024112986566,0.0,0.0,Defensives Mittelfeld,Innenverteidiger
38.6743772241993,69,15.2935943060498,57.0,0.520462633451957,1.20106761565836,10.9409252669039,0.0400355871886121,0.120106761565836,0.0400355871886121,0.0,Aussenverteidiger,Aussenverteidiger
32.9912023460411,65,20.1906158357771,57.0,1.45161290322581,1.67155425219941,10.7533724340176,0.0,0.0439882697947214,0.0,0.0,Aussenverteidiger,Aussenverteidiger
41.7917981072555,70,20.9526813880126,57.0,1.0788643533123,1.19242902208202,11.6227760252366,0.0,0.0567823343848581,0.0567823343848581,0.0,Aussenverteidiger,Aussenverteidiger
60.6,88,17.025,57.0,0.675,0.6,11.1975,0.225,0.225,0.0375,0.0,Aussenverteidiger,Innenverteidiger
58.7734806629834,84,13.0773480662983,57.0,1.14364640883978,0.994475138121547,10.0074033149171,0.0994475138121547,0.0497237569060774,0.0,0.0497237569060774,Innenverteidiger,Innenverteidiger
21.2268907563025,62,13.8151260504202,57.0,1.21008403361345,0.907563025210084,10.6578151260504,0.0504201680672269,0.0504201680672269,0.0,0.0,Aussenverteidiger,Aussenverteidiger
23.6791443850267,69,16.8449197860963,57.0,0.72192513368984,1.58823529411765,10.9867379679144,0.240641711229947,0.144385026737968,0.0,0.0,Aussenverteidiger,Aussenverteidiger
33.0194805194805,74,23.2513914656772,57.0,0.918367346938776,2.33766233766234,10.3429035250464,0.0834879406307978,0.0834879406307978,0.0834879406307978,0.0,Mittelfeld Aussen,Innenverteidiger
42.7449888641425,84,16.2360801781737,57.0,1.65367483296214,2.85634743875278,9.17238307349666,0.0,0.0,0.0,0.0,Innenverteidiger,Innenverteidiger
67.3225806451613,90,9.64516129032258,57.0,0.645161290322581,1.12903225806452,10.5306451612903,0.0,0.032258064516129,0.0,0.0,Innenverteidiger,Innenverteidiger
41.7761989342806,83,16.785079928952,57.0,1.17229129662522,0.692717584369449,10.5708703374778,0.0532859680284192,0.0532859680284192,0.0,0.0,Innenverteidiger,Innenverteidiger
88.5954381752701,91,15.1800720288115,57.0,0.594237695078031,0.540216086434574,11.2710684273709,0.0,0.0540216086434574,0.108043217286915,0.0,Zentrales Mittelfeld,Innenverteidiger
38.1616789739604,85,15.9152739992227,57.0,1.67897396035756,0.314807617567042,10.4477652545667,0.0,0.0,0.0,0.0,Innenverteidiger,Innenverteidiger
75.0648648648649,91,13.4756756756757,57.0,1.02162162162162,1.45945945945946,10.3796756756757,0.0,0.145945945945946,0.0486486486486487,0.0,Aussenverteidiger,Aussenverteidiger
34.399243140965,80,13.112582781457,57.0,0.936613055818354,0.681173131504257,9.96215704824976,0.0,0.0,0.170293282876064,0.0,Innenverteidiger,Innenverteidiger
29.4119864304561,70,17.9457218243498,58.0,0.983791933660008,1.69619298906898,11.5398793818319,0.101771579344139,0.0339238597813796,0.0,0.0,Aussenverteidiger,Aussenverteidiger
35.1550387596899,78,18.6821705426357,58.0,0.736434108527132,2.01550387596899,10.8794573643411,0.0775193798449612,0.0775193798449612,0.0,0.0,Mittelfeld Aussen,Aussenverteidiger
42.2677925211098,85,18.1664656212304,58.0,1.91797346200241,1.08564535585042,10.7739445114596,0.0,0.0,0.0361881785283474,0.0361881785283474,Innenverteidiger,Innenverteidiger
34.2971887550201,88,19.5582329317269,58.0,1.96787148594378,1.285140562249,10.0867469879518,0.0401606425702811,0.0401606425702811,0.0,0.0401606425702811,Innenverteidiger,Innenverteidiger
45.0189633375474,85,13.5777496839444,58.0,0.56890012642225,0.379266750948167,10.0012642225032,0.0379266750948167,0.0,0.0379266750948167,0.0,Innenverteidiger,Innenverteidiger
33.7662964751328,70,15.9922742636408,58.0,0.869145340415258,1.30371801062289,10.3641236117817,0.0869145340415258,0.217286335103815,0.0,0.0,Aussenverteidiger,Aussenverteidiger
72.8610108303249,89,16.0018050541516,58.0,1.29963898916968,0.974729241877256,10.0397111913357,0.0,0.0812274368231047,0.0,0.0812274368231047,Innenverteidiger,Innenverteidiger
36.3234277816171,73,20.4008293020041,58.0,1.0573600552868,2.36351071181755,10.9959225984796,0.0,0.124395300621977,0.0621976503109883,0.0,Aussenverteidiger,Aussenverteidiger
28.0463286713287,77,14.3968531468531,58.0,0.865384615384615,1.69143356643357,10.0833041958042,0.0,0.118006993006993,0.0,0.0,Aussenverteidiger,Innenverteidiger
54.7426626967248,86,17.9540621012335,58.0,1.07188430455125,0.803913228413441,11.7390472139515,0.0,0.0765631646108039,0.0765631646108039,0.038281582305402,Defensives Mittelfeld,Innenverteidiger
16.6551724137931,60,14.5862068965517,58.0,1.13793103448276,0.931034482758621,10.2351724137931,0.0,0.0,0.0,0.0,Aussenverteidiger,Innenverteidiger
41.7697228144989,73,21.8123667377399,58.0,2.30277185501066,0.959488272921109,10.6253731343284,0.0639658848614073,0.0,0.0,0.127931769722815,Innenverteidiger,Innenverteidiger
27.2127542605827,62,19.5931830676196,58.0,0.841121495327103,2.07806487080814,10.2532710280374,0.0,0.148433205057724,0.0,0.0,Aussenverteidiger,Aussenverteidiger
31.1204819277108,81,25.2650602409639,58.0,2.24096385542169,2.06024096385542,11.4072289156627,0.289156626506024,0.0,0.072289156626506,0.036144578313253,Defensives Mittelfeld,Defensives Mittelfeld
54.1448692152918,73,17.7464788732394,58.0,1.14688128772636,1.93158953722334,11.0191146881288,0.0,0.0,0.0,0.0,Aussenverteidiger,Aussenverteidiger
30.9991876523152,76,19.2282696994314,58.0,1.5353371242892,1.5353371242892,10.5236393176279,0.0365556458164094,0.0365556458164094,0.0,0.0,Aussenverteidiger,Innenverteidiger
53.6575052854123,82,14.8890063424947,58.0,0.998942917547569,1.28435517970402,10.9622093023256,0.0,0.285412262156448,0.047568710359408,0.0951374207188161,Aussenverteidiger,Aussenverteidiger
34.488188976378,68,20.5511811023622,58.0,1.18110236220472,0.944881889763779,10.4291338582677,0.0,0.0,0.0,0.0,Aussenverteidiger,Aussenverteidiger
30.507614213198,63,24.7715736040609,58.0,1.42131979695431,1.01522842639594,10.6543147208122,0.050761421319797,0.152284263959391,0.050761421319797,0.0,Aussenverteidiger,Aussenverteidiger
43.1287128712871,79,14.6138613861386,58.0,0.891089108910891,1.42574257425743,10.6306930693069,0.0,0.0,0.178217821782178,0.0,Innenverteidiger,Innenverteidiger
35.5185185185185,76,11.7407407407407,58.0,1.14814814814815,0.888888888888889,9.75333333333333,0.0,0.148148148148148,0.111111111111111,0.0,Aussenverteidiger,Aussenverteidiger
36.0,79,21.0,58.0,1.10958904109589,1.80821917808219,10.4067123287671,0.0,0.0,0.0,0.0,Innenverteidiger,Innenverteidiger
52.0798830979055,83,14.992693619094,58.0,1.22747199220653,0.789089137847053,10.3217243058938,0.0438382854359474,0.131514856307842,0.0,0.0438382854359474,Innenverteidiger,Innenverteidiger
36.2983425414365,84,18.646408839779,58.0,1.24309392265193,0.621546961325967,10.1318370165746,0.0,0.0,0.0,0.0,Innenverteidiger,Innenverteidiger
32.4935064935065,78,16.8311688311688,58.0,0.701298701298701,2.33766233766234,10.972987012987,0.0,0.0,0.0,0.0,Aussenverteidiger,Aussenverteidiger
49.360824742268,88,11.319587628866,58.0,0.927835051546392,0.649484536082474,10.5068041237113,0.0,0.0,0.0,0.0,Innenverteidiger,Innenverteidiger
73.64896073903,91,7.6905311778291,58.0,0.762124711316397,0.900692840646651,10.2055427251732,0.0,0.0,0.0,0.0,Innenverteidiger,Innenverteidiger
32.9087158329036,83,20.4693140794224,58.0,1.85662712738525,0.928313563692625,9.95755544094894,0.0,0.0,0.0,0.0464156781846313,Innenverteidiger,Innenverteidiger
34.421052631579,78,9.78947368421053,58.0,0.0,0.315789473684211,10.4936842105263,0.0,0.157894736842105,0.0,0.0,Aussenverteidiger,Aussenverteidiger
43.2654828930273,75,19.2940666955392,58.0,1.28627111303595,0.584668687743612,10.3443482026851,0.0389779125162408,0.0,0.0,0.0,Innenverteidiger,Innenverteidiger
42.3628428927681,83,20.0872817955112,58.0,0.561097256857855,1.29052369077307,11.9732543640898,0.0561097256857855,0.336658354114713,0.0561097256857855,0.0561097256857855,Aussenverteidiger,Aussenverteidiger
38.2788051209104,74,19.4594594594595,58.0,1.15220483641536,1.66429587482219,11.0201991465149,0.0,0.256045519203414,0.0,0.0,Aussenverteidiger,Aussenverteidiger
15.2058823529412,59,13.1764705882353,58.0,1.05882352941176,1.73529411764706,10.2482352941176,0.0294117647058824,0.0,0.0,0.0,Innenverteidiger,Innenverteidiger
60.6848756624541,82,14.1989400733795,58.0,0.990623726049735,0.770485120260905,10.3890746025275,0.0,0.0366897676314717,0.146759070525887,0.0,Innenverteidiger,Innenverteidiger
53.1679819616686,77,29.0191657271702,58.0,2.13077790304397,1.31905298759865,12.3970687711387,0.101465614430665,0.0,0.101465614430665,0.0,Defensives Mittelfeld,Defensives Mittelfeld
44.2764165390505,78,20.3292496171516,58.0,0.930321592649311,1.17151607963247,10.1191424196018,0.0344563552833078,0.0689127105666156,0.0689127105666156,0.0344563552833078,Innenverteidiger,Innenverteidiger
32.5096525096525,81,15.8301158301158,58.0,1.003861003861,0.926640926640927,9.99227799227799,0.0386100386100386,0.0386100386100386,0.0386100386100386,0.0,Aussenverteidiger,Innenverteidiger
48.3898305084746,87,15.5508474576271,58.0,1.14406779661017,0.593220338983051,9.98728813559322,0.0,0.0423728813559322,0.0423728813559322,0.0423728813559322,Innenverteidiger,Innenverteidiger
80.9927942353883,90,16.8614891913531,58.0,0.864691753402722,0.504403522818255,11.1984787830264,0.0,0.0,0.0,0.0,Innenverteidiger,Innenverteidiger
16.039603960396,56,14.2574257425743,58.0,1.96039603960396,0.891089108910891,9.87772277227723,0.178217821782178,0.0891089108910891,0.0891089108910891,0.0,Innenverteidiger,Innenverteidiger
35.2676659528908,67,18.4047109207709,58.0,1.44539614561028,2.45717344753747,10.0927194860814,0.0481798715203426,0.0481798715203426,0.0,0.0,Aussenverteidiger,Innenverteidiger
55.9448462929476,82,24.6564195298373,58.0,2.35985533453888,3.13291139240506,10.8931735985533,0.0,0.081374321880651,0.081374321880651,0.0,Defensives Mittelfeld,Defensives Mittelfeld
30.8228840125392,71,20.1724137931034,58.0,1.62225705329154,1.41065830721003,10.4628526645768,0.0,0.0705329153605016,0.0705329153605016,0.0,Aussenverteidiger,Aussenverteidiger
37.9333333333333,86,12.0666666666667,58.0,0.833333333333333,1.2,10.485,0.2,0.133333333333333,0.0,0.0,Aussenverteidiger,Aussenverteidiger
51.5806451612903,86,13.741935483871,59.0,0.967741935483871,1.16129032258065,10.21,0.0645161290322581,0.032258064516129,0.0,0.032258064516129,Innenverteidiger,Innenverteidiger
57.2585309427415,79,22.0705610179294,59.0,1.61364950838635,1.50954308849046,10.2805089647195,0.104106419895894,0.0,0.0,0.0520532099479468,Innenverteidiger,Innenverteidiger
46.1830985915493,82,25.4788732394366,59.0,2.57746478873239,0.633802816901409,10.9221126760563,0.0,0.0,0.0,0.0,Innenverteidiger,Defensives Mittelfeld
55.1125401929261,90,22.508038585209,59.0,1.92926045016077,2.508038585209,12.0180064308682,0.0643086816720257,0.0643086816720257,0.0,0.0,Defensives Mittelfeld,Defensives Mittelfeld
89.352,92,24.768,59.0,1.728,1.008,11.33784,0.072,0.144,0.144,0.0,Zentrales Mittelfeld,Zentrales Mittelfeld
44.0,78,18.551724137931,59.0,1.0,0.551724137931035,10.7168965517241,0.0689655172413793,0.310344827586207,0.0689655172413793,0.0,Aussenverteidiger,Aussenverteidiger
35.434595524957,70,19.2469879518072,59.0,1.23924268502582,1.20051635111876,10.4723752151463,0.11617900172117,0.0,0.0,0.0,Aussenverteidiger,Aussenverteidiger
25.2418860992039,63,17.8567054500919,59.0,1.43294549908145,1.98407838334354,10.7503980404164,0.0551132884262094,0.0,0.0,0.0,Aussenverteidiger,Aussenverteidiger
42.8324946081955,79,20.8339324227175,59.0,1.0999281092739,1.294033069734,10.4066139468009,0.0,0.0647016534867002,0.0,0.0,Aussenverteidiger,Innenverteidiger
56.2422997946612,93,21.9917864476386,59.0,2.15605749486653,2.27926078028747,11.8496919917864,0.0616016427104723,0.0616016427104723,0.246406570841889,0.0,Defensives Mittelfeld,Defensives Mittelfeld
63.9669421487603,86,12.3471074380165,59.0,0.446280991735537,0.446280991735537,10.2852892561983,0.297520661157025,0.0,0.0,0.0,Aussenverteidiger,Innenverteidiger
86.9699398797595,92,9.66733466933868,59.0,0.396793587174349,0.541082164328657,10.4482965931864,0.0360721442885772,0.0,0.0360721442885772,0.0,Innenverteidiger,Innenverteidiger
77.1428571428571,83,17.8341013824885,59.0,1.45161290322581,0.622119815668203,11.6730414746544,0.207373271889401,0.207373271889401,0.0,0.0,Aussenverteidiger,Aussenverteidiger
97.696335078534,89,22.9319371727749,59.0,1.53141361256545,1.06020942408377,11.2256544502618,0.0785340314136126,0.196335078534031,0.157068062827225,0.0785340314136126,Zentrales Mittelfeld,Zentrales Mittelfeld
50.0,89,22.1951219512195,59.0,0.487804878048781,2.4390243902439,11.0609756097561,0.0,0.0,0.0,0.0,Defensives Mittelfeld,Defensives Mittelfeld
27.5741239892183,67,16.010781671159,59.0,1.37466307277628,1.455525606469,10.2711590296496,0.323450134770889,0.0,0.0,0.0,Defensives Mittelfeld,Aussenverteidiger
51.9490254872564,79,17.9460269865068,59.0,1.48425787106447,1.55172413793103,10.9342578710645,0.0,0.0,0.0,0.0,Defensives Mittelfeld,Aussenverteidiger
78.4987593052109,89,15.0372208436725,59.0,1.56327543424318,0.595533498759305,9.87096774193548,0.0,0.0372208436724566,0.0,0.0744416873449131,Innenverteidiger,Innenverteidiger
35.2147651006711,85,16.7315436241611,59.0,1.20805369127517,0.966442953020134,10.1772483221477,0.0,0.0,0.0,0.0,Aussenverteidiger,Innenverteidiger
102.191235059761,89,27.7888446215139,59.0,1.07569721115538,1.61354581673307,11.2392430278884,0.0,0.358565737051793,0.179282868525896,0.0,Zentrales Mittelfeld,Zentrales Mittelfeld
55.9505703422053,90,15.2281368821293,59.0,0.513307984790874,0.171102661596958,10.6254752851711,0.0,0.171102661596958,0.0,0.0,Innenverteidiger,Aussenverteidiger
38.9257063132194,81,19.9023369375654,59.0,1.56958493198465,2.04046041158005,11.8086152772933,0.0627833972793861,0.0941750959190792,0.0,0.0313916986396931,Mittelfeld Aussen,Aussenverteidiger
38.6009174311927,81,15.3784403669725,59.0,0.825688073394496,1.44495412844037,10.0713302752294,0.0,0.206422018348624,0.0,0.0,Aussenverteidiger,Aussenverteidiger
39.2701118806606,60,27.858284496537,59.0,2.06180074587107,2.30154501864678,11.1063931806074,0.0,0.143846563665424,0.0,0.0,Aussenverteidiger,Defensives Mittelfeld
49.3089832181639,84,13.741362290227,59.0,0.296150049358342,0.799605133267522,11.0792694965449,0.0296150049358342,0.0,0.0,0.0,Innenverteidiger,Innenverteidiger
47.0115519839277,88,13.6062280261175,59.0,1.6273229532898,0.271220492214967,9.9216976393772,0.0452034153691612,0.0,0.0,0.0,Innenverteidiger,Innenverteidiger
41.9410004275331,79,16.6224882428388,59.0,1.03890551517743,1.00042753313382,10.9227447627191,0.0,0.0384779820436084,0.0,0.0,Aussenverteidiger,Aussenverteidiger
62.2986504135829,86,17.1223334784502,59.0,0.822812363952982,0.587723117109273,11.0680017414018,0.0391815411406182,0.0,0.0391815411406182,0.0391815411406182,Innenverteidiger,Innenverteidiger
60.226843100189,88,13.3553875236295,59.0,0.935727788279773,1.27599243856333,10.7897920604915,0.0,0.0850661625708885,0.0,0.0850661625708885,Innenverteidiger,Innenverteidiger
31.3111888111888,81,12.6660839160839,59.0,1.96678321678322,0.236013986013986,9.65769230769231,0.0,0.0,0.0,0.0,Innenverteidiger,Innenverteidiger
68.0,91,13.375,59.0,0.375,0.625,10.985,0.0,0.0,0.0,0.0,Innenverteidiger,Innenverteidiger
56.2105263157895,86,13.2631578947368,60.0,1.05263157894737,0.701754385964912,10.3943859649123,0.0,0.0,0.0,0.0701754385964912,Innenverteidiger,Innenverteidiger
47.6641550053821,85,10.7212055974166,60.0,0.839612486544672,0.516684607104413,9.5983853606028,0.0,0.0,0.0,0.0,Innenverteidiger,Innenverteidiger
45.448275862069,84,17.6206896551724,60.0,1.31034482758621,1.0,10.7475862068966,0.0344827586206897,0.0,0.0,0.0,Innenverteidiger,Innenverteidiger
35.2,80,15.8333333333333,60.0,1.23333333333333,0.666666666666667,9.356,0.0,0.0,0.0,0.0,Innenverteidiger,Innenverteidiger
41.5711395819285,71,25.6709372892785,60.0,1.82063385030344,1.88132164531355,10.9128792987188,0.121375590020229,0.0606877950101146,0.0,0.0,Aussenverteidiger,Defensives Mittelfeld
51.9650986342944,78,15.7397572078907,60.0,1.63884673748103,0.546282245827011,10.0454476479514,0.0341426403641882,0.102427921092564,0.0,0.0341426403641882,Innenverteidiger,Innenverteidiger
53.0264672036824,89,15.638665132336,60.0,0.828538550057538,0.724971231300345,9.25477560414269,0.103567318757192,0.0,0.0,0.0,Innenverteidiger,Innenverteidiger
42.8333333333333,84,13.6666666666667,60.0,0.833333333333333,0.5,8.73166666666667,0.166666666666667,0.0,0.0,0.0,Innenverteidiger,Innenverteidiger
32.7657905060808,87,28.5288348371911,60.0,2.85994507650059,1.02393095331503,9.94695959199686,0.0353079639074147,0.0706159278148294,0.0,0.0706159278148294,Innenverteidiger,Innenverteidiger
57.3841961852861,85,22.5613079019074,60.0,1.71662125340599,1.47138964577657,10.6381471389646,0.0,0.0,0.0,0.0,Innenverteidiger,Innenverteidiger
55.6083650190114,87,13.5171102661597,60.0,0.727186311787072,0.470532319391635,11.0433935361217,0.0427756653992395,0.0855513307984791,0.0,0.0427756653992395,Innenverteidiger,Innenverteidiger
53.28,83,19.0610526315789,60.0,0.871578947368421,1.02315789473684,9.87082105263158,0.113684210526316,0.0378947368421053,0.0,0.0378947368421053,Innenverteidiger,Innenverteidiger
53.5060975609756,82,15.5853658536585,60.0,0.823170731707317,0.768292682926829,9.80451219512195,0.0,0.0548780487804878,0.0,0.0548780487804878,Innenverteidiger,Innenverteidiger
54.768962510898,81,21.1464690496949,60.0,0.745422842197036,1.13775065387969,10.1601133391456,0.0784655623365301,0.196163905841325,0.117698343504795,0.0,Aussenverteidiger,Aussenverteidiger
43.433147632312,76,19.9930362116992,60.0,0.971448467966574,0.877437325905292,10.3941852367688,0.0,0.0313370473537604,0.0,0.0,Aussenverteidiger,Innenverteidiger
14.7857142857143,61,0.357142857142857,60.0,0.0714285714285714,0.0714285714285714,5.89214285714286,0.0,0.0,0.0,0.0,Torwart,Torwart
48.6734693877551,73,20.0510204081633,60.0,0.994897959183674,1.14795918367347,10.7980867346939,0.038265306122449,0.038265306122449,0.038265306122449,0.0,Innenverteidiger,Innenverteidiger
42.5593220338983,83,20.4406779661017,60.0,1.11864406779661,0.915254237288136,9.88169491525424,0.0508474576271187,0.0,0.0508474576271187,0.0508474576271187,Innenverteidiger,Innenverteidiger
52.3544631306598,87,19.987063389392,60.0,1.74644243208279,1.08667529107374,10.3816300129366,0.0,0.0776196636481242,0.0,0.116429495472186,Innenverteidiger,Innenverteidiger
50.1489284417,76,24.6167816926989,60.0,1.73265528514348,1.79803850345078,11.2158372684344,0.0980748274609517,0.0,0.0,0.0653832183073011,Defensives Mittelfeld,Defensives Mittelfeld
35.6004036326942,83,16.0746720484359,60.0,1.36226034308779,1.08980827447023,9.64661957618567,0.0,0.0,0.0,0.0,Innenverteidiger,Innenverteidiger
49.5196506550218,77,18.8646288209607,60.0,1.76855895196507,1.76855895196507,9.90982532751092,0.0,0.0,0.0,0.0,Innenverteidiger,Innenverteidiger
35.3371104815864,72,18.9688385269122,60.0,1.42776203966006,1.78470254957507,10.877507082153,0.0,0.0509915014164306,0.0,0.0,Aussenverteidiger,Aussenverteidiger
50.499468650372,82,20.0212539851222,60.0,1.14771519659936,1.75345377258236,10.2749202975558,0.0,0.0318809776833156,0.0,0.0318809776833156,Aussenverteidiger,Innenverteidiger
37.6666666666667,74,16.9393939393939,60.0,0.666666666666667,0.757575757575758,9.63151515151515,0.0606060606060606,0.0,0.0,0.0606060606060606,Innenverteidiger,Innenverteidiger
46.1842105263158,89,13.1578947368421,60.0,0.921052631578947,1.18421052631579,9.96644736842105,0.0657894736842105,0.0,0.0,0.0,Innenverteidiger,Innenverteidiger
49.0264091446591,86,14.8285376428853,60.0,0.851399290500591,1.52542372881356,10.2309814741821,0.0354749704375246,0.0,0.0354749704375246,0.0,Defensives Mittelfeld,Innenverteidiger
12.8260869565217,63,0.217391304347826,60.0,0.0,0.260869565217391,5.04782608695652,0.0,0.0,0.0,0.0,Torwart,Torwart
38.8493723849372,82,12.3012552301255,60.0,1.44351464435146,0.376569037656904,10.1943514644351,0.188284518828452,0.0627615062761506,0.0627615062761506,0.125523012552301,Innenverteidiger,Innenverteidiger
47.619461337967,83,16.4205039096438,60.0,1.01650738488271,0.625543006081668,10.7257167680278,0.0781928757602085,0.0,0.0,0.0,Innenverteidiger,Innenverteidiger
33.1496746203905,72,15.2668112798265,60.0,1.4056399132321,0.663774403470716,9.21084598698482,0.0,0.0390455531453362,0.0,0.0780911062906725,Innenverteidiger,Innenverteidiger
60.4746393671475,87,19.1810144253141,60.0,2.30339692880409,1.38203815728246,10.105630525826,0.0837598883201489,0.125639832480223,0.0,0.0837598883201489,Innenverteidiger,Innenverteidiger
41.1915367483296,76,19.543429844098,60.0,1.50334075723831,1.10244988864143,10.0703786191537,0.0,0.0,0.0,0.0,Innenverteidiger,Innenverteidiger
43.9490445859873,76,17.0063694267516,60.0,1.33757961783439,0.764331210191083,9.68089171974522,0.0636942675159236,0.0,0.0,0.0636942675159236,Innenverteidiger,Innenverteidiger
39.2727272727273,76,22.6969696969697,60.0,0.727272727272727,1.54545454545455,11.2842424242424,0.121212121212121,0.0,0.0606060606060606,0.0,Aussenverteidiger,Defensives Mittelfeld
34.8622366288493,67,21.5518638573744,60.0,1.60453808752026,2.1515397082658,10.719773095624,0.0729335494327391,0.145867098865478,0.0,0.0,Aussenverteidiger,Aussenverteidiger
87.4375624375624,91,16.6333666333666,60.0,1.61838161838162,0.764235764235764,9.52462537462537,0.0,0.0,0.0,0.0,Innenverteidiger,Innenverteidiger
42.4587315377932,79,24.0443092962641,60.0,1.99391833188532,2.26759339704605,11.1413119026933,0.156385751520417,0.0390964378801043,0.0,0.0,Defensives Mittelfeld,Defensives Mittelfeld
35.56,69,17.36,60.0,0.88,0.52,11.3116,0.32,0.2,0.04,0.0,Aussenverteidiger,Aussenverteidiger
38.3752860411899,78,13.0434782608696,60.0,0.617848970251716,0.755148741418764,11.1789473684211,0.068649885583524,0.137299771167048,0.068649885583524,0.0,Aussenverteidiger,Aussenverteidiger
46.7811408614668,83,13.0966239813737,60.0,1.10011641443539,0.523864959254948,9.68469150174622,0.0,0.0,0.10477299185099,0.0,Innenverteidiger,Innenverteidiger
49.4685314685315,93,13.5314685314685,60.0,0.755244755244755,0.566433566433567,8.6827972027972,0.0,0.0629370629370629,0.0,0.0629370629370629,Innenverteidiger,Innenverteidiger
40.6605019815059,82,18.9630118890357,60.0,1.84280052840159,0.653896961690885,10.629392338177,0.11889035667107,0.059445178335535,0.0,0.059445178335535,Innenverteidiger,Innenverteidiger
54.9894291754757,80,11.6067653276956,60.0,0.761099365750529,1.52219873150106,9.72684989429175,0.190274841437632,0.0,0.0,0.0,Innenverteidiger,Innenverteidiger
21.4415781487102,75,19.2564491654021,60.0,1.91198786039454,0.728376327769348,9.94006069802731,0.0910470409711684,0.0,0.0455235204855842,0.0,Innenverteidiger,Innenverteidiger
51.4469914040115,71,17.4068767908309,60.0,0.386819484240688,1.41833810888252,11.5310888252149,0.128939828080229,0.128939828080229,0.0,0.0,Aussenverteidiger,Aussenverteidiger
49.3472584856397,82,14.8041775456919,61.0,1.8798955613577,0.939947780678851,10.7248041775457,0.0,0.0,0.0,0.234986945169713,Innenverteidiger,Innenverteidiger
55.4206049149338,86,11.6965973534972,61.0,1.02079395085066,0.978260869565217,9.315595463138,0.0425330812854442,0.0425330812854442,0.0,0.0850661625708885,Innenverteidiger,Innenverteidiger
29.2446043165468,72,25.7913669064748,61.0,2.37410071942446,0.971223021582734,9.3863309352518,0.0,0.107913669064748,0.107913669064748,0.107913669064748,Innenverteidiger,Innenverteidiger
38.3470673776054,82,16.4032961706253,61.0,1.22152205525933,0.785264178380999,10.8274842462433,0.0,0.0872515753756665,0.0,0.0872515753756665,Innenverteidiger,Innenverteidiger
42.7058823529412,79,25.0,61.0,1.08823529411765,1.58823529411765,10.5414705882353,0.0,0.264705882352941,0.0882352941176471,0.0,Aussenverteidiger,Aussenverteidiger
49.1437802907916,81,17.5928917609047,61.0,2.90791599353796,0.290791599353796,11.1547657512116,0.0,0.0,0.145395799676898,0.145395799676898,Innenverteidiger,Aussenverteidiger
31.9221967963387,76,19.5652173913043,61.0,0.823798627002288,0.823798627002288,11.4961098398169,0.0,0.0,0.0,0.0,Defensives Mittelfeld,Aussenverteidiger
44.8666666666667,82,16.7666666666667,61.0,1.4,0.866666666666667,9.681,0.0333333333333333,0.0,0.0333333333333333,0.0333333333333333,Innenverteidiger,Innenverteidiger
56.2176724137931,82,15.9698275862069,61.0,0.678879310344828,0.581896551724138,11.1934267241379,0.0323275862068966,0.0646551724137931,0.0323275862068966,0.0646551724137931,Innenverteidiger,Aussenverteidiger
33.3524734982332,72,20.0750883392226,61.0,0.636042402826855,1.23233215547703,10.3221731448763,0.0,0.0,0.0397526501766784,0.0,Aussenverteidiger,Aussenverteidiger
35.5144291091593,77,21.624843161857,61.0,1.52446675031368,2.87954830614806,11.3030740276035,0.0,0.0,0.0,0.0,Defensives Mittelfeld,Defensives Mittelfeld
66.0,84,19.96875,61.0,1.5,1.125,10.1840625,0.0,0.0,0.0,0.09375,Innenverteidiger,Innenverteidiger
40.9001097694841,82,18.7376509330406,61.0,1.15257958287596,1.48188803512624,10.0231613611416,0.0,0.0329308452250274,0.0329308452250274,0.0,Aussenverteidiger,Innenverteidiger
32.025171624714,64,18.2265446224256,61.0,1.69908466819222,0.463386727688787,9.97671624713959,0.102974828375286,0.102974828375286,0.0,0.102974828375286,Innenverteidiger,Innenverteidiger
60.7742681047766,86,15.7395993836672,61.0,1.10939907550077,0.76271186440678,8.84503081664099,0.0,0.0346687211093991,0.0,0.0,Innenverteidiger,Innenverteidiger
29.5638506876228,79,26.4165029469548,61.0,2.12180746561886,2.19253438113949,10.5584675834971,0.0,0.0,0.0353634577603143,0.0,Innenverteidiger,Innenverteidiger
42.7604976671851,76,20.2604976671851,61.0,1.01477449455677,1.39968895800933,10.4143856920684,0.0,0.174961119751166,0.0349922239502333,0.0,Aussenverteidiger,Aussenverteidiger
62.9347826086957,81,15.6521739130435,61.0,1.41304347826087,0.434782608695652,10.2173913043478,0.0,0.0,0.0,0.0,Innenverteidiger,Innenverteidiger
54.9191489361702,90,16.9276595744681,61.0,0.765957446808511,0.68936170212766,11.3468936170213,0.0765957446808511,0.0,0.0765957446808511,0.0,Innenverteidiger,Innenverteidiger
42.9003783102144,86,17.1374527112232,61.0,0.96469104665826,1.92938209331652,11.0383354350567,0.0,0.0,0.0,0.0,Defensives Mittelfeld,Innenverteidiger
46.2398703403566,77,19.9108589951378,61.0,1.3128038897893,0.948136142625608,11.2930307941653,0.0729335494327391,0.0729335494327391,0.0,0.0729335494327391,Innenverteidiger,Aussenverteidiger
53.5744680851064,84,13.3617021276596,61.0,0.893617021276596,0.595744680851064,10.4936170212766,0.127659574468085,0.127659574468085,0.0,0.0,Innenverteidiger,Innenverteidiger
48.7951807228916,82,16.5748709122203,61.0,0.774526678141136,2.32358003442341,11.0075731497418,0.154905335628227,0.154905335628227,0.0,0.0,Aussenverteidiger,Aussenverteidiger
44.1666666666667,86,11.6666666666667,61.0,0.833333333333333,0.972222222222222,9.82638888888889,0.0,0.0,0.0,0.0,Innenverteidiger,Innenverteidiger
67.8057553956835,88,11.9424460431655,61.0,0.39568345323741,0.755395683453237,10.4625899280576,0.215827338129496,0.39568345323741,0.0,0.0,Aussenverteidiger,Aussenverteidiger
34.5910290237467,71,18.7598944591029,61.0,1.10817941952507,0.474934036939314,11.8717678100264,0.554089709762533,0.237467018469657,0.079155672823219,0.0,Aussenverteidiger,Aussenverteidiger
44.3555181128896,85,18.0454928390901,61.0,1.51642796967144,1.06149957877001,10.8439764111205,0.0,0.0,0.075821398483572,0.0,Aussenverteidiger,Innenverteidiger
41.7381137957911,79,16.5900233826968,61.0,0.806703039750585,0.841777084957132,9.9894388152767,0.0,0.0,0.0,0.0,Innenverteidiger,Innenverteidiger
42.0526044352759,79,17.7772047447138,61.0,1.43888602372357,1.16039195461578,10.6454357916452,0.0,0.0,0.0,0.0,Innenverteidiger,Innenverteidiger
57.4567474048443,86,13.3910034602076,61.0,1.05103806228374,1.44031141868512,9.68512110726644,0.0,0.0,0.0,0.0,Innenverteidiger,Innenverteidiger
32.6206896551724,81,17.6551724137931,62.0,1.31034482758621,0.96551724137931,9.47793103448276,0.0689655172413793,0.0344827586206897,0.0,0.0344827586206897,Innenverteidiger,Innenverteidiger
79.792531120332,85,13.9004149377593,62.0,1.2448132780083,0.29045643153527,10.5228215767635,0.04149377593361,0.04149377593361,0.04149377593361,0.0,Innenverteidiger,Innenverteidiger
55.7415254237288,91,11.6949152542373,62.0,0.508474576271186,0.38135593220339,9.92097457627119,0.0,0.0,0.0635593220338983,0.0,Innenverteidiger,Innenverteidiger
33.5159500693481,70,22.4687933425798,62.0,1.31067961165049,1.12343966712899,9.99674063800277,0.0,0.0,0.0624133148404993,0.0624133148404993,Innenverteidiger,Innenverteidiger
38.4562370778773,79,22.2053756030324,62.0,2.04686423156444,3.78359751895245,9.05892487939352,0.0,0.062026188835286,0.0,0.0,Innenverteidiger,Innenverteidiger
44.7424647081267,84,18.0618084700496,62.0,1.78557802365509,2.71270507439908,8.99553605494086,0.0,0.0,0.0,0.0,Innenverteidiger,Innenverteidiger
39.7603893672782,68,24.327967053538,62.0,1.21302882815425,1.51628603519281,10.4819168850618,0.168476226132535,0.168476226132535,0.0,0.0,Aussenverteidiger,Aussenverteidiger
52.7463193657984,92,23.7995469988675,62.0,2.08946772366931,1.52887882219706,11.1419592298981,0.254813137032843,0.152887882219706,0.101925254813137,0.0509626274065685,Defensives Mittelfeld,Defensives Mittelfeld
76.2293096487687,87,13.6980218005652,62.0,0.763019781994348,0.981025433992733,10.1750504642713,0.0726685506661284,0.0,0.0,0.0,Innenverteidiger,Innenverteidiger
45.0475184794087,85,16.3463569165787,62.0,1.18796198521647,0.570221752903907,9.34165786694826,0.0,0.0,0.0,0.0,Innenverteidiger,Innenverteidiger
32.4563901744393,79,19.4482022071912,62.0,1.05731577073692,0.961196155215379,9.74781060875757,0.0320398718405126,0.0,0.0,0.0,Innenverteidiger,Innenverteidiger
67.1415182755389,93,11.8931583880038,62.0,0.674789128397376,0.253045923149016,10.2053420805998,0.084348641049672,0.0,0.0,0.0,Innenverteidiger,Innenverteidiger
44.3684210526316,88,15.3552631578947,62.0,1.46052631578947,0.789473684210526,10.2536842105263,0.118421052631579,0.0,0.0,0.0,Innenverteidiger,Innenverteidiger
63.1724137931035,92,13.0689655172414,62.0,1.17241379310345,0.689655172413793,9.88275862068966,0.0689655172413793,0.0344827586206897,0.0,0.0344827586206897,Innenverteidiger,Innenverteidiger
47.7741935483871,75,20.258064516129,62.0,0.709677419354839,0.709677419354839,10.4241935483871,0.0645161290322581,0.032258064516129,0.0645161290322581,0.032258064516129,Innenverteidiger,Innenverteidiger
32.8869448183042,79,17.8061911170929,62.0,1.57469717362046,1.63526244952894,10.843001345895,0.0,0.0605652759084791,0.0,0.0,Aussenverteidiger,Aussenverteidiger
34.4127975029263,82,16.8903628560281,62.0,1.33437378072571,0.456496293406165,9.52075692547796,0.0,0.0,0.105345298478346,0.105345298478346,Innenverteidiger,Innenverteidiger
31.7501148369316,81,17.156637574644,62.0,1.81901699586587,0.868167202572347,9.67303628847037,0.041341295360588,0.0,0.0,0.041341295360588,Innenverteidiger,Innenverteidiger
57.1461716937355,84,14.4779582366589,62.0,0.696055684454756,0.626450116009281,10.2570765661253,0.0696055684454756,0.0696055684454756,0.0,0.0,Innenverteidiger,Innenverteidiger
37.3732496378561,81,18.4693384838242,62.0,0.869145340415258,1.5210043457267,10.6844036697248,0.0434572670207629,0.0,0.0,0.0434572670207629,Innenverteidiger,Innenverteidiger
32.8801758886039,73,14.4118724807622,62.0,0.857456943935508,1.12128984976182,9.89109563942836,0.0659582264565775,0.0659582264565775,0.0329791132282888,0.0,Innenverteidiger,Innenverteidiger
34.5516413130504,76,17.7982385908727,62.0,1.90952762209768,0.900720576461169,9.87477982385909,0.0720576461168935,0.0,0.0,0.0360288230584468,Innenverteidiger,Innenverteidiger
47.7985074626866,89,14.8880597014925,62.0,1.7910447761194,0.223880597014925,10.5526119402985,0.0,0.0,0.0,0.0,Innenverteidiger,Innenverteidiger
39.3820224719101,83,12.5842696629213,62.0,0.786516853932584,1.12359550561798,10.3337078651685,0.112359550561798,0.0,0.0,0.0,Innenverteidiger,Innenverteidiger
40.4066985645933,79,19.2703349282297,63.0,1.07655502392344,1.9377990430622,10.1985645933014,0.107655502392344,0.0,0.0,0.0,Innenverteidiger,Innenverteidiger
50.3538743136059,84,22.2391702257474,63.0,1.37278828553996,2.19646125686394,10.4875533862111,0.0,0.0,0.0,0.0,Innenverteidiger,Innenverteidiger
44.5642349903163,82,16.8495803744351,63.0,1.80116204002582,1.22014202711427,9.99005810200129,0.116204002582311,0.0,0.0,0.116204002582311,Innenverteidiger,Innenverteidiger
55.0,88,14.53125,63.0,0.84375,0.71875,9.5128125,0.125,0.0,0.0,0.09375,Innenverteidiger,Innenverteidiger
64.3630214205186,84,15.8286358511838,63.0,0.744081172491545,0.744081172491545,9.70721533258174,0.0,0.0338218714768884,0.0338218714768884,0.101465614430665,Innenverteidiger,Innenverteidiger
52.7848101265823,86,19.3670886075949,63.0,1.89873417721519,0.854430379746835,8.57563291139241,0.0,0.0,0.0949367088607595,0.0,Innenverteidiger,Innenverteidiger
43.0322580645161,79,17.6774193548387,63.0,1.25806451612903,1.09677419354839,10.1374193548387,0.0645161290322581,0.0645161290322581,0.0,0.0967741935483871,Innenverteidiger,Innenverteidiger
39.2702394526796,84,17.5142531356899,63.0,1.43671607753706,0.820980615735462,10.0255416191562,0.0,0.136830102622577,0.0684150513112885,0.0342075256556442,Innenverteidiger,Aussenverteidiger
18.8,56,0.733333333333333,63.0,0.0666666666666667,0.0,5.44466666666667,0.0,0.0,0.0,0.0,Torwart,Torwart
46.9473684210526,83,16.4736842105263,63.0,0.894736842105263,1.42105263157895,10.1378947368421,0.0,0.0,0.0,0.0,Innenverteidiger,Innenverteidiger
53.6,88,16.2,63.0,1.23333333333333,0.966666666666667,9.411,0.0666666666666667,0.0,0.0333333333333333,0.0333333333333333,Innenverteidiger,Innenverteidiger
42.8571428571429,85,17.9931972789116,63.0,1.73469387755102,2.3469387755102,9.16972789115646,0.0,0.0,0.0,0.0,Innenverteidiger,Innenverteidiger
54.6666666666667,81,21.047619047619,63.0,1.71428571428571,0.476190476190476,10.3333333333333,0.0,0.0,0.0,0.0,Innenverteidiger,Innenverteidiger
45.3197158081705,85,17.3445825932504,63.0,1.19893428063943,1.1190053285968,10.734458259325,0.0,0.0,0.0,0.0,Innenverteidiger,Innenverteidiger
40.8236658932715,73,14.199535962877,63.0,0.730858468677494,0.835266821345708,9.87494199535963,0.0,0.0,0.0522041763341067,0.0522041763341067,Innenverteidiger,Innenverteidiger
46.7741935483871,89,15.5483870967742,63.0,0.935483870967742,1.0,10.6774193548387,0.0645161290322581,0.0,0.032258064516129,0.032258064516129,Innenverteidiger,Innenverteidiger
64.7272727272727,91,15.8484848484848,63.0,1.45454545454545,0.848484848484848,9.56121212121212,0.0606060606060606,0.0,0.0,0.0,Innenverteidiger,Innenverteidiger
24.3564356435644,71,17.2277227722772,63.0,1.96039603960396,0.653465346534654,10.6134653465347,0.0594059405940594,0.0,0.0594059405940594,0.0,Innenverteidiger,Aussenverteidiger
77.7388836329234,89,16.0927152317881,63.0,1.36234626300851,1.10690633869442,9.73353831598865,0.0,0.0,0.0,0.0425733207190161,Innenverteidiger,Innenverteidiger
26.4375,88,19.51875,63.0,1.40625,0.9,9.45,0.225,0.0,0.0,0.05625,Innenverteidiger,Innenverteidiger
43.5591133004926,84,13.0233990147783,63.0,1.16379310344828,0.609605911330049,8.60098522167488,0.0,0.0,0.0554187192118227,0.0,Innenverteidiger,Innenverteidiger
57.9124579124579,87,15.1851851851852,63.0,1.01010101010101,0.774410774410774,10.0074074074074,0.101010101010101,0.0,0.0336700336700337,0.0336700336700337,Innenverteidiger,Innenverteidiger
56.4117647058824,89,12.5882352941176,63.0,0.264705882352941,1.14705882352941,10.2126470588235,0.0294117647058824,0.0588235294117647,0.117647058823529,0.0294117647058824,Innenverteidiger,Innenverteidiger
43.480251860332,82,14.2701774470521,63.0,0.721236405266171,0.927303949627934,10.2874069834001,0.0,0.0,0.0,0.0,Innenverteidiger,Innenverteidiger
65.8370436331256,89,12.8628673196794,63.0,0.681211041852182,0.961709706144256,10.1536509349955,0.0,0.0801424755120214,0.0400712377560107,0.0400712377560107,Innenverteidiger,Innenverteidiger
61.651376146789,80,20.1376146788991,63.0,0.73394495412844,0.596330275229358,10.1064220183486,0.18348623853211,0.091743119266055,0.091743119266055,0.0,Innenverteidiger,Innenverteidiger
44.6724023825281,82,12.4487094639312,63.0,1.13170086035738,0.893448047650563,10.5224354731966,0.0,0.0,0.0595632031767042,0.0,Innenverteidiger,Innenverteidiger
63.4444444444445,87,11.3333333333333,63.0,0.222222222222222,0.333333333333333,10.1455555555556,0.0,0.111111111111111,0.0,0.111111111111111,Innenverteidiger,Innenverteidiger
49.3823529411765,83,14.3529411764706,63.0,1.47058823529412,0.705882352941177,9.54264705882353,0.0882352941176471,0.117647058823529,0.0,0.0882352941176471,Innenverteidiger,Innenverteidiger
47.708066581306,79,17.6312419974392,64.0,0.806658130601793,0.345710627400768,10.5902688860435,0.0,0.0,0.0,0.0,Innenverteidiger,Innenverteidiger
34.0194610778443,87,24.8577844311377,64.0,1.88622754491018,1.41467065868263,10.8572604790419,0.269461077844311,0.0,0.0673652694610779,0.0673652694610779,Innenverteidiger,Defensives Mittelfeld
72.196261682243,93,14.018691588785,64.0,0.700934579439252,0.514018691588785,10.0859813084112,0.0,0.0467289719626168,0.0467289719626168,0.0467289719626168,Innenverteidiger,Innenverteidiger
31.1457521434139,81,25.0779423226812,64.0,2.13951675759938,1.75370226032736,10.0241621200312,0.0350740452065472,0.0,0.0350740452065472,0.0,Innenverteidiger,Innenverteidiger
34.4787168414559,86,21.0980876002468,64.0,2.27637260950031,1.22146822948797,10.7117211597779,0.0555212831585441,0.0,0.0555212831585441,0.0,Innenverteidiger,Innenverteidiger
48.6666666666667,86,9.6969696969697,64.0,0.454545454545455,0.666666666666667,10.280303030303,0.0303030303030303,0.0303030303030303,0.0,0.0,Innenverteidiger,Innenverteidiger
45.6875,88,18.5,64.0,1.09375,1.21875,9.9596875,0.0625,0.0625,0.0,0.0,Innenverteidiger,Innenverteidiger
43.1031714171016,88,16.258530710558,64.0,0.758731433159374,0.686471296668005,10.1948213568848,0.144520272982738,0.0722601364913689,0.0,0.0361300682456845,Innenverteidiger,Innenverteidiger
67.3803191489362,82,18.9095744680851,64.0,0.957446808510638,1.55585106382979,10.6300531914894,0.0,0.0,0.0,0.0,Innenverteidiger,Innenverteidiger
38.7467018469657,74,17.2955145118734,64.0,0.75197889182058,0.633245382585752,10.6476253298153,0.0395778364116095,0.079155672823219,0.0,0.0,Innenverteidiger,Innenverteidiger
22.5513307984791,65,17.6920152091255,64.0,1.6425855513308,1.47148288973384,9.15536121673004,0.0342205323193916,0.0,0.0342205323193916,0.0,Innenverteidiger,Innenverteidiger
81.4426229508197,91,12.0983606557377,64.0,0.800936768149883,1.13817330210773,9.16608899297424,0.0843091334894614,0.0421545667447307,0.0421545667447307,0.0,Innenverteidiger,Innenverteidiger
47.2424242424243,78,19.5757575757576,64.0,1.48484848484848,0.787878787878788,9.27909090909091,0.0606060606060606,0.0606060606060606,0.0909090909090909,0.0,Innenverteidiger,Innenverteidiger
37.2857142857143,81,14.6938775510204,64.0,0.673469387755102,0.857142857142857,11.1495918367347,0.0,0.0612244897959184,0.0,0.0,Aussenverteidiger,Aussenverteidiger
59.1260014566642,87,16.5185724690459,64.0,1.17989803350328,1.44209759650401,10.351310997815,0.032774945375091,0.0,0.0,0.032774945375091,Innenverteidiger,Innenverteidiger
44.6218487394958,84,19.3613445378151,64.0,1.05882352941176,0.302521008403361,10.1934453781513,0.0,0.151260504201681,0.0,0.0,Innenverteidiger,Aussenverteidiger
31.2328767123288,80,18.6472602739726,64.0,1.13013698630137,0.667808219178082,10.7681506849315,0.0513698630136986,0.0,0.0513698630136986,0.0,Innenverteidiger,Innenverteidiger
58.9811840293713,88,16.810463515374,64.0,1.07388710417623,0.784763653051859,10.3956402019275,0.0,0.0413033501606241,0.0,0.0,Innenverteidiger,Innenverteidiger
78.0081300813008,89,18.4552845528455,64.0,0.772357723577236,0.24390243902439,9.88739837398374,0.040650406504065,0.040650406504065,0.0,0.040650406504065,Innenverteidiger,Innenverteidiger
30.2178556172576,87,22.9132849209739,64.0,1.57624946604015,1.15335326783426,9.68163178129005,0.0,0.0384451089278086,0.0,0.115335326783426,Innenverteidiger,Innenverteidiger
37.4386406544997,85,19.0874764002517,64.0,1.30270610446822,0.79295154185022,10.9676526117055,0.0566393958464443,0.0,0.0,0.0566393958464443,Innenverteidiger,Innenverteidiger
49.0722822993739,88,20.3357996585088,64.0,1.3318155947638,0.358565737051793,10.0439385315879,0.0512236767216847,0.0,0.0,0.0,Innenverteidiger,Innenverteidiger
31.0402476780186,68,18.5015479876161,64.0,1.11455108359133,0.947368421052632,10.4249535603715,0.111455108359133,0.0,0.0,0.0,Innenverteidiger,Aussenverteidiger
28.7945413191812,62,17.7407126611069,64.0,1.22820318423048,1.0235026535254,8.90037907505686,0.0,0.0,0.0,0.136467020470053,Innenverteidiger,Innenverteidiger
79.4374393792435,89,13.2686711930165,64.0,0.872938894277401,1.83317167798254,10.5372453928225,0.0,0.17458777885548,0.0872938894277401,0.0,Aussenverteidiger,Aussenverteidiger
45.703125,85,14.8046875,64.0,0.390625,0.78125,10.6734375,0.0390625,0.078125,0.0,0.0,Innenverteidiger,Innenverteidiger
42.9946524064171,84,15.6256684491979,64.0,1.41176470588235,0.898395721925134,9.83935828877005,0.0,0.0,0.0,0.0,Innenverteidiger,Innenverteidiger
46.2458471760797,84,12.8571428571429,64.0,0.598006644518272,0.498338870431894,10.5508305647841,0.0,0.0996677740863787,0.0,0.0,Innenverteidiger,Innenverteidiger
76.9621621621622,90,11.772972972973,64.0,1.16756756756757,0.778378378378378,10.3611891891892,0.0972972972972973,0.0,0.0,0.0972972972972973,Innenverteidiger,Innenverteidiger
41.0,82,15.0,64.0,0.444444444444444,0.777777777777778,10.6311111111111,0.111111111111111,0.0,0.0,0.0,Innenverteidiger,Innenverteidiger
34.8194546794399,78,17.243920412675,64.0,0.79587324981577,1.52542372881356,9.87015475313191,0.132645541635962,0.0,0.0,0.0663227708179808,Innenverteidiger,Innenverteidiger
35.5454545454545,84,21.0909090909091,64.0,0.909090909090909,1.72727272727273,10.2027272727273,0.0,0.0,0.0,0.0,Innenverteidiger,Innenverteidiger
35.1,83,17.1642857142857,64.0,1.15714285714286,1.31785714285714,9.52457142857143,0.128571428571429,0.0321428571428571,0.0,0.0642857142857143,Innenverteidiger,Innenverteidiger
35.8038147138965,82,26.7302452316076,64.0,2.69754768392371,2.45231607629428,12.5901907356948,0.245231607629428,0.0,0.245231607629428,0.490463215258856,Defensives Mittelfeld,Defensives Mittelfeld
60.4722085587801,78,22.8430890309887,64.0,0.708312838170192,0.664043285784555,10.0181997048697,0.044269552385637,0.0,0.0,0.088539104771274,Innenverteidiger,Innenverteidiger
87.4,92,17.2,65.0,0.2,1.4,9.976,0.2,0.2,0.0,0.0,Innenverteidiger,Aussenverteidiger
36.345363179534,76,14.8012791228872,65.0,1.11009593421654,0.822293284604842,9.83462768387392,0.0411146642302421,0.0,0.0411146642302421,0.0,Innenverteidiger,Innenverteidiger
34.9342105263158,86,18.609022556391,65.0,1.18421052631579,1.09962406015038,10.0793233082707,0.0,0.0845864661654135,0.0845864661654135,0.0845864661654135,Innenverteidiger,Innenverteidiger
56.5022421524664,90,18.7668161434978,65.0,0.605381165919282,1.61434977578475,10.2491031390135,0.0,0.0,0.0,0.0,Innenverteidiger,Innenverteidiger
32.2869955156951,79,16.7488789237668,65.0,0.739910313901345,0.739910313901345,9.29798206278027,0.0,0.0,0.0,0.0,Innenverteidiger,Innenverteidiger
37.6279863481229,75,18.8907849829352,65.0,1.38225255972696,1.5358361774744,10.3837883959044,0.15358361774744,0.0,0.0,0.0,Innenverteidiger,Innenverteidiger
56.9117647058824,85,15.7058823529412,65.0,1.29411764705882,0.764705882352941,10.0432352941177,0.117647058823529,0.0294117647058824,0.0294117647058824,0.0294117647058824,Innenverteidiger,Innenverteidiger
84.3956043956044,88,13.7637362637363,65.0,0.618131868131868,0.370879120879121,9.53571428571429,0.0412087912087912,0.0824175824175824,0.0,0.0412087912087912,Innenverteidiger,Innenverteidiger
70.7335329341317,88,19.940119760479,65.0,1.75149700598802,1.88622754491018,10.2954341317365,0.0673652694610779,0.0,0.0,0.0,Defensives Mittelfeld,Innenverteidiger
88.8650163475012,86,13.4516581036899,65.0,1.13498365249883,0.462400747314339,9.88738907052779,0.0,0.0,0.0,0.0,Innenverteidiger,Innenverteidiger
45.4029850746269,80,18.2686567164179,65.0,0.134328358208955,2.28358208955224,11.1210447761194,0.134328358208955,0.26865671641791,0.0,0.0,Aussenverteidiger,Aussenverteidiger
37.6282404853833,84,15.5377826806398,65.0,1.29067843353558,0.893546607832322,9.961555432984,0.0496414782129068,0.0496414782129068,0.0,0.0496414782129068,Innenverteidiger,Innenverteidiger
46.5921787709497,76,15.4189944134078,65.0,0.502793296089386,1.34078212290503,10.2586592178771,0.0,0.0,0.0,0.0,Aussenverteidiger,Innenverteidiger
64.4043956043956,79,19.7406593406593,65.0,1.34505494505495,0.830769230769231,10.4273406593407,0.0395604395604396,0.0,0.0,0.0791208791208791,Innenverteidiger,Innenverteidiger
54.9077125906394,84,21.0316413974951,65.0,0.860250494396836,1.27554383651945,10.4633157547792,0.0889914304548451,0.0593276203032301,0.029663810151615,0.0593276203032301,Innenverteidiger,Innenverteidiger
40.630464795214,88,13.5020708697653,65.0,0.911182696732628,0.704095720202485,9.89710078232858,0.0,0.0,0.0414173953060285,0.0414173953060285,Innenverteidiger,Innenverteidiger
70.9322033898305,90,11.4406779661017,65.0,0.572033898305085,0.38135593220339,9.62733050847458,0.0,0.0,0.0,0.0,Innenverteidiger,Innenverteidiger
56.6681415929204,80,23.6946902654867,65.0,1.71238938053097,1.43362831858407,10.1759734513274,0.0,0.079646017699115,0.0,0.0398230088495575,Innenverteidiger,Innenverteidiger
57.5638686131387,84,24.2244525547445,66.0,2.70985401459854,0.985401459854015,11.2959854014599,0.246350364963504,0.0821167883211679,0.0,0.0,Innenverteidiger,Defensives Mittelfeld
30.7347504621072,88,23.2070240295749,66.0,1.24768946395564,1.9547134935305,10.0942236598891,0.124768946395564,0.0415896487985213,0.0,0.166358595194085,Innenverteidiger,Innenverteidiger
38.1759309228278,67,19.3308148947652,66.0,1.11710739341608,0.485698866702644,9.79363194819212,0.0,0.0485698866702644,0.0,0.0485698866702644,Innenverteidiger,Innenverteidiger
26.5555555555556,83,0.333333333333333,66.0,0.0,0.0,5.02,0.0,0.0,0.0,0.0,Torwart,Torwart
35.6164383561644,82,14.5205479452055,66.0,0.547945205479452,1.36986301369863,10.4931506849315,0.0,0.0,0.0,0.0,Innenverteidiger,Innenverteidiger
66.2221287336979,90,16.5082036180059,66.0,1.51451409339504,1.2494741270509,9.88864114429954,0.0378628523348759,0.0,0.0757257046697518,0.0,Innenverteidiger,Innenverteidiger
72.0782608695652,87,16.6695652173913,66.0,1.68260869565217,2.19130434782609,9.64017391304348,0.0391304347826087,0.0,0.0391304347826087,0.0391304347826087,Innenverteidiger,Innenverteidiger
41.6361071932299,80,15.8356840620592,66.0,1.17418899858956,0.698166431593794,10.2906558533145,0.0317348377997179,0.0,0.0,0.0,Innenverteidiger,Innenverteidiger
43.5625,86,15.4375,66.0,1.09375,0.5,10.2153125,0.09375,0.0,0.0,0.0625,Innenverteidiger,Innenverteidiger
40.0886194029851,83,18.0503731343284,66.0,1.38526119402985,0.671641791044776,9.87103544776119,0.0,0.0419776119402985,0.0,0.0,Innenverteidiger,Innenverteidiger
48.3333333333333,88,12.0,66.0,0.222222222222222,0.111111111111111,10.5188888888889,0.0,0.0,0.111111111111111,0.0,Innenverteidiger,Innenverteidiger
41.9954988747187,90,22.2130532633158,66.0,1.68792198049512,1.48537134283571,10.5360090022506,0.067516879219805,0.13503375843961,0.0,0.0,Innenverteidiger,Aussenverteidiger
70.3290613093176,88,10.2874956702459,66.0,0.498787668860409,0.654658815379287,10.2338759958434,0.0,0.0623484586075511,0.0311742293037755,0.0311742293037755,Innenverteidiger,Innenverteidiger
55.0053191489362,77,19.5797872340426,66.0,1.1968085106383,0.430851063829787,10.1326595744681,0.0,0.0,0.0957446808510638,0.0957446808510638,Innenverteidiger,Innenverteidiger
47.9166666666667,82,16.5833333333333,66.0,1.16666666666667,0.583333333333333,9.7125,0.0,0.0,0.0,0.0,Innenverteidiger,Innenverteidiger
45.0,78,14.7413793103448,66.0,0.997536945812808,0.665024630541872,10.4009852216749,0.0,0.0,0.0554187192118227,0.110837438423645,Innenverteidiger,Innenverteidiger
13.5,56,0.176470588235294,66.0,0.0,0.235294117647059,4.89,0.0,0.0,0.0,0.0,Torwart,Torwart
63.6373056994819,92,16.5699481865285,66.0,1.05699481865285,0.932642487046632,9.87761658031088,0.0310880829015544,0.0310880829015544,0.0,0.0,Innenverteidiger,Innenverteidiger
47.3636363636364,83,20.2121212121212,66.0,0.878787878787879,1.15151515151515,9.95454545454546,0.0606060606060606,0.0303030303030303,0.0,0.0303030303030303,Innenverteidiger,Innenverteidiger
75.6231454005935,92,16.1127596439169,66.0,0.890207715133531,1.11275964391691,10.2805637982196,0.0,0.0445103857566766,0.0,0.0,Innenverteidiger,Innenverteidiger
62.1668362156663,93,10.528992878942,66.0,1.00712105798576,0.824008138351984,9.59786368260427,0.0,0.0915564598168871,0.0,0.0,Aussenverteidiger,Innenverteidiger
46.875,78,25.25,66.0,1.1875,1.25,11.418125,0.0,0.0,0.0625,0.0625,Defensives Mittelfeld,Defensives Mittelfeld
45.9072580645161,85,20.1411290322581,67.0,1.63306451612903,2.35887096774194,10.9796370967742,0.0,0.0,0.0,0.0,Aussenverteidiger,Innenverteidiger
40.4262295081967,91,17.3114754098361,67.0,0.491803278688525,1.08196721311475,9.98360655737705,0.0983606557377049,0.0,0.0,0.0,Innenverteidiger,Innenverteidiger
55.1489361702128,85,13.3563829787234,67.0,0.622340425531915,1.53191489361702,9.88037234042553,0.0,0.0478723404255319,0.0,0.0,Innenverteidiger,Innenverteidiger
49.1666666666667,87,9.16666666666667,67.0,0.5,0.5,10.225,0.0,0.0,0.0,0.0,Innenverteidiger,Innenverteidiger
39.7930385700847,85,15.0282220131703,67.0,0.804327375352775,0.719661335841957,10.2898871119473,0.0846660395108184,0.0423330197554092,0.0,0.0423330197554092,Innenverteidiger,Innenverteidiger
38.820618556701,80,19.4845360824742,67.0,1.26185567010309,1.07628865979381,9.80944329896907,0.0,0.0371134020618557,0.0,0.111340206185567,Innenverteidiger,Innenverteidiger
39.1651274473587,83,19.4163280384189,67.0,1.36313261913557,0.930919837458441,9.40561507203546,0.132988548208349,0.0,0.0997414111562616,0.0997414111562616,Innenverteidiger,Innenverteidiger
39.7530864197531,89,13.5802469135802,67.0,1.11111111111111,1.11111111111111,10.3802469135802,0.0,0.0,0.0,0.0,Innenverteidiger,Innenverteidiger
90.366847826087,91,23.3559782608696,67.0,1.58967391304348,1.71195652173913,11.6767663043478,0.0,0.122282608695652,0.122282608695652,0.0,Zentrales Mittelfeld,Zentrales Mittelfeld
51.111497047586,83,19.3817297672803,67.0,1.25043417853421,0.812782216047239,9.02438346648142,0.0312608544633553,0.0625217089267107,0.125043417853421,0.093782563390066,Innenverteidiger,Innenverteidiger
18.3478260869565,59,1.21739130434783,67.0,0.0434782608695652,0.173913043478261,5.41478260869565,0.0,0.0,0.0,0.0,Torwart,Torwart
51.7728813559322,80,21.0813559322034,67.0,0.610169491525424,0.76271186440678,9.23064406779661,0.183050847457627,0.0610169491525424,0.0305084745762712,0.0,Innenverteidiger,Innenverteidiger
54.2624789680314,91,17.6163768928772,67.0,1.11048794167134,0.908581043185642,9.90201906898486,0.0,0.0,0.0,0.0,Innenverteidiger,Innenverteidiger
39.4874022589053,85,18.6880973066898,67.0,0.860121633362294,1.09470026064292,9.82102519548219,0.0,0.0,0.0,0.0781928757602085,Innenverteidiger,Innenverteidiger
46.0629921259843,79,14.3858267716535,67.0,0.637795275590551,0.425196850393701,10.4414173228346,0.0708661417322835,0.0,0.0,0.0708661417322835,Innenverteidiger,Innenverteidiger
45.5,84,12.3333333333333,67.0,0.666666666666667,0.666666666666667,10.7183333333333,0.0,0.0,0.0,0.0,Innenverteidiger,Innenverteidiger
63.9357429718876,87,14.8192771084337,67.0,0.843373493975904,0.843373493975904,10.2578313253012,0.0,0.0,0.0401606425702811,0.0803212851405623,Innenverteidiger,Innenverteidiger
39.2486444616576,87,18.1254841208366,67.0,1.32455460883036,0.69713400464756,8.90518977536793,0.0,0.0,0.0,0.0,Innenverteidiger,Innenverteidiger
58.5040797824116,82,17.8286491387126,67.0,0.775158658204896,0.85675430643699,10.0166817769719,0.0407978241160471,0.0407978241160471,0.0,0.0,Innenverteidiger,Innenverteidiger
81.5,94,12.375,68.0,0.625,0.25,10.55125,0.0,0.0,0.0,0.0,Innenverteidiger,Innenverteidiger
75.1642335766423,87,11.0036496350365,68.0,0.711678832116788,0.383211678832117,9.61368613138686,0.0,0.109489051094891,0.0,0.0547445255474453,Innenverteidiger,Innenverteidiger
83.6,88,9.0,68.0,0.4,1.0,9.996,0.0,0.0,0.0,0.0,Innenverteidiger,Innenverteidiger
45.1565217391304,84,23.2434782608696,68.0,2.2695652173913,1.8,10.4454782608696,0.156521739130435,0.0,0.0782608695652174,0.0,Innenverteidiger,Innenverteidiger
43.7939436129481,86,14.9738948833971,68.0,1.0024364775496,0.971110337626175,9.3759136790811,0.031326139923425,0.0,0.06265227984685,0.031326139923425,Innenverteidiger,Innenverteidiger
47.875,84,19.65625,68.0,1.0625,1.09375,10.173125,0.03125,0.03125,0.03125,0.09375,Innenverteidiger,Innenverteidiger
82.2867440929115,86,16.6519823788546,68.0,0.612735282338807,0.540648778534241,9.9378454144974,0.0360432519022827,0.0720865038045655,0.0360432519022827,0.0360432519022827,Innenverteidiger,Innenverteidiger
50.1639344262295,63,22.7868852459016,68.0,1.47540983606557,0.819672131147541,10.7803278688525,0.163934426229508,0.0,0.163934426229508,0.0,Aussenverteidiger,Aussenverteidiger
94.7922077922078,93,13.9090909090909,68.0,0.818181818181818,0.584415584415584,9.65805194805195,0.0,0.0,0.0,0.0,Innenverteidiger,Innenverteidiger
66.0885608856089,80,14.7785977859779,68.0,0.498154981549816,0.664206642066421,10.1424354243542,0.0,0.0,0.0,0.0,Innenverteidiger,Innenverteidiger
35.6962025316456,91,23.8481012658228,69.0,1.21518987341772,1.13924050632911,9.77924050632911,0.0,0.0,0.151898734177215,0.0759493670886076,Innenverteidiger,Innenverteidiger
18.3130948473909,68,0.974729241877256,69.0,0.0295372497538563,0.23629799803085,4.74161470298655,0.0,0.0,0.0,0.0,Torwart,Torwart
43.9958805355304,81,19.4026776519053,69.0,1.29763130792997,1.51390319258496,11.0508753861998,0.123583934088569,0.0,0.0,0.0617919670442842,Innenverteidiger,Aussenverteidiger
21.5172413793103,71,0.793103448275862,69.0,0.0344827586206897,0.0689655172413793,5.09862068965517,0.0,0.0,0.0,0.0,Torwart,Torwart
66.1084681255947,92,17.383444338725,70.0,1.11322549952426,0.599429115128449,9.83406279733587,0.0,0.0,0.171265461465271,0.171265461465271,Innenverteidiger,Innenverteidiger
54.5555555555556,89,22.2222222222222,70.0,1.22222222222222,1.77777777777778,9.21333333333333,0.333333333333333,0.0,0.0,0.111111111111111,Innenverteidiger,Innenverteidiger
50.4326328800989,89,14.5364647713226,70.0,0.556242274412855,0.852904820766378,10.429913473424,0.0,0.0741656365883807,0.0,0.0,Innenverteidiger,Innenverteidiger
40.3120879120879,88,17.6043956043956,71.0,0.90989010989011,1.10769230769231,9.42843956043956,0.158241758241758,0.0,0.0395604395604396,0.158241758241758,Innenverteidiger,Innenverteidiger
84.2920353982301,86,8.42920353982301,71.0,0.530973451327434,0.265486725663717,9.54756637168142,0.0,0.199115044247788,0.0,0.0,Innenverteidiger,Aussenverteidiger
42.6470588235294,89,14.7647058823529,72.0,0.911764705882353,0.5,8.8214705882353,0.0294117647058824,0.0588235294117647,0.0588235294117647,0.147058823529412,Innenverteidiger,Innenverteidiger
19.952380952381,76,0.523809523809524,72.0,0.0,0.142857142857143,5.78571428571429,0.0,0.0,0.0,0.0,Torwart,Torwart
48.234375,77,22.78125,72.0,1.546875,0.84375,10.81125,0.0,0.0,0.0,0.0,Innenverteidiger,Innenverteidiger
49.0013679890561,87,17.5444596443228,72.0,0.984952120383037,0.554035567715458,10.8997264021888,0.0,0.0,0.0,0.0615595075239398,Innenverteidiger,Innenverteidiger
15.2727272727273,61,1.36363636363636,73.0,0.0,0.272727272727273,4.96727272727273,0.0,0.0,0.0,0.0,Torwart,Torwart
22.7692307692308,68,1.15384615384615,73.0,0.0769230769230769,0.0769230769230769,5.79230769230769,0.0,0.0,0.0,0.0,Torwart,Torwart
27.0362903225806,57,2.72177419354839,73.0,0.0,0.544354838709677,6.04959677419355,0.0,0.0,0.0,0.0,Torwart,Torwart
14.9705882352941,59,1.02941176470588,74.0,0.0588235294117647,0.205882352941176,5.25117647058824,0.0,0.0,0.0,0.0,Torwart,Torwart
56.606334841629,84,14.486102133161,74.0,0.465416936005171,0.756302521008403,10.172850678733,0.0581771170006464,0.0,0.0,0.0,Innenverteidiger,Innenverteidiger
19.25,61,1.09375,74.0,0.03125,0.15625,6.29125,0.0,0.0,0.0,0.0,Torwart,Torwart
17.2727272727273,62,1.27272727272727,75.0,0.0,0.409090909090909,6.135,0.0,0.0,0.0,0.0,Torwart,Torwart
26.9117647058824,70,0.470588235294118,75.0,0.0,0.147058823529412,5.725,0.0,0.0,0.0,0.0,Torwart,Torwart
14.25,54,1.0,75.0,0.0,0.0,5.595,0.0,0.0,0.0,0.0,Torwart,Torwart
33.9298245614035,62,0.701754385964912,75.0,0.0,0.140350877192982,5.01543859649123,0.0,0.0,0.0,0.0,Torwart,Torwart
19.0322580645161,74,0.129032258064516,75.0,0.0,0.225806451612903,5.13096774193548,0.0,0.0,0.0,0.0,Torwart,Torwart
22.0944958597175,61,1.09595713589868,76.0,0.0,0.263029712615684,6.00058451047248,0.0,0.0,0.0,0.0,Torwart,Torwart
19.8125,67,0.40625,76.0,0.0625,0.125,5.243125,0.0,0.0,0.0,0.0,Torwart,Torwart
17.1764705882353,51,0.735294117647059,76.0,0.0294117647058824,0.176470588235294,5.05588235294118,0.0,0.0,0.0,0.0,Torwart,Torwart
24.7058823529412,74,0.617647058823529,76.0,0.0294117647058824,0.0882352941176471,5.48323529411765,0.0,0.0,0.0,0.0,Torwart,Torwart
22.2337278106509,61,1.19822485207101,77.0,0.0,0.133136094674556,4.25769230769231,0.0,0.0,0.0,0.0,Torwart,Torwart
17.0606060606061,68,0.272727272727273,77.0,0.0,0.242424242424242,5.44727272727273,0.0,0.0,0.0,0.0,Torwart,Torwart
21.4256269323257,57,1.11301958090003,77.0,0.061834421161113,0.185503263483339,5.34744074201305,0.0,0.0,0.0,0.0,Torwart,Torwart
